pair,key,region,size_bin,joint_above_original_background_diagnostic,joint_fraction,ray_energy_explained,line_shape_energy_explained,common_fraction,constant_l1,ray_l1,line_l1,dense_l1,constant_minus_dense_l1,ray_minus_dense_l1,line_minus_dense_l1
23,23-1:233:0,all,16to32,True,0.75390625,0.9676839389027845,0.9950623068430935,0.8515625,0.06425216794013977,0.06050609424710274,0.06566698849201202,0.06403670459985733,0.00021546334028244019,-0.003530610352754593,0.0016302838921546936
23,23-1:233:0,inner_half,16to32,True,0.75390625,0.9676839389027845,0.9950623068430935,0.953125,0.05765233188867569,0.06519648432731628,0.06622927635908127,0.06393652409315109,-0.006284192204475403,0.0012599602341651917,0.0022927522659301758
23,23-1:233:1,all,lt16,True,0.70703125,0.9807965951045446,0.9954426192144126,0.78515625,0.03958212956786156,0.04145181179046631,0.042300328612327576,0.04099838435649872,-0.0014162547886371613,0.00045342743396759033,0.0013019442558288574
23,23-1:233:1,inner_half,lt16,True,0.70703125,0.9807965951045446,0.9954426192144126,1.0,0.03697489947080612,0.033102236688137054,0.0332939438521862,0.030772492289543152,0.00620240718126297,0.0023297443985939026,0.002521451562643051
23,23-1:233:2,all,16to32,False,1.0,0.9984772225879394,0.8833182693830215,1.0,0.017506401985883713,0.01738779991865158,0.017447302117943764,0.017447292804718018,5.910918116569519e-05,-5.949288606643677e-05,9.313225746154785e-09
23,23-1:233:2,inner_half,16to32,False,1.0,0.9984772225879394,0.8833182693830215,1.0,0.019977901130914688,0.019758017733693123,0.01997464895248413,0.020093869417905807,-0.00011596828699111938,-0.00033585168421268463,-0.00011922046542167664
23,23-1:233:3,all,16to32,True,0.6328125,0.8840663387308538,0.9944097061154615,0.73828125,0.06485497951507568,0.043423496186733246,0.041777752339839935,0.04202670231461525,0.022828277200460434,0.0013967938721179962,-0.00024894997477531433
23,23-1:233:3,inner_half,16to32,True,0.6328125,0.8840663387308538,0.9944097061154615,0.921875,0.133220836520195,0.07114541530609131,0.06838196516036987,0.06602639704942703,0.06719443947076797,0.005119018256664276,0.0023555681109428406
23,23-1:233:12,all,16to32,False,1.0,0.9998964793800533,0.9941808172387842,1.0,0.020848847925662994,0.02016487717628479,0.020124951377511024,0.020307637751102448,0.0005412101745605469,-0.00014276057481765747,-0.00018268637359142303
23,23-1:233:12,inner_half,16to32,False,1.0,0.9998964793800533,0.9941808172387842,1.0,0.021298296749591827,0.020854737609624863,0.020854737609624863,0.021093910560011864,0.00020438618957996368,-0.00023917295038700104,-0.00023917295038700104
23,23-1:233:13,all,16to32,False,1.0,0.9851791359004384,0.8889309137414703,1.0,0.012817627750337124,0.01276114396750927,0.012697725556790829,0.012902796268463135,-8.51685181260109e-05,-0.00014165230095386505,-0.00020507071167230606
23,23-1:233:13,inner_half,16to32,False,1.0,0.9851791359004384,0.8889309137414703,1.0,0.015176590532064438,0.015288788825273514,0.015170309692621231,0.015527105890214443,-0.00035051535815000534,-0.0002383170649409294,-0.00035679619759321213
23,23-1:233:14,all,16to32,False,1.0,0.990402322699125,0.9836123726169179,1.0,0.0078694773837924,0.008114978671073914,0.007973918691277504,0.007998807355761528,-0.00012932997196912766,0.00011617131531238556,-2.4888664484024048e-05
23,23-1:233:14,inner_half,16to32,False,1.0,0.990402322699125,0.9836123726169179,1.0,0.009191359393298626,0.00954953022301197,0.009333794005215168,0.009343666024506092,-0.00015230663120746613,0.00020586419850587845,-9.872019290924072e-06
23,23-1:233:17,all,ge32,False,1.0,0.9935945414408871,0.9915693441900755,1.0,0.01315624825656414,0.013608796522021294,0.01364443451166153,0.01361205242574215,-0.00045580416917800903,-3.255903720855713e-06,3.238208591938019e-05
23,23-1:233:17,inner_half,ge32,False,1.0,0.9935945414408871,0.9915693441900755,1.0,0.0092552425339818,0.0093180937692523,0.009317196905612946,0.009317973628640175,-6.273109465837479e-05,1.2014061212539673e-07,-7.767230272293091e-07
23,23-1:233:18,all,ge32,False,1.0,0.9901221556144243,0.876829881134049,1.0,0.013853704556822777,0.0139862559735775,0.013806446455419064,0.013894283212721348,-4.0578655898571014e-05,9.197276085615158e-05,-8.783675730228424e-05
23,23-1:233:18,inner_half,ge32,False,1.0,0.9901221556144243,0.876829881134049,1.0,0.011662361212074757,0.012275086715817451,0.012374917045235634,0.012462359853088856,-0.0007999986410140991,-0.00018727313727140427,-8.74428078532219e-05
23,23-1:233:19,all,ge32,False,1.0,0.9979241635971591,0.8427901405289335,1.0,0.013290262781083584,0.013279435224831104,0.013164017349481583,0.01333562284708023,-4.536006599664688e-05,-5.6187622249126434e-05,-0.00017160549759864807
23,23-1:233:19,inner_half,ge32,False,1.0,0.9979241635971591,0.8427901405289335,1.0,0.01514106709510088,0.016002021729946136,0.01594337821006775,0.01610659621655941,-0.0009655291214585304,-0.00010457448661327362,-0.00016321800649166107
23,23-1:233:20,all,ge32,False,1.0,0.9706299054889529,0.9768246326019565,1.0,0.016340412199497223,0.01678708754479885,0.017223283648490906,0.01702231913805008,-0.0006819069385528564,-0.00023523159325122833,0.00020096451044082642
23,23-1:233:20,inner_half,ge32,False,1.0,0.9706299054889529,0.9768246326019565,1.0,0.016912320628762245,0.017053039744496346,0.01682659238576889,0.016673188656568527,0.00023913197219371796,0.0003798510879278183,0.00015340372920036316
23,23-1:233:21,all,ge32,False,1.0,0.9992200933229873,0.8909644697795028,1.0,0.011882178485393524,0.011786711402237415,0.011793209239840508,0.01182618085294962,5.599763244390488e-05,-3.946945071220398e-05,-3.2971613109111786e-05
23,23-1:233:21,inner_half,ge32,False,1.0,0.9992200933229873,0.8909644697795028,1.0,0.011508998461067677,0.01107088290154934,0.011093920096755028,0.011248581111431122,0.0002604173496365547,-0.00017769820988178253,-0.00015466101467609406
23,23-1:233:22,all,ge32,False,1.0,0.9143436578233393,0.956216297748154,1.0,0.017968617379665375,0.016979362815618515,0.017581231892108917,0.01738872192800045,0.0005798954516649246,-0.0004093591123819351,0.0001925099641084671
23,23-1:233:22,inner_half,ge32,False,1.0,0.9143436578233393,0.956216297748154,1.0,0.015898503363132477,0.015470719896256924,0.016333628445863724,0.01562406588345766,0.00027443747967481613,-0.000153345987200737,0.0007095625624060631
23,23-1:233:23,all,ge32,False,0.99609375,0.9976285844770717,0.9882405856095943,0.99609375,0.012984294444322586,0.011869112029671669,0.01187437865883112,0.011548587121069431,0.0014357073232531548,0.0003205249086022377,0.00032579153776168823
23,23-1:233:23,inner_half,ge32,False,0.99609375,0.9976285844770717,0.9882405856095943,1.0,0.009864818304777145,0.00904501136392355,0.009040344506502151,0.008939875289797783,0.0009249430149793625,0.00010513607412576675,0.00010046921670436859
23,23-1:233:24,all,ge32,True,0.734375,0.9994815654370627,0.9991981792028973,0.8203125,0.016285637393593788,0.022090639919042587,0.02167575992643833,0.02296239510178566,-0.006676757708191872,-0.0008717551827430725,-0.0012866351753473282
23,23-1:233:24,inner_half,ge32,True,0.734375,0.9994815654370627,0.9991981792028973,1.0,0.011529441922903061,0.01782645657658577,0.01784462481737137,0.017734501510858536,-0.006205059587955475,9.195506572723389e-05,0.00011012330651283264
23,23-1:233:25,all,ge32,True,0.703125,0.99974065154389,0.9984622989247802,0.76171875,0.04647497460246086,0.047127049416303635,0.04701242595911026,0.0478588305413723,-0.001383855938911438,-0.0007317811250686646,-0.0008464045822620392
23,23-1:233:25,inner_half,ge32,True,0.703125,0.99974065154389,0.9984622989247802,1.0,0.03824242949485779,0.030599717050790787,0.030588507652282715,0.03026282601058483,0.007979603484272957,0.0003368910402059555,0.0003256816416978836
23,23-1:233:26,all,16to32,True,0.73828125,0.9983325260230651,0.9867909929658609,0.796875,0.03830603137612343,0.039311379194259644,0.03929924964904785,0.04150141030550003,-0.003195378929376602,-0.002190031111240387,-0.002202160656452179
23,23-1:233:26,inner_half,16to32,True,0.73828125,0.9983325260230651,0.9867909929658609,1.0,0.05455627292394638,0.0568636879324913,0.05682443082332611,0.05796090140938759,-0.003404628485441208,-0.001097213476896286,-0.0011364705860614777
23,23-1:467:0,all,16to32,False,0.37109375,0.9989809576421557,0.9984671984823001,0.421875,0.09340866655111313,0.039439842104911804,0.04087387025356293,0.04003893584012985,0.053369730710983276,-0.0005990937352180481,0.000834934413433075
23,23-1:467:0,inner_half,16to32,False,0.37109375,0.9989809576421557,0.9984671984823001,0.46875,0.2249208390712738,0.05821168050169945,0.05855630338191986,0.05866029113531113,0.16626054793596268,-0.0004486106336116791,-0.00010398775339126587
23,23-1:467:1,all,16to32,True,0.515625,0.9996662362628495,0.9990039027043947,0.62109375,0.026654986664652824,0.031322114169597626,0.031329113990068436,0.03137830272316933,-0.004723316058516502,-5.618855357170105e-05,-4.918873310089111e-05
23,23-1:467:1,inner_half,16to32,True,0.515625,0.9996662362628495,0.9990039027043947,0.9375,0.030321475118398666,0.03499055281281471,0.034871216863393784,0.03428233787417412,-0.003960862755775452,0.0007082149386405945,0.0005888789892196655
23,23-1:467:2,all,lt16,False,1.0,0.9999510214227306,0.9041009252174661,1.0,0.033159174025058746,0.033282287418842316,0.03324222192168236,0.033235352486371994,-7.617846131324768e-05,4.6934932470321655e-05,6.8694353103637695e-06
23,23-1:467:2,inner_half,lt16,False,1.0,0.9999510214227306,0.9041009252174661,1.0,0.05409049242734909,0.05416156351566315,0.054094865918159485,0.05408869683742523,1.7955899238586426e-06,7.286667823791504e-05,6.16908073425293e-06
23,23-1:467:3,all,16to32,True,0.75,0.999184953064712,0.9996404704379581,0.76171875,0.027470260858535767,0.022512707859277725,0.022256944328546524,0.022607773542404175,0.004862487316131592,-9.506568312644958e-05,-0.00035082921385765076
23,23-1:467:3,inner_half,16to32,True,0.75,0.999184953064712,0.9996404704379581,0.8125,0.03164760023355484,0.02867696061730385,0.02846878580749035,0.02896234765648842,0.0026852525770664215,-0.0002853870391845703,-0.0004935618489980698
23,23-1:467:4,all,lt16,False,1.0,0.9390476649637575,0.9593118689750945,1.0,0.07923591881990433,0.07928317785263062,0.07928962260484695,0.07931298017501831,-7.706135511398315e-05,-2.9802322387695312e-05,-2.33575701713562e-05
23,23-1:467:4,inner_half,lt16,False,1.0,0.9390476649637575,0.9593118689750945,1.0,0.11479432880878448,0.11483891308307648,0.1146836206316948,0.11472870409488678,6.562471389770508e-05,0.00011020898818969727,-4.5083463191986084e-05
23,23-1:467:5,all,lt16,False,1.0,0.9999174919799098,0.9099852075677463,1.0,0.02991580218076706,0.029849886894226074,0.029817190021276474,0.029705699533224106,0.0002101026475429535,0.00014418736100196838,0.00011149048805236816
23,23-1:467:5,inner_half,lt16,False,1.0,0.9999174919799098,0.9099852075677463,1.0,0.04079687222838402,0.04063586890697479,0.040702465921640396,0.04064681753516197,0.0001500546932220459,-1.0948628187179565e-05,5.564838647842407e-05
23,23-1:467:9,all,16to32,False,1.0,0.9993959188289073,0.9397292183778765,1.0,0.018718790262937546,0.018798276782035828,0.01870383508503437,0.018975326791405678,-0.000256536528468132,-0.00017705000936985016,-0.0002714917063713074
23,23-1:467:9,inner_half,16to32,False,1.0,0.9993959188289073,0.9397292183778765,1.0,0.023257147520780563,0.02314082160592079,0.02293948456645012,0.02351301535964012,-0.0002558678388595581,-0.00037219375371932983,-0.0005735307931900024
23,23-1:467:10,all,16to32,False,1.0,0.9578782286758252,0.9886677901138369,1.0,0.016588665544986725,0.018085021525621414,0.01763645000755787,0.01752764917910099,-0.0009389836341142654,0.0005573723465204239,0.00010880082845687866
23,23-1:467:10,inner_half,16to32,False,1.0,0.9578782286758252,0.9886677901138369,1.0,0.01716069132089615,0.01950378715991974,0.019417479634284973,0.01879284717142582,-0.0016321558505296707,0.0007109399884939194,0.0006246324628591537
23,23-1:467:11,all,16to32,False,1.0,0.9994073552205354,0.9470208498458764,1.0,0.02116323634982109,0.0215445626527071,0.021560344845056534,0.02136802114546299,-0.0002047847956418991,0.0001765415072441101,0.000192323699593544
23,23-1:467:11,inner_half,16to32,False,1.0,0.9994073552205354,0.9470208498458764,1.0,0.02134084329009056,0.021434353664517403,0.021288525313138962,0.021411333233118057,-7.048994302749634e-05,2.3020431399345398e-05,-0.00012280791997909546
23,23-1:467:12,all,16to32,False,1.0,0.998794696574424,0.9848347343480558,1.0,0.015797292813658714,0.01580806076526642,0.01597914844751358,0.01580916903913021,-1.1876225471496582e-05,-1.1082738637924194e-06,0.00016997940838336945
23,23-1:467:12,inner_half,16to32,False,1.0,0.998794696574424,0.9848347343480558,1.0,0.01684378832578659,0.01714318059384823,0.017165321856737137,0.017101015895605087,-0.0002572275698184967,4.2164698243141174e-05,6.430596113204956e-05
23,23-1:467:13,all,lt16,False,1.0,0.999907560207278,0.9760396649356267,1.0,0.014507850632071495,0.014140259474515915,0.01414732076227665,0.01419597864151001,0.0003118719905614853,-5.571916699409485e-05,-4.865787923336029e-05
23,23-1:467:13,inner_half,lt16,False,1.0,0.999907560207278,0.9760396649356267,1.0,0.017702367156744003,0.01722748950123787,0.01719900593161583,0.01727847196161747,0.0004238951951265335,-5.0982460379600525e-05,-7.946603000164032e-05
23,23-1:467:14,all,16to32,False,1.0,0.9987032789741527,0.9876227851289433,1.0,0.015418816357851028,0.014979789033532143,0.015080416575074196,0.015020502731204033,0.00039831362664699554,-4.071369767189026e-05,5.9913843870162964e-05
23,23-1:467:14,inner_half,16to32,False,1.0,0.9987032789741527,0.9876227851289433,1.0,0.0137700866907835,0.013623285107314587,0.013642833568155766,0.013609722256660461,0.00016036443412303925,1.3562850654125214e-05,3.311131149530411e-05
23,23-1:467:15,all,lt16,False,1.0,0.9999227511420798,0.9810694719696808,1.0,0.013491202145814896,0.013736415654420853,0.013735717162489891,0.013565482571721077,-7.428042590618134e-05,0.0001709330826997757,0.0001702345907688141
23,23-1:467:15,inner_half,lt16,False,1.0,0.9999227511420798,0.9810694719696808,1.0,0.01350821927189827,0.013944558799266815,0.013938934542238712,0.013708436861634254,-0.0002002175897359848,0.00023612193763256073,0.00023049768060445786
23,23-1:467:20,all,ge32,False,1.0,0.9968897283978432,0.9519868674324139,1.0,0.013666540384292603,0.014050708152353764,0.013927909545600414,0.013977229595184326,-0.00031068921089172363,7.347855716943741e-05,-4.9320049583911896e-05
23,23-1:467:20,inner_half,ge32,False,1.0,0.9968897283978432,0.9519868674324139,1.0,0.012734965421259403,0.012776033952832222,0.012792710214853287,0.012828055769205093,-9.309034794569016e-05,-5.20218163728714e-05,-3.534555435180664e-05
23,23-1:467:21,all,ge32,True,0.82421875,0.9998254612967021,0.9991163940775056,0.8671875,0.016532044857740402,0.01733122393488884,0.017432693392038345,0.017151150852441788,-0.0006191059947013855,0.000180073082447052,0.0002815425395965576
23,23-1:467:21,inner_half,ge32,True,0.82421875,0.9998254612967021,0.9991163940775056,1.0,0.008601527661085129,0.00849191378802061,0.008497698232531548,0.008194058202207088,0.0004074694588780403,0.00029785558581352234,0.0003036400303244591
23,23-1:467:22,all,ge32,False,1.0,0.9993733956655049,0.8907228905601752,1.0,0.007904555648565292,0.00799946952611208,0.0079612722620368,0.008054745383560658,-0.00015018973499536514,-5.527585744857788e-05,-9.347312152385712e-05
23,23-1:467:22,inner_half,ge32,False,1.0,0.9993733956655049,0.8907228905601752,1.0,0.005126733332872391,0.0049726516008377075,0.0049774376675486565,0.004893605597317219,0.00023312773555517197,7.904600352048874e-05,8.383207023143768e-05
23,23-1:467:23,all,ge32,False,1.0,0.9776189601423689,0.9041527567441152,1.0,0.016292566433548927,0.015068980865180492,0.015111412853002548,0.014806415885686874,0.001486150547862053,0.000262564979493618,0.00030499696731567383
23,23-1:467:23,inner_half,ge32,False,1.0,0.9776189601423689,0.9041527567441152,1.0,0.009840315207839012,0.009969804435968399,0.00997365452349186,0.009989511221647263,-0.00014919601380825043,-1.9706785678863525e-05,-1.5856698155403137e-05
23,23-1:467:24,all,ge32,False,1.0,0.9960368333937849,0.9067001622478765,1.0,0.013153426349163055,0.013438594527542591,0.013342015445232391,0.013309593312442303,-0.00015616696327924728,0.0001290012151002884,3.2422132790088654e-05
23,23-1:467:24,inner_half,ge32,False,1.0,0.9960368333937849,0.9067001622478765,1.0,0.01191825419664383,0.011277182027697563,0.01132078468799591,0.01127911638468504,0.0006391378119587898,-1.934356987476349e-06,4.1668303310871124e-05
23,23-1:467:25,all,ge32,False,1.0,0.869407694003782,0.7606490132160302,1.0,0.018431223928928375,0.018260419368743896,0.018372714519500732,0.01824360340833664,0.00018762052059173584,1.681596040725708e-05,0.00012911111116409302
23,23-1:467:25,inner_half,ge32,False,1.0,0.869407694003782,0.7606490132160302,1.0,0.014672012999653816,0.014696127735078335,0.014690781943500042,0.014574755914509296,9.72570851445198e-05,0.00012137182056903839,0.00011602602899074554
23,23-1:467:26,all,16to32,False,1.0,0.9992271009537735,0.7837772016527434,1.0,0.012325388379395008,0.012248336337506771,0.012250459752976894,0.012120342813432217,0.00020504556596279144,0.00012799352407455444,0.00013011693954467773
23,23-1:467:26,inner_half,16to32,False,1.0,0.9992271009537735,0.7837772016527434,1.0,0.01161738857626915,0.011616391129791737,0.011640964075922966,0.011620122008025646,-2.7334317564964294e-06,-3.730878233909607e-06,2.0842067897319794e-05
23,23-1:467:27,all,ge32,False,1.0,0.9447420807637252,0.8514753928930181,1.0,0.015227435156702995,0.014825333841145039,0.01490334328263998,0.015198050998151302,2.9384158551692963e-05,-0.00037271715700626373,-0.000294707715511322
23,23-1:467:27,inner_half,ge32,False,1.0,0.9447420807637252,0.8514753928930181,1.0,0.005499465391039848,0.005721265450119972,0.005817585624754429,0.005684562958776951,-0.0001850975677371025,3.670249134302139e-05,0.00013302266597747803
23,23-1:467:28,all,ge32,True,0.76171875,0.9997863819064073,0.9970099724031254,0.77734375,0.016587795689702034,0.01086324080824852,0.010856980457901955,0.011312383227050304,0.00527541246265173,-0.0004491424188017845,-0.00045540276914834976
23,23-1:467:28,inner_half,ge32,True,0.76171875,0.9997863819064073,0.9970099724031254,1.0,0.0067165386863052845,0.005743345711380243,0.005747594404965639,0.0075111533515155315,-0.000794614665210247,-0.0017678076401352882,-0.0017635589465498924
23,23-1:467:29,all,ge32,False,1.0,0.9985462075622352,0.9147236863384074,1.0,0.012283027172088623,0.012517109513282776,0.012532881461083889,0.012548455037176609,-0.000265427865087986,-3.134552389383316e-05,-1.5573576092720032e-05
23,23-1:467:29,inner_half,ge32,False,1.0,0.9985462075622352,0.9147236863384074,1.0,0.007024991326034069,0.006884925998747349,0.006883729249238968,0.006883729249238968,0.00014126207679510117,1.1967495083808899e-06,0.0
23,23-1:467:30,all,16to32,False,1.0,0.9990600491465123,0.9532904261315494,1.0,0.01076343934983015,0.01107046939432621,0.010985379107296467,0.01108694076538086,-0.00032350141555070877,-1.6471371054649353e-05,-0.00010156165808439255
23,23-1:467:30,inner_half,16to32,False,1.0,0.9990600491465123,0.9532904261315494,1.0,0.004826925694942474,0.004991142079234123,0.004819685593247414,0.004918497987091541,-9.157229214906693e-05,7.264409214258194e-05,-9.881239384412766e-05
23,23-1:467:31,all,16to32,False,0.8125,0.9997402941688172,0.8706835611799683,0.8984375,0.014606266282498837,0.014651051722466946,0.01466474961489439,0.014663312584161758,-5.7046301662921906e-05,-1.2260861694812775e-05,1.4370307326316833e-06
23,23-1:467:31,inner_half,16to32,False,0.8125,0.9997402941688172,0.8706835611799683,1.0,0.016698341816663742,0.016758879646658897,0.01676308922469616,0.016765721142292023,-6.737932562828064e-05,-6.841495633125305e-06,-2.6319175958633423e-06
23,23-1:467:32,all,ge32,False,1.0,0.8898498879970742,0.9712307619403368,1.0,0.011073391884565353,0.009847942739725113,0.010202037170529366,0.010127831250429153,0.0009455606341362,-0.00027988851070404053,7.42059201002121e-05
23,23-1:467:32,inner_half,ge32,False,1.0,0.8898498879970742,0.9712307619403368,1.0,0.004951647482812405,0.004743029363453388,0.00501035014167428,0.005005223676562309,-5.357619374990463e-05,-0.00026219431310892105,5.1264651119709015e-06
23,23-1:467:33,all,16to32,False,0.8828125,0.9994321476660145,0.9960110550820424,0.94140625,0.018001431599259377,0.01729349046945572,0.017382865771651268,0.018038896843791008,-3.746524453163147e-05,-0.000745406374335289,-0.00065603107213974
23,23-1:467:33,inner_half,16to32,False,0.8828125,0.9994321476660145,0.9960110550820424,1.0,0.024889197200536728,0.018323075026273727,0.0182313434779644,0.01822918839752674,0.006660008803009987,9.388662874698639e-05,2.1550804376602173e-06
23,23-1:467:34,all,16to32,False,1.0,0.9982146349614498,0.988736179460285,1.0,0.013712390325963497,0.013775529339909554,0.013822827488183975,0.01378944143652916,-7.705111056566238e-05,-1.3912096619606018e-05,3.3386051654815674e-05
23,23-1:467:34,inner_half,16to32,False,1.0,0.9982146349614498,0.988736179460285,1.0,0.013282706961035728,0.01297178864479065,0.012860806658864021,0.012950284406542778,0.00033242255449295044,2.15042382478714e-05,-8.947774767875671e-05
23,23-1:467:35,all,16to32,False,1.0,0.9995664258784929,0.9614255277090543,1.0,0.014194712974131107,0.014286045916378498,0.014178012497723103,0.014206052757799625,-1.1339783668518066e-05,7.999315857887268e-05,-2.8040260076522827e-05
23,23-1:467:35,inner_half,16to32,False,1.0,0.9995664258784929,0.9614255277090543,1.0,0.013234536163508892,0.013466708362102509,0.01351126842200756,0.013518927618861198,-0.00028439145535230637,-5.221925675868988e-05,-7.659196853637695e-06
23,23-1:467:36,all,ge32,False,1.0,0.9984888272810611,0.8966062399235676,1.0,0.01665816828608513,0.016592541709542274,0.016498515382409096,0.016507761552929878,0.00015040673315525055,8.478015661239624e-05,-9.24617052078247e-06
23,23-1:467:36,inner_half,ge32,False,1.0,0.9984888272810611,0.8966062399235676,1.0,0.010918707586824894,0.011207770556211472,0.01062893308699131,0.010834679007530212,8.402857929468155e-05,0.00037309154868125916,-0.00020574592053890228
23,23-1:467:37,all,16to32,False,0.6875,0.9997117725772523,0.8834311317254366,0.875,0.015413993038237095,0.015167937614023685,0.015183876268565655,0.015222446992993355,0.00019154604524374008,-5.450937896966934e-05,-3.857072442770004e-05
23,23-1:467:37,inner_half,16to32,False,0.6875,0.9997117725772523,0.8834311317254366,1.0,0.015830785036087036,0.015556843020021915,0.015564382076263428,0.01556186843663454,0.0002689165994524956,-5.025416612625122e-06,2.5136396288871765e-06
23,23-1:467:38,all,16to32,False,0.75,0.9972929964062129,0.9129080220599008,0.875,0.011700115166604519,0.011927129700779915,0.011884326115250587,0.011979475617408752,-0.00027936045080423355,-5.2345916628837585e-05,-9.514950215816498e-05
23,23-1:467:38,inner_half,16to32,False,0.75,0.9972929964062129,0.9129080220599008,1.0,0.013304747641086578,0.013790913857519627,0.013917410746216774,0.013971605338156223,-0.0006668576970696449,-0.00018069148063659668,-5.419459193944931e-05
23,23-1:467:39,all,lt16,False,0.625,0.9997138872379306,0.864277849695937,0.75,0.01326008141040802,0.013224775902926922,0.013204279355704784,0.013217714615166187,4.236679524183273e-05,7.061287760734558e-06,-1.3435259461402893e-05
23,23-1:467:39,inner_half,lt16,False,0.625,0.9997138872379306,0.864277849695937,1.0,0.016895946115255356,0.016706958413124084,0.016699617728590965,0.016703447327017784,0.00019249878823757172,3.511086106300354e-06,-3.829598426818848e-06
23,23-2:233:0,all,16to32,False,0.4609375,0.7928456466507943,0.9929355699475346,0.4921875,0.048086438328027725,0.11082773655653,0.05187798663973808,0.0469195730984211,0.0011668652296066284,0.0639081634581089,0.004958413541316986
23,23-2:233:0,inner_half,16to32,False,0.4609375,0.7928456466507943,0.9929355699475346,0.8125,0.045239534229040146,0.15514613687992096,0.0519607737660408,0.04874900355935097,-0.0035094693303108215,0.10639713332056999,0.0032117702066898346
23,23-2:233:1,all,lt16,False,1.0,0.99367904518093,0.8388298556686384,1.0,0.026016639545559883,0.025708600878715515,0.025673408061265945,0.025675196200609207,0.00034144334495067596,3.3404678106307983e-05,-1.7881393432617188e-06
23,23-2:233:1,inner_half,lt16,False,1.0,0.99367904518093,0.8388298556686384,1.0,0.023748043924570084,0.023415181785821915,0.023393820971250534,0.02357223816215992,0.00017580576241016388,-0.00015705637633800507,-0.00017841719090938568
23,23-2:233:2,all,16to32,False,0.71484375,0.7801050281468134,0.9957677251189097,0.73046875,0.06915014982223511,0.09922907501459122,0.06621930748224258,0.06621699780225754,0.0029331520199775696,0.03301207721233368,2.3096799850463867e-06
23,23-2:233:2,inner_half,16to32,False,0.71484375,0.7801050281468134,0.9957677251189097,1.0,0.059394411742687225,0.10175055265426636,0.05621613562107086,0.05702245235443115,0.002371959388256073,0.044728100299835205,-0.0008063167333602905
23,23-2:233:3,all,16to32,False,0.70703125,0.8699100311938865,0.9986887671410013,0.70703125,0.06895517557859421,0.09234705567359924,0.07107534259557724,0.0717834010720253,-0.0028282254934310913,0.020563654601573944,-0.0007080584764480591
23,23-2:233:3,inner_half,16to32,False,0.70703125,0.8699100311938865,0.9986887671410013,0.71875,0.08877788484096527,0.1209658607840538,0.08520486205816269,0.08268414437770844,0.006093740463256836,0.03828171640634537,0.002520717680454254
23,23-2:233:4,all,16to32,False,1.0,0.9193164729292688,0.9885802477186928,1.0,0.033318422734737396,0.03118705190718174,0.03215622901916504,0.032183628529310226,0.0011347942054271698,-0.0009965766221284866,-2.7399510145187378e-05
23,23-2:233:4,inner_half,16to32,False,1.0,0.9193164729292688,0.9885802477186928,1.0,0.034780532121658325,0.03465982526540756,0.03655200079083443,0.03638698533177376,-0.0016064532101154327,-0.0017271600663661957,0.00016501545906066895
23,23-2:233:8,all,16to32,False,1.0,0.9317853579838797,0.9715157433894795,1.0,0.017674515023827553,0.017453834414482117,0.017636921256780624,0.017654618248343468,1.9896775484085083e-05,-0.000200783833861351,-1.7696991562843323e-05
23,23-2:233:8,inner_half,16to32,False,1.0,0.9317853579838797,0.9715157433894795,1.0,0.020306970924139023,0.019708707928657532,0.020244982093572617,0.020214702934026718,9.226799011230469e-05,-0.0005059950053691864,3.0279159545898438e-05
23,23-2:233:9,all,lt16,False,1.0,0.9982429171490701,0.9723319273028163,1.0,0.012310406193137169,0.012054438702762127,0.012031136080622673,0.012006542645394802,0.0003038635477423668,4.789605736732483e-05,2.459343522787094e-05
23,23-2:233:9,inner_half,lt16,False,1.0,0.9982429171490701,0.9723319273028163,1.0,0.014179426245391369,0.014292361214756966,0.01404125802218914,0.014061782509088516,0.00011764373630285263,0.0002305787056684494,-2.0524486899375916e-05
23,23-2:233:10,all,lt16,False,1.0,0.9977274576393131,0.9599858097366889,1.0,0.018084559589624405,0.017768822610378265,0.017852535471320152,0.017874347046017647,0.00021021254360675812,-0.00010552443563938141,-2.1811574697494507e-05
23,23-2:233:10,inner_half,lt16,False,1.0,0.9977274576393131,0.9599858097366889,1.0,0.019190073013305664,0.01907157525420189,0.01893582195043564,0.01894804835319519,0.00024202466011047363,0.0001235269010066986,-1.2226402759552002e-05
23,23-2:233:11,all,ge32,False,1.0,0.7571014625001028,0.9087661278089565,1.0,0.009282186627388,0.009329717606306076,0.009425848722457886,0.009586973115801811,-0.00030478648841381073,-0.00025725550949573517,-0.00016112439334392548
23,23-2:233:11,inner_half,ge32,False,1.0,0.7571014625001028,0.9087661278089565,1.0,0.00932333990931511,0.009084822610020638,0.009181782603263855,0.009192133322358131,0.00013120658695697784,-0.0001073107123374939,-1.0350719094276428e-05
23,23-2:233:12,all,ge32,False,1.0,0.856427167540726,0.8535296186088741,1.0,0.01137017272412777,0.011163858696818352,0.011274520307779312,0.011409295722842216,-3.912299871444702e-05,-0.00024543702602386475,-0.00013477541506290436
23,23-2:233:12,inner_half,ge32,False,1.0,0.856427167540726,0.8535296186088741,1.0,0.011898765340447426,0.01165974885225296,0.01191565953195095,0.011824985966086388,7.377937436103821e-05,-0.00016523711383342743,9.067356586456299e-05
23,23-2:233:13,all,ge32,False,1.0,0.9760423641079047,0.9430412377430266,1.0,0.012932948768138885,0.01292368583381176,0.012864161282777786,0.013040592893958092,-0.00010764412581920624,-0.00011690706014633179,-0.00017643161118030548
23,23-2:233:13,inner_half,ge32,False,1.0,0.9760423641079047,0.9430412377430266,1.0,0.012176331132650375,0.013560016639530659,0.013236291706562042,0.013856634497642517,-0.0016803033649921417,-0.00029661785811185837,-0.0006203427910804749
23,23-2:233:14,all,ge32,False,1.0,0.8935571249165427,0.9545991749678583,1.0,0.011085959151387215,0.011036359705030918,0.01090354286134243,0.011134224012494087,-4.826486110687256e-05,-9.78643074631691e-05,-0.0002306811511516571
23,23-2:233:14,inner_half,ge32,False,1.0,0.8935571249165427,0.9545991749678583,1.0,0.011044930666685104,0.011000094935297966,0.010943322442471981,0.012074548751115799,-0.0010296180844306946,-0.001074453815817833,-0.001131226308643818
23,23-2:233:15,all,ge32,False,1.0,0.9968057791381089,0.9956353030842123,1.0,0.012604933232069016,0.013091238215565681,0.013134526088833809,0.013104353100061417,-0.0004994198679924011,-1.3114884495735168e-05,3.0172988772392273e-05
23,23-2:233:15,inner_half,ge32,False,1.0,0.9968057791381089,0.9956353030842123,1.0,0.018678713589906693,0.018297620117664337,0.01805318146944046,0.018006667494773865,0.0006720460951328278,0.0002909526228904724,4.651397466659546e-05
23,23-2:233:16,all,ge32,False,1.0,0.7869489044053306,0.9596564878324252,1.0,0.012373711913824081,0.012299192138016224,0.012235518544912338,0.012212926521897316,0.00016078539192676544,8.626561611890793e-05,2.2592023015022278e-05
23,23-2:233:16,inner_half,ge32,False,1.0,0.7869489044053306,0.9596564878324252,1.0,0.00997021421790123,0.009756868705153465,0.009897568263113499,0.009671959094703197,0.0002982551231980324,8.490961045026779e-05,0.0002256091684103012
23,23-2:233:17,all,ge32,False,1.0,0.9171102976486852,0.834073806092253,1.0,0.00840624701231718,0.008511064574122429,0.008535807020962238,0.00855094101279974,-0.0001446940004825592,-3.9876438677310944e-05,-1.5133991837501526e-05
23,23-2:233:17,inner_half,ge32,False,1.0,0.9171102976486852,0.834073806092253,1.0,0.006836297456175089,0.006936526857316494,0.006829355843365192,0.006778853014111519,5.744444206357002e-05,0.00015767384320497513,5.0502829253673553e-05
23,23-2:233:18,all,ge32,False,1.0,0.5316110160296257,0.8092773197881953,1.0,0.0135478051379323,0.01328882947564125,0.01337520033121109,0.01331055536866188,0.00023724976927042007,-2.1725893020629883e-05,6.46449625492096e-05
23,23-2:233:18,inner_half,ge32,False,1.0,0.5316110160296257,0.8092773197881953,1.0,0.014474227093160152,0.013919686898589134,0.014327682554721832,0.014373102225363255,0.00010112486779689789,-0.00045341532677412033,-4.541967064142227e-05
23,23-2:233:19,all,ge32,False,0.765625,0.9992043277965725,0.9995419507363797,0.796875,0.03421706333756447,0.036712463945150375,0.036865632981061935,0.03766149282455444,-0.003444429486989975,-0.000949028879404068,-0.0007958598434925079
23,23-2:233:19,inner_half,ge32,False,0.765625,0.9992043277965725,0.9995419507363797,1.0,0.04320593178272247,0.039188265800476074,0.03911542147397995,0.04093281179666519,0.0022731199860572815,-0.0017445459961891174,-0.0018173903226852417
23,23-2:233:20,all,ge32,False,1.0,0.9570570398041484,0.9334500089080509,1.0,0.010006893426179886,0.010006420314311981,0.00996440276503563,0.010036138817667961,-2.9245391488075256e-05,-2.971850335597992e-05,-7.173605263233185e-05
23,23-2:233:20,inner_half,ge32,False,1.0,0.9570570398041484,0.9334500089080509,1.0,0.007382681593298912,0.007646488957107067,0.007649759761989117,0.007668309845030308,-0.0002856282517313957,-2.182088792324066e-05,-1.85500830411911e-05
23,23-2:233:21,all,ge32,False,1.0,0.8348132493456784,0.9443010710328809,1.0,0.01145399734377861,0.011753144674003124,0.011310940608382225,0.011379620060324669,7.437728345394135e-05,0.00037352461367845535,-6.867945194244385e-05
23,23-2:233:21,inner_half,ge32,False,1.0,0.8348132493456784,0.9443010710328809,1.0,0.010386593639850616,0.010566964745521545,0.01046563871204853,0.010351946577429771,3.464706242084503e-05,0.000215018168091774,0.00011369213461875916
23,23-2:233:22,all,ge32,False,0.8203125,0.9998888962888058,0.9989077036600345,0.86328125,0.01202524546533823,0.01373952068388462,0.013789966702461243,0.014230946078896523,-0.0022057006135582924,-0.0004914253950119019,-0.00044097937643527985
23,23-2:233:22,inner_half,ge32,False,0.8203125,0.9998888962888058,0.9989077036600345,1.0,0.01087409257888794,0.010630350559949875,0.010630350559949875,0.010910313576459885,-3.622099757194519e-05,-0.00027996301651000977,-0.00027996301651000977
23,23-2:467:0,all,16to32,True,0.640625,0.9998849969547184,0.9996331920985525,0.65625,0.05042392760515213,0.04389440268278122,0.043908052146434784,0.04569516330957413,0.004728764295578003,-0.0018007606267929077,-0.0017871111631393433
23,23-2:467:0,inner_half,16to32,True,0.640625,0.9998849969547184,0.9996331920985525,0.9375,0.07060795277357101,0.051931336522102356,0.051938656717538834,0.052942004054784775,0.01766594871878624,-0.0010106675326824188,-0.0010033473372459412
23,23-2:467:1,all,16to32,True,0.765625,0.9999219869297693,0.9992785655751534,0.78515625,0.023843400180339813,0.023297563195228577,0.023295339196920395,0.023355422541499138,0.00048797763884067535,-5.785934627056122e-05,-6.008334457874298e-05
23,23-2:467:1,inner_half,16to32,True,0.765625,0.9999219869297693,0.9992785655751534,0.96875,0.030909446999430656,0.03054632991552353,0.03050529584288597,0.027809981256723404,0.0030994657427072525,0.002736348658800125,0.002695314586162567
23,23-2:467:2,all,16to32,True,0.68359375,0.9999338471298468,0.9997765417479606,0.78515625,0.02272898145020008,0.02227158285677433,0.02227906510233879,0.022199612110853195,0.0005293693393468857,7.197074592113495e-05,7.94529914855957e-05
23,23-2:467:2,inner_half,16to32,True,0.68359375,0.9999338471298468,0.9997765417479606,0.90625,0.029923291876912117,0.028761690482497215,0.028761690482497215,0.028260624036192894,0.001662667840719223,0.0005010664463043213,0.0005010664463043213
23,23-2:467:3,all,16to32,True,0.8125,0.9530232424406717,0.997329216013298,0.90234375,0.08619986474514008,0.04549679160118103,0.04624957963824272,0.04685526713728905,0.03934459760785103,-0.001358475536108017,-0.0006056874990463257
23,23-2:467:3,inner_half,16to32,True,0.8125,0.9530232424406717,0.997329216013298,0.953125,0.14703874289989471,0.06689021736383438,0.0662652924656868,0.06654133647680283,0.08049740642309189,0.0003488808870315552,-0.00027604401111602783
23,23-2:467:4,all,16to32,True,0.765625,0.9999181877863961,0.999007878454764,0.8359375,0.021230299025774002,0.022877516224980354,0.022960400208830833,0.022847361862659454,-0.0016170628368854523,3.0154362320899963e-05,0.00011303834617137909
23,23-2:467:4,inner_half,16to32,True,0.765625,0.9999181877863961,0.999007878454764,1.0,0.024638773873448372,0.02352767437696457,0.023848168551921844,0.024702301248908043,-6.352737545967102e-05,-0.0011746268719434738,-0.0008541326969861984
23,23-2:467:7,all,16to32,False,1.0,0.9951808777380475,0.9849456798686063,1.0,0.0188145749270916,0.01841900497674942,0.018195506185293198,0.018138177692890167,0.0006763972342014313,0.00028082728385925293,5.7328492403030396e-05
23,23-2:467:7,inner_half,16to32,False,1.0,0.9951808777380475,0.9849456798686063,1.0,0.02197594940662384,0.02146979793906212,0.02126217819750309,0.021314894780516624,0.0006610546261072159,0.00015490315854549408,-5.2716583013534546e-05
23,23-2:467:8,all,16to32,False,1.0,0.9304959683197643,0.9717963061625743,1.0,0.011595518328249454,0.011811329051852226,0.011604578234255314,0.011673830449581146,-7.831212133169174e-05,0.00013749860227108002,-6.925221532583237e-05
23,23-2:467:8,inner_half,16to32,False,1.0,0.9304959683197643,0.9717963061625743,1.0,0.014688469469547272,0.014878257177770138,0.014090942218899727,0.014172380790114403,0.000516088679432869,0.000705876387655735,-8.14385712146759e-05
23,23-2:467:9,all,16to32,False,1.0,0.9158960346843111,0.988875271394213,1.0,0.013604901731014252,0.014307877980172634,0.014413892291486263,0.014378208667039871,-0.0007733069360256195,-7.033068686723709e-05,3.568362444639206e-05
23,23-2:467:9,inner_half,16to32,False,1.0,0.9158960346843111,0.988875271394213,1.0,0.01282065361738205,0.013621033169329166,0.013250870630145073,0.013487531803548336,-0.0006668781861662865,0.00013350136578083038,-0.0002366611734032631
23,23-2:467:10,all,16to32,False,1.0,0.9159766210275736,0.9753714194563937,1.0,0.012709645554423332,0.013164281845092773,0.013025157153606415,0.013018006458878517,-0.00030836090445518494,0.0001462753862142563,7.150694727897644e-06
23,23-2:467:10,inner_half,16to32,False,1.0,0.9159766210275736,0.9753714194563937,1.0,0.012146634981036186,0.01281969714909792,0.012195921503007412,0.012359678745269775,-0.00021304376423358917,0.0004600184038281441,-0.00016375724226236343
23,23-2:467:11,all,16to32,False,1.0,0.8980966868771635,0.9915323028769589,1.0,0.014503957703709602,0.01537417434155941,0.015149854123592377,0.015136120840907097,-0.0006321631371974945,0.00023805350065231323,1.3733282685279846e-05
23,23-2:467:11,inner_half,16to32,False,1.0,0.8980966868771635,0.9915323028769589,1.0,0.01546966191381216,0.016752976924180984,0.015330676920711994,0.01577240228652954,-0.0003027403727173805,0.0009805746376514435,-0.00044172536581754684
23,23-2:467:18,all,ge32,False,1.0,0.9560199863077213,0.9918014711016999,1.0,0.013954751193523407,0.011848419904708862,0.012368978001177311,0.012483942322432995,0.0014708088710904121,-0.0006355224177241325,-0.0001149643212556839
23,23-2:467:18,inner_half,ge32,False,1.0,0.9560199863077213,0.9918014711016999,1.0,0.017884396016597748,0.015596933662891388,0.016032354906201363,0.01606454886496067,0.0018198471516370773,-0.00046761520206928253,-3.219395875930786e-05
23,23-2:467:19,all,ge32,False,0.97265625,0.9995115714739323,0.9993039269990207,0.9921875,0.01617816463112831,0.013311827555298805,0.01329366397112608,0.013254763558506966,0.0029234010726213455,5.70639967918396e-05,3.890041261911392e-05
23,23-2:467:19,inner_half,ge32,False,0.97265625,0.9995115714739323,0.9993039269990207,1.0,0.013197535648941994,0.013534940779209137,0.013417736627161503,0.01335255429148674,-0.0001550186425447464,0.00018238648772239685,6.518233567476273e-05
23,23-2:467:20,all,ge32,True,0.80859375,0.9999357754030329,0.9989316469738837,0.828125,0.017510058358311653,0.019602568820118904,0.019602641463279724,0.018337227404117584,-0.0008271690458059311,0.0012653414160013199,0.00126541405916214
23,23-2:467:20,inner_half,ge32,True,0.80859375,0.9999357754030329,0.9989316469738837,1.0,0.016216743737459183,0.016126900911331177,0.016126900911331177,0.016159137710928917,5.760602653026581e-05,-3.223679959774017e-05,-3.223679959774017e-05
23,23-2:467:21,all,ge32,False,1.0,0.9982350219712671,0.981068365370765,1.0,0.011540746316313744,0.010306451469659805,0.010146494023501873,0.010240115225315094,0.0013006310909986496,6.63362443447113e-05,-9.362120181322098e-05
23,23-2:467:21,inner_half,ge32,False,1.0,0.9982350219712671,0.981068365370765,1.0,0.011147154495120049,0.009944004938006401,0.009961837902665138,0.010048882104456425,0.0010982723906636238,-0.00010487716645002365,-8.704420179128647e-05
23,23-2:467:22,all,ge32,False,1.0,0.9979838147588768,0.935390354806722,1.0,0.009898665361106396,0.00899985246360302,0.009074056521058083,0.008843709714710712,0.0010549556463956833,0.00015614274889230728,0.00023034680634737015
23,23-2:467:22,inner_half,ge32,False,1.0,0.9979838147588768,0.935390354806722,1.0,0.0093843974173069,0.008651572279632092,0.008708897978067398,0.008477247320115566,0.0009071500971913338,0.00017432495951652527,0.00023165065795183182
23,23-2:467:23,all,ge32,False,1.0,0.9993088636241118,0.9891530730777197,1.0,0.012371161952614784,0.012127176858484745,0.012105455622076988,0.012112990953028202,0.0002581709995865822,1.4185905456542969e-05,-7.535330951213837e-06
23,23-2:467:23,inner_half,ge32,False,1.0,0.9993088636241118,0.9891530730777197,1.0,0.011230151169002056,0.010878119617700577,0.010818280279636383,0.011037411168217659,0.00019274000078439713,-0.00015929155051708221,-0.00021913088858127594
23,23-2:467:24,all,ge32,False,1.0,0.9919813933000335,0.9970534627102022,1.0,0.016396647319197655,0.013477960601449013,0.013525262475013733,0.013492630794644356,0.002904016524553299,-1.4670193195343018e-05,3.2631680369377136e-05
23,23-2:467:24,inner_half,ge32,False,1.0,0.9919813933000335,0.9970534627102022,1.0,0.012250932864844799,0.011216806247830391,0.01134893111884594,0.011362612247467041,0.000888320617377758,-0.00014580599963665009,-1.368112862110138e-05
23,23-2:467:25,all,ge32,False,0.8125,0.9965812744055871,0.9129175472235007,0.9375,0.008710752241313457,0.008575421757996082,0.00857614353299141,0.00854753889143467,0.000163213349878788,2.788286656141281e-05,2.8604641556739807e-05
23,23-2:467:25,inner_half,ge32,False,0.8125,0.9965812744055871,0.9129175472235007,1.0,0.0075139254331588745,0.007648881059139967,0.007413096725940704,0.00741164106875658,0.00010228436440229416,0.0002372399903833866,1.455657184123993e-06
23,23-2:467:26,all,ge32,False,0.875,0.9979436625509734,0.9702598733615352,0.9375,0.008030375465750694,0.007934298366308212,0.007775857113301754,0.007645345758646727,0.00038502970710396767,0.00028895260766148567,0.0001305113546550274
23,23-2:467:26,inner_half,ge32,False,0.875,0.9979436625509734,0.9702598733615352,1.0,0.007002527825534344,0.007019840180873871,0.006941232830286026,0.006923660635948181,7.886718958616257e-05,9.61795449256897e-05,1.757219433784485e-05
23,23-2:467:27,all,ge32,False,1.0,0.9982738912225921,0.9350503831771371,1.0,0.012271703220903873,0.012081576511263847,0.012093464843928814,0.012178897857666016,9.280536323785782e-05,-9.732134640216827e-05,-8.543301373720169e-05
23,23-2:467:27,inner_half,ge32,False,1.0,0.9982738912225921,0.9350503831771371,1.0,0.011027698405086994,0.010901600122451782,0.010901600122451782,0.01086372323334217,0.00016397517174482346,3.787688910961151e-05,3.787688910961151e-05
23,23-2:467:28,all,ge32,False,1.0,0.9931736696420194,0.991503076911712,1.0,0.011823073029518127,0.013035953044891357,0.013296444900333881,0.013178089633584023,-0.001355016604065895,-0.0001421365886926651,0.00011835526674985886
23,23-2:467:28,inner_half,ge32,False,1.0,0.9931736696420194,0.991503076911712,1.0,0.011167757213115692,0.012666589580476284,0.012836472131311893,0.012220115400850773,-0.0010523581877350807,0.00044647417962551117,0.0006163567304611206
23,23-2:467:29,all,ge32,False,1.0,0.9980119519948646,0.9973099551611685,1.0,0.01408199779689312,0.010408398695290089,0.010409252718091011,0.01057460531592369,0.003507392480969429,-0.00016620662063360214,-0.00016535259783267975
23,23-2:467:29,inner_half,ge32,False,1.0,0.9980119519948646,0.9973099551611685,1.0,0.01715392991900444,0.012333648279309273,0.012298542074859142,0.012298542074859142,0.004855387844145298,3.510620445013046e-05,0.0
23,23-2:467:30,all,ge32,True,0.86328125,0.9997335868780962,0.9979220332890792,0.8984375,0.023161081597208977,0.02560330554842949,0.02557593584060669,0.027037454769015312,-0.0038763731718063354,-0.001434149220585823,-0.0014615189284086227
23,23-2:467:30,inner_half,ge32,True,0.86328125,0.9997335868780962,0.9979220332890792,1.0,0.03268418461084366,0.033891886472702026,0.03385821729898453,0.03476065397262573,-0.002076469361782074,-0.0008687674999237061,-0.0009024366736412048
23,23-2:467:31,all,ge32,False,1.0,0.9828730348867177,0.9633808070395334,1.0,0.01360449381172657,0.01303454302251339,0.013353122398257256,0.013331685215234756,0.00027280859649181366,-0.0002971421927213669,2.1437183022499084e-05
23,23-2:467:31,inner_half,ge32,False,1.0,0.9828730348867177,0.9633808070395334,1.0,0.01517385896295309,0.014806574210524559,0.014752061106264591,0.014810603111982346,0.0003632558509707451,-4.02890145778656e-06,-5.8542005717754364e-05
23,23-2:467:32,all,ge32,False,0.39453125,0.9999421372893283,0.9997020027618445,0.8046875,0.012831500731408596,0.015928640961647034,0.01597757264971733,0.01629047654569149,-0.003458975814282894,-0.0003618355840444565,-0.00031290389597415924
23,23-2:467:32,inner_half,ge32,False,0.39453125,0.9999421372893283,0.9997020027618445,1.0,0.011209766380488873,0.011863300576806068,0.012011999264359474,0.012649398297071457,-0.0014396319165825844,-0.0007860977202653885,-0.0006373990327119827
23,23-2:467:33,all,ge32,False,1.0,0.981823849995644,0.989497813324217,1.0,0.00990538764744997,0.00959179550409317,0.009392239153385162,0.00932698417454958,0.0005784034729003906,0.00026481132954359055,6.525497883558273e-05
23,23-2:467:33,inner_half,ge32,False,1.0,0.981823849995644,0.989497813324217,1.0,0.0067635527811944485,0.007009627763181925,0.0068411617539823055,0.00682823546230793,-6.468268111348152e-05,0.00018139230087399483,1.2926291674375534e-05
23,23-2:467:34,all,ge32,False,1.0,0.9982459669238379,0.9831547187412445,1.0,0.010156111791729927,0.009712640196084976,0.00979195162653923,0.009739518165588379,0.00041659362614154816,-2.687796950340271e-05,5.243346095085144e-05
23,23-2:467:34,inner_half,ge32,False,1.0,0.9982459669238379,0.9831547187412445,1.0,0.008507960475981236,0.00794203206896782,0.008075731806457043,0.007993673905730247,0.000514286570250988,-5.1641836762428284e-05,8.20579007267952e-05
23,23-2:467:35,all,ge32,False,1.0,0.9933473974583253,0.9933946591219358,1.0,0.00814344547688961,0.008251983672380447,0.008219700306653976,0.008182026445865631,-3.858096897602081e-05,6.995722651481628e-05,3.767386078834534e-05
23,23-2:467:35,inner_half,ge32,False,1.0,0.9933473974583253,0.9933946591219358,1.0,0.008051394484937191,0.007651536259800196,0.00783448200672865,0.0076972730457782745,0.0003541214391589165,-4.573678597807884e-05,0.0001372089609503746
23,23-2:467:36,all,ge32,False,1.0,0.7040331589583133,0.9875005608861244,1.0,0.012653370387852192,0.012507415376603603,0.012051388621330261,0.012122320011258125,0.0005310503765940666,0.00038509536534547806,-7.093138992786407e-05
23,23-2:467:36,inner_half,ge32,False,1.0,0.7040331589583133,0.9875005608861244,1.0,0.0159899964928627,0.014673791825771332,0.01437368243932724,0.014058511704206467,0.0019314847886562347,0.0006152801215648651,0.0003151707351207733
23,23-2:467:37,all,ge32,False,1.0,0.9980211593968393,0.9869152954800882,1.0,0.00906510092318058,0.00894266739487648,0.008967275731265545,0.009026151150465012,3.894977271556854e-05,-8.34837555885315e-05,-5.8875419199466705e-05
23,23-2:467:37,inner_half,ge32,False,1.0,0.9980211593968393,0.9869152954800882,1.0,0.007575897499918938,0.007683008909225464,0.007698446977883577,0.007863480597734451,-0.0002875830978155136,-0.00018047168850898743,-0.00016503361985087395
23,23-2:467:38,all,ge32,False,0.625,0.9709473654984986,0.9680883838098282,0.8125,0.01586698740720749,0.01592085510492325,0.016221217811107635,0.016302965581417084,-0.0004359781742095947,-0.00038211047649383545,-8.174777030944824e-05
23,23-2:467:38,inner_half,ge32,False,0.625,0.9709473654984986,0.9680883838098282,1.0,0.01591320149600506,0.015656016767024994,0.01600036583840847,0.016072271391749382,-0.00015906989574432373,-0.0004162546247243881,-7.190555334091187e-05
23,23-2:467:39,all,ge32,False,0.75,0.9963265633538477,0.9964635089651002,0.875,0.009166802279651165,0.009242980740964413,0.009259394370019436,0.009165720082819462,1.082196831703186e-06,7.726065814495087e-05,9.367428719997406e-05
23,23-2:467:39,inner_half,ge32,False,0.75,0.9963265633538477,0.9964635089651002,1.0,0.011727247387170792,0.011046365834772587,0.011046365834772587,0.01104644499719143,0.0006808023899793625,-7.916241884231567e-08,-7.916241884231567e-08
25,25-1:167:0,all,lt16,False,1.0,0.9949361061104727,0.9958402315399721,1.0,0.021375831216573715,0.020450027659535408,0.02045491896569729,0.02039230987429619,0.0009835213422775269,5.7717785239219666e-05,6.260909140110016e-05
25,25-1:167:0,inner_half,lt16,False,1.0,0.9949361061104727,0.9958402315399721,1.0,0.024917680770158768,0.02511654421687126,0.025193195790052414,0.025222575291991234,-0.0003048945218324661,-0.00010603107511997223,-2.9379501938819885e-05
25,25-1:167:1,all,lt16,False,1.0,0.9997614407942678,0.628053534660773,1.0,0.029406458139419556,0.029405519366264343,0.029412891715765,0.029418494552373886,-1.2036412954330444e-05,-1.2975186109542847e-05,-5.602836608886719e-06
25,25-1:167:1,inner_half,lt16,False,1.0,0.9997614407942678,0.628053534660773,1.0,0.06624908745288849,0.06624908745288849,0.06624908745288849,0.06623608618974686,1.300126314163208e-05,1.300126314163208e-05,1.300126314163208e-05
25,25-1:167:2,all,lt16,False,1.0,0.997790158099055,0.859559900817557,1.0,0.017072893679142,0.01718347892165184,0.017203304916620255,0.01719069853425026,-0.00011780485510826111,-7.2196125984191895e-06,1.2606382369995117e-05
25,25-1:167:2,inner_half,lt16,False,1.0,0.997790158099055,0.859559900817557,1.0,0.02075151354074478,0.02089783549308777,0.020949117839336395,0.02095167338848114,-0.00020015984773635864,-5.383789539337158e-05,-2.555549144744873e-06
25,25-1:167:3,all,lt16,False,1.0,0.6592026202441803,0.9918055746255078,1.0,0.03714066743850708,0.03765390068292618,0.038429711014032364,0.03847397118806839,-0.0013333037495613098,-0.0008200705051422119,-4.4260174036026e-05
25,25-1:167:3,inner_half,lt16,False,1.0,0.6592026202441803,0.9918055746255078,1.0,0.031925834715366364,0.03165137395262718,0.031722161918878555,0.03173518925905228,0.00019064545631408691,-8.38153064250946e-05,-1.3027340173721313e-05
25,25-1:167:4,all,lt16,False,1.0,0.9963395160949471,0.9517928522151778,1.0,0.01464834250509739,0.014752868562936783,0.014724167063832283,0.014727817848324776,-7.947534322738647e-05,2.505071461200714e-05,-3.6507844924926758e-06
25,25-1:167:4,inner_half,lt16,False,1.0,0.9963395160949471,0.9517928522151778,1.0,0.013238364830613136,0.01327474508434534,0.013295190408825874,0.013303907588124275,-6.554275751113892e-05,-2.916250377893448e-05,-8.717179298400879e-06
25,25-1:167:11,all,lt16,False,1.0,0.8299441300798991,0.9706157678500252,1.0,0.0773109570145607,0.07718686759471893,0.077438123524189,0.07718922942876816,0.0001217275857925415,-2.3618340492248535e-06,0.0002488940954208374
25,25-1:167:11,inner_half,lt16,False,1.0,0.8299441300798991,0.9706157678500252,1.0,0.17854148149490356,0.17818912863731384,0.17821745574474335,0.17813289165496826,0.00040858983993530273,5.6236982345581055e-05,8.456408977508545e-05
25,25-1:167:14,all,ge32,False,1.0,0.9905766565001759,0.9165736540665131,1.0,0.017381899058818817,0.01730828918516636,0.017323434352874756,0.017316941171884537,6.49578869342804e-05,-8.651986718177795e-06,6.493180990219116e-06
25,25-1:167:14,inner_half,ge32,False,1.0,0.9905766565001759,0.9165736540665131,1.0,0.01386882271617651,0.013802840374410152,0.013745793141424656,0.013723572716116905,0.00014525000005960464,7.926765829324722e-05,2.2220425307750702e-05
25,25-1:167:15,all,ge32,False,1.0,0.9767459261657433,0.857679751163592,1.0,0.020489417016506195,0.020503204315900803,0.02036055363714695,0.020362157374620438,0.00012725964188575745,0.000141046941280365,-1.603737473487854e-06
25,25-1:167:15,inner_half,ge32,False,1.0,0.9767459261657433,0.857679751163592,1.0,0.02545395866036415,0.025369510054588318,0.02512829750776291,0.024858245626091957,0.0005957130342721939,0.0005112644284963608,0.00027005188167095184
25,25-1:167:16,all,16to32,False,1.0,0.9932815223672966,0.6833451678891249,1.0,0.014551239088177681,0.014469360932707787,0.014477838762104511,0.014494717121124268,5.652196705341339e-05,-2.5356188416481018e-05,-1.6878359019756317e-05
25,25-1:167:16,inner_half,16to32,False,1.0,0.9932815223672966,0.6833451678891249,1.0,0.01346608903259039,0.013443510979413986,0.013562689535319805,0.013568991795182228,-0.00010290276259183884,-0.00012548081576824188,-6.302259862422943e-06
25,25-1:167:17,all,ge32,True,0.97265625,0.9962945061758373,0.992549870701286,0.9765625,0.031179606914520264,0.023471878841519356,0.023481160402297974,0.023312140256166458,0.007867466658353806,0.00015973858535289764,0.0001690201461315155
25,25-1:167:17,inner_half,ge32,True,0.97265625,0.9962945061758373,0.992549870701286,1.0,0.022530172020196915,0.015523087233304977,0.015515187755227089,0.014969085343182087,0.007561086677014828,0.0005540018901228905,0.000546102412045002
25,25-1:167:18,all,16to32,False,1.0,0.991896371562967,0.6620845783004412,1.0,0.01409289799630642,0.01411285251379013,0.014099808409810066,0.014076396822929382,1.650117337703705e-05,3.645569086074829e-05,2.34115868806839e-05
25,25-1:167:18,inner_half,16to32,False,1.0,0.991896371562967,0.6620845783004412,1.0,0.013672075234353542,0.013894513249397278,0.014007708057761192,0.013817721977829933,-0.00014564674347639084,7.679127156734467e-05,0.00018998607993125916
25,25-1:167:19,all,16to32,False,1.0,0.995872054902909,0.8046383416449226,1.0,0.016825761646032333,0.016791969537734985,0.016785841435194016,0.01686067506670952,-3.491342067718506e-05,-6.870552897453308e-05,-7.483363151550293e-05
25,25-1:167:19,inner_half,16to32,False,1.0,0.995872054902909,0.8046383416449226,1.0,0.016216827556490898,0.01659368723630905,0.01657489687204361,0.01654786802828312,-0.00033104047179222107,4.581920802593231e-05,2.7028843760490417e-05
25,25-1:167:20,all,16to32,False,1.0,0.9947117546647581,0.9711822078718944,1.0,0.02402876317501068,0.02522438019514084,0.025118926540017128,0.025071337819099426,-0.0010425746440887451,0.00015304237604141235,4.758872091770172e-05
25,25-1:167:20,inner_half,16to32,False,1.0,0.9947117546647581,0.9711822078718944,1.0,0.026147063821554184,0.02694297395646572,0.026930028572678566,0.02679794654250145,-0.0006508827209472656,0.00014502741396427155,0.0001320820301771164
25,25-1:167:21,all,16to32,False,1.0,0.9798251573658858,0.9827436124824886,1.0,0.01799665577709675,0.01775992102921009,0.01779615692794323,0.017785610631108284,0.00021104514598846436,-2.568960189819336e-05,1.0546296834945679e-05
25,25-1:167:21,inner_half,16to32,False,1.0,0.9798251573658858,0.9827436124824886,1.0,0.01513739675283432,0.014469241723418236,0.014429749920964241,0.014429749920964241,0.000707646831870079,3.949180245399475e-05,0.0
25,25-1:167:22,all,ge32,False,1.0,0.9956871131096275,0.7541610246998413,1.0,0.01512511819601059,0.015204418450593948,0.015255101956427097,0.015197288244962692,-7.217004895210266e-05,7.1302056312561035e-06,5.781371146440506e-05
25,25-1:167:22,inner_half,ge32,False,1.0,0.9956871131096275,0.7541610246998413,1.0,0.015261323191225529,0.015368573367595673,0.015399809926748276,0.015348906628787518,-8.758343756198883e-05,1.966673880815506e-05,5.090329796075821e-05
25,25-1:167:23,all,ge32,False,1.0,0.985068801721302,0.907066152485275,1.0,0.015033731237053871,0.01510152779519558,0.015099607408046722,0.015025697648525238,8.033588528633118e-06,7.583014667034149e-05,7.390975952148438e-05
25,25-1:167:23,inner_half,ge32,False,1.0,0.985068801721302,0.907066152485275,1.0,0.01535123586654663,0.015471275895833969,0.01546291634440422,0.015067063271999359,0.00028417259454727173,0.00040421262383461,0.00039585307240486145
25,25-1:167:24,all,16to32,False,1.0,0.9988309861775084,0.9186492955488482,1.0,0.01931193098425865,0.019934486597776413,0.01994645595550537,0.019898539409041405,-0.000586608424782753,3.594718873500824e-05,4.791654646396637e-05
25,25-1:167:24,inner_half,16to32,False,1.0,0.9988309861775084,0.9186492955488482,1.0,0.02012835443019867,0.020685289055109024,0.020510641857981682,0.02065305784344673,-0.0005247034132480621,3.223121166229248e-05,-0.00014241598546504974
25,25-1:167:25,all,ge32,False,1.0,0.993918763742326,0.7462387795878956,1.0,0.015276355668902397,0.015427674166858196,0.015359282493591309,0.015446781180799007,-0.00017042551189661026,-1.9107013940811157e-05,-8.749868720769882e-05
25,25-1:167:25,inner_half,ge32,False,1.0,0.993918763742326,0.7462387795878956,1.0,0.017365578562021255,0.01739863120019436,0.01743154041469097,0.01733478158712387,3.0796974897384644e-05,6.384961307048798e-05,9.675882756710052e-05
25,25-1:167:26,all,16to32,False,1.0,0.9990629282665738,0.8458269385911474,1.0,0.022494643926620483,0.022790631279349327,0.022859444841742516,0.022687867283821106,-0.00019322335720062256,0.00010276399552822113,0.0001715775579214096
25,25-1:167:26,inner_half,16to32,False,1.0,0.9990629282665738,0.8458269385911474,1.0,0.023039832711219788,0.024220861494541168,0.024150772020220757,0.024336351081728935,-0.0012965183705091476,-0.00011548958718776703,-0.0001855790615081787
25,25-1:167:27,all,16to32,False,1.0,0.9936055102114194,0.939102599533901,1.0,0.015990613028407097,0.0159784946590662,0.01596565917134285,0.01594552956521511,4.5083463191986084e-05,3.296509385108948e-05,2.0129606127738953e-05
25,25-1:167:27,inner_half,16to32,False,1.0,0.9936055102114194,0.939102599533901,1.0,0.01962731033563614,0.019607145339250565,0.019639877602458,0.019615761935710907,1.1548399925231934e-05,-8.616596460342407e-06,2.41156667470932e-05
25,25-1:167:28,all,lt16,False,1.0,0.9858531492231694,0.9160765915010872,1.0,0.01541559025645256,0.015352770686149597,0.015396078117191792,0.015363471582531929,5.211867392063141e-05,-1.0700896382331848e-05,3.260653465986252e-05
25,25-1:167:28,inner_half,lt16,False,1.0,0.9858531492231694,0.9160765915010872,1.0,0.01768277958035469,0.01748916320502758,0.017637742683291435,0.01748170331120491,0.00020107626914978027,7.459893822669983e-06,0.00015603937208652496
25,25-1:167:29,all,16to32,False,1.0,0.9997851144958811,0.9626708782792566,1.0,0.016925670206546783,0.017025504261255264,0.017048120498657227,0.017024017870426178,-9.834766387939453e-05,1.4863908290863037e-06,2.4102628231048584e-05
25,25-1:167:29,inner_half,16to32,False,1.0,0.9997851144958811,0.9626708782792566,1.0,0.015284042805433273,0.01550237275660038,0.01550237275660038,0.015610720030963421,-0.00032667722553014755,-0.00010834727436304092,-0.00010834727436304092
25,25-1:167:30,all,16to32,False,1.0,0.9989419084393314,0.9651675567000721,1.0,0.020266685634851456,0.020566610619425774,0.02051236666738987,0.02066808193922043,-0.0004013963043689728,-0.00010147131979465485,-0.00015571527183055878
25,25-1:167:30,inner_half,16to32,False,1.0,0.9989419084393314,0.9651675567000721,1.0,0.021200302988290787,0.021436847746372223,0.021481525152921677,0.021671712398529053,-0.000471409410238266,-0.00023486465215682983,-0.0001901872456073761
25,25-1:167:31,all,lt16,False,1.0,0.9785470814480779,0.9457819786004164,1.0,0.01817404478788376,0.018467050045728683,0.018717771396040916,0.018637632951140404,-0.0004635881632566452,-0.00017058290541172028,8.01384449005127e-05
25,25-1:167:31,inner_half,lt16,False,1.0,0.9785470814480779,0.9457819786004164,1.0,0.011937657371163368,0.012090882286429405,0.012177210301160812,0.012210438027977943,-0.0002727806568145752,-0.00011955574154853821,-3.322772681713104e-05
25,25-1:167:32,all,16to32,False,1.0,0.9635109719121757,0.9433144227974325,1.0,0.01608201302587986,0.015656977891921997,0.01595582440495491,0.01622360572218895,-0.00014159269630908966,-0.0005666278302669525,-0.0002677813172340393
25,25-1:167:32,inner_half,16to32,False,1.0,0.9635109719121757,0.9433144227974325,1.0,0.01033853180706501,0.010442713275551796,0.010203015990555286,0.01020493172109127,0.00013360008597373962,0.0002377815544605255,-1.9157305359840393e-06
25,25-1:167:33,all,lt16,False,0.875,0.9971499267019822,0.6754312012327621,0.9375,0.022170929238200188,0.022100739181041718,0.02215374819934368,0.022114945575594902,5.5983662605285645e-05,-1.420639455318451e-05,3.88026237487793e-05
25,25-1:167:33,inner_half,lt16,False,0.875,0.9971499267019822,0.6754312012327621,1.0,0.025262031704187393,0.025161784142255783,0.02519894391298294,0.025157494470477104,0.000104537233710289,4.289671778678894e-06,4.144944250583649e-05
25,25-1:167:34,all,lt16,False,1.0,0.9991784780420374,0.7618659998050309,1.0,0.01786917820572853,0.017877982929348946,0.017817117273807526,0.017844554036855698,2.4624168872833252e-05,3.3428892493247986e-05,-2.7436763048171997e-05
25,25-1:167:34,inner_half,lt16,False,1.0,0.9991784780420374,0.7618659998050309,1.0,0.02377060428261757,0.023829005658626556,0.023669298738241196,0.023727700114250183,4.2904168367385864e-05,0.00010130554437637329,-5.840137600898743e-05
25,25-1:167:35,all,lt16,False,1.0,0.996943157658636,0.8287262385239222,1.0,0.015579449944198132,0.015613371506333351,0.015626007691025734,0.01567200757563114,-9.25576314330101e-05,-5.863606929779053e-05,-4.5999884605407715e-05
25,25-1:167:35,inner_half,lt16,False,1.0,0.996943157658636,0.8287262385239222,1.0,0.015359140001237392,0.015359140001237392,0.015373262576758862,0.015359140001237392,0.0,0.0,1.4122575521469116e-05
25,25-1:167:36,all,16to32,False,1.0,0.8571698016346441,0.9239267800565224,1.0,0.014213645830750465,0.014273438602685928,0.014317180961370468,0.014328649267554283,-0.00011500343680381775,-5.52106648683548e-05,-1.1468306183815002e-05
25,25-1:167:36,inner_half,16to32,False,1.0,0.8571698016346441,0.9239267800565224,1.0,0.01455315575003624,0.014744938351213932,0.014722580090165138,0.014719706028699875,-0.00016655027866363525,2.523232251405716e-05,2.8740614652633667e-06
25,25-1:167:37,all,lt16,False,1.0,0.9967663298262276,0.9438091912125607,1.0,0.014654003083705902,0.014681986533105373,0.014679813757538795,0.014665770344436169,-1.1767260730266571e-05,1.6216188669204712e-05,1.40434131026268e-05
25,25-1:167:37,inner_half,lt16,False,1.0,0.9967663298262276,0.9438091912125607,1.0,0.014085439965128899,0.014140929095447063,0.014140929095447063,0.014140929095447063,-5.5489130318164825e-05,0.0,0.0
25,25-1:167:38,all,lt16,False,1.0,0.9970097429905381,0.8934082373538106,1.0,0.01498155202716589,0.014989396557211876,0.015030454844236374,0.015095090493559837,-0.0001135384663939476,-0.00010569393634796143,-6.463564932346344e-05
25,25-1:167:38,inner_half,lt16,False,1.0,0.9970097429905381,0.8934082373538106,1.0,0.016775451600551605,0.01687869057059288,0.016901589930057526,0.016933623701334,-0.0001581721007823944,-5.4933130741119385e-05,-3.2033771276474e-05
25,25-1:167:39,all,lt16,False,1.0,0.9988226234834391,0.713015885867838,1.0,0.017499983310699463,0.017429202795028687,0.017440468072891235,0.017426790669560432,7.319264113903046e-05,2.4121254682540894e-06,1.3677403330802917e-05
25,25-1:167:39,inner_half,lt16,False,1.0,0.9988226234834391,0.713015885867838,1.0,0.018094195052981377,0.018094195052981377,0.018091022968292236,0.01805228926241398,4.190579056739807e-05,4.190579056739807e-05,3.873370587825775e-05
25,25-1:167:40,all,lt16,False,0.171875,0.9998212808811332,0.9989692541044781,0.75390625,0.02192298136651516,0.03418516740202904,0.034030232578516006,0.03433781489729881,-0.012414833530783653,-0.0001526474952697754,-0.0003075823187828064
25,25-1:167:40,inner_half,lt16,False,0.171875,0.9998212808811332,0.9989692541044781,0.953125,0.03080977499485016,0.038994573056697845,0.03905604034662247,0.039173565804958344,-0.008363790810108185,-0.00017899274826049805,-0.00011752545833587646
25,25-1:167:41,all,lt16,False,1.0,0.9994728098896118,0.8166132027573193,1.0,0.018864795565605164,0.018544768914580345,0.018535345792770386,0.01856149360537529,0.00030330196022987366,-1.6724690794944763e-05,-2.6147812604904175e-05
25,25-1:167:41,inner_half,lt16,False,1.0,0.9994728098896118,0.8166132027573193,1.0,0.01453438401222229,0.014542642049491405,0.014528101310133934,0.01454341970384121,-9.035691618919373e-06,-7.776543498039246e-07,-1.531839370727539e-05
25,25-1:167:42,all,lt16,False,1.0,0.9993158628689797,0.7049619212725126,1.0,0.015291380695998669,0.015304429456591606,0.015300814993679523,0.015260864049196243,3.0516646802425385e-05,4.3565407395362854e-05,3.995094448328018e-05
25,25-1:167:42,inner_half,lt16,False,1.0,0.9993158628689797,0.7049619212725126,1.0,0.01866009645164013,0.018673140555620193,0.018609873950481415,0.01854967698454857,0.00011041946709156036,0.00012346357107162476,6.019696593284607e-05
25,25-1:167:43,all,lt16,False,1.0,0.9990193268538294,0.7257040975750334,1.0,0.024003446102142334,0.024058308452367783,0.023999866098165512,0.024038273841142654,-3.4827739000320435e-05,2.0034611225128174e-05,-3.8407742977142334e-05
25,25-1:167:43,inner_half,lt16,False,1.0,0.9990193268538294,0.7257040975750334,1.0,0.02565024234354496,0.025744570419192314,0.02560017630457878,0.02571207657456398,-6.183423101902008e-05,3.2493844628334045e-05,-0.00011190026998519897
25,25-1:167:44,all,16to32,False,1.0,0.943808694403809,0.8496910901809661,1.0,0.017837539315223694,0.017865583300590515,0.01791747473180294,0.017865469679236412,-2.79303640127182e-05,1.1362135410308838e-07,5.200505256652832e-05
25,25-1:167:44,inner_half,16to32,False,1.0,0.943808694403809,0.8496910901809661,1.0,0.024024657905101776,0.024171916767954826,0.02416371926665306,0.024171916767954826,-0.00014725886285305023,0.0,-8.197501301765442e-06
25,25-1:167:45,all,16to32,False,1.0,0.9925106320236368,0.685888286082835,1.0,0.01981639675796032,0.019698143005371094,0.01950133964419365,0.019511528313159943,0.0003048684448003769,0.00018661469221115112,-1.0188668966293335e-05
25,25-1:167:45,inner_half,16to32,False,1.0,0.9925106320236368,0.685888286082835,1.0,0.012969806790351868,0.0128311263397336,0.012967955321073532,0.012917396612465382,5.2410177886486053e-05,-8.6270272731781e-05,5.055870860815048e-05
25,25-1:167:46,all,lt16,False,1.0,0.976787824171759,0.7637626073906614,1.0,0.015255403704941273,0.01524264831095934,0.015222083777189255,0.015148578211665154,0.00010682549327611923,9.407009929418564e-05,7.350556552410126e-05
25,25-1:167:46,inner_half,lt16,False,1.0,0.976787824171759,0.7637626073906614,1.0,0.018118780106306076,0.018046116456389427,0.018040012568235397,0.01803385093808174,8.492916822433472e-05,1.2265518307685852e-05,6.161630153656006e-06
25,25-1:167:47,all,lt16,False,1.0,0.9995985646798331,0.6838977978153218,1.0,0.022631941363215446,0.022545989602804184,0.02261240966618061,0.022594638168811798,3.7303194403648376e-05,-4.8648566007614136e-05,1.777149736881256e-05
25,25-1:167:47,inner_half,lt16,False,1.0,0.9995985646798331,0.6838977978153218,1.0,0.027720514684915543,0.02730679139494896,0.027369381859898567,0.02730679139494896,0.00041372328996658325,0.0,6.259046494960785e-05
25,25-1:167:48,all,lt16,False,0.9375,0.9981282144122572,0.8802230021393513,0.9375,0.038849759846925735,0.03910928964614868,0.03916012868285179,0.039118554443120956,-0.00026879459619522095,-9.26479697227478e-06,4.157423973083496e-05
25,25-1:167:48,inner_half,lt16,False,0.9375,0.9981282144122572,0.8802230021393513,1.0,0.04448894411325455,0.04468357563018799,0.04468357563018799,0.044592760503292084,-0.00010381639003753662,9.081512689590454e-05,9.081512689590454e-05
25,25-1:167:49,all,16to32,False,1.0,0.9308521798659639,0.9501797628006106,1.0,0.012611953541636467,0.012395842000842094,0.01247924193739891,0.012495303526520729,0.00011665001511573792,-9.946152567863464e-05,-1.6061589121818542e-05
25,25-1:167:49,inner_half,16to32,False,1.0,0.9308521798659639,0.9501797628006106,1.0,0.013242991641163826,0.013242991641163826,0.01324259303510189,0.013293534517288208,-5.054287612438202e-05,-5.054287612438202e-05,-5.0941482186317444e-05
25,25-1:167:50,all,16to32,False,1.0,0.9997870754877528,0.8492958938622981,1.0,0.0069971694611012936,0.006959554739296436,0.00697332713752985,0.0069573805667459965,3.978889435529709e-05,2.1741725504398346e-06,1.594657078385353e-05
25,25-1:167:50,inner_half,16to32,False,1.0,0.9997870754877528,0.8492958938622981,1.0,0.007228564936667681,0.007238935679197311,0.007254255004227161,0.007254255004227161,-2.5690067559480667e-05,-1.5319325029850006e-05,0.0
25,25-1:167:51,all,lt16,False,1.0,0.998851778658515,0.8801954789740805,1.0,0.019475601613521576,0.01952596940100193,0.01952475681900978,0.019594065845012665,-0.00011846423149108887,-6.809644401073456e-05,-6.930902600288391e-05
25,25-1:167:51,inner_half,lt16,False,1.0,0.998851778658515,0.8801954789740805,1.0,0.025743015110492706,0.025946885347366333,0.02581709437072277,0.026180313900113106,-0.0004372987896203995,-0.00023342855274677277,-0.0003632195293903351
25,25-1:167:52,all,lt16,False,1.0,0.9980868611488584,0.8998632625613717,1.0,0.021083589643239975,0.021059298887848854,0.021126486361026764,0.02119908109307289,-0.00011549144983291626,-0.00013978220522403717,-7.259473204612732e-05
25,25-1:167:52,inner_half,lt16,False,1.0,0.9980868611488584,0.8998632625613717,1.0,0.019459856674075127,0.019138649106025696,0.018980514258146286,0.019148200750350952,0.0003116559237241745,-9.551644325256348e-06,-0.00016768649220466614
25,25-1:167:53,all,lt16,False,1.0,0.9966785962854134,0.8290786371153998,1.0,0.020592287182807922,0.0202819611877203,0.020381037145853043,0.02029922418296337,0.0002930629998445511,-1.726299524307251e-05,8.181296288967133e-05
25,25-1:167:53,inner_half,lt16,False,1.0,0.9966785962854134,0.8290786371153998,1.0,0.021977804601192474,0.022472728043794632,0.022523529827594757,0.022480566054582596,-0.0005027614533901215,-7.838010787963867e-06,4.2963773012161255e-05
25,25-1:167:54,all,lt16,False,1.0,0.9992555693273351,0.7231895286262827,1.0,0.020947935059666634,0.020936235785484314,0.020950090140104294,0.020951256155967712,-3.3210963010787964e-06,-1.5020370483398438e-05,-1.166015863418579e-06
25,25-1:167:54,inner_half,lt16,False,1.0,0.9992555693273351,0.7231895286262827,1.0,0.016693033277988434,0.01667819358408451,0.016693033277988434,0.016711223870515823,-1.8190592527389526e-05,-3.303028643131256e-05,-1.8190592527389526e-05
25,25-1:167:55,all,lt16,False,1.0,0.9965442372492475,0.8319581072624679,1.0,0.023046983405947685,0.022911209613084793,0.022739699110388756,0.02287696674466133,0.00017001666128635406,3.4242868423461914e-05,-0.00013726763427257538
25,25-1:167:55,inner_half,lt16,False,1.0,0.9965442372492475,0.8319581072624679,1.0,0.023829519748687744,0.02383311092853546,0.023375708609819412,0.02355606108903885,0.00027345865964889526,0.00027704983949661255,-0.00018035247921943665
25,25-1:167:56,all,16to32,False,1.0,0.9975059673680717,0.8130935050528293,1.0,0.0074263643473386765,0.0075845420360565186,0.007485425099730492,0.007498808205127716,-7.244385778903961e-05,8.573383092880249e-05,-1.3383105397224426e-05
25,25-1:167:56,inner_half,16to32,False,1.0,0.9975059673680717,0.8130935050528293,1.0,0.006685963831841946,0.006692265160381794,0.006669089198112488,0.006659992039203644,2.597179263830185e-05,3.227312117815018e-05,9.097158908843994e-06
25,25-1:167:57,all,lt16,False,1.0,0.998602999472468,0.8593758120393247,1.0,0.03802424669265747,0.03800481557846069,0.038076937198638916,0.03807639703154564,-5.2150338888168335e-05,-7.158145308494568e-05,5.401670932769775e-07
25,25-1:167:57,inner_half,lt16,False,1.0,0.998602999472468,0.8593758120393247,1.0,0.04599481076002121,0.04579136520624161,0.04599451273679733,0.04599451273679733,2.980232238769531e-07,-0.0002031475305557251,0.0
25,25-1:167:58,all,16to32,False,1.0,0.9911516296279967,0.9274594584456223,1.0,0.015688354149460793,0.015689201653003693,0.015677399933338165,0.015697618946433067,-9.26479697227478e-06,-8.417293429374695e-06,-2.021901309490204e-05
25,25-1:167:58,inner_half,16to32,False,1.0,0.9911516296279967,0.9274594584456223,1.0,0.014436888508498669,0.014408384449779987,0.01442898903042078,0.014371125027537346,6.576348096132278e-05,3.725942224264145e-05,5.7864002883434296e-05
25,25-1:167:59,all,lt16,False,0.7421875,0.9899916091156524,0.9977233836301458,1.0,0.08481141179800034,0.07975578308105469,0.07993872463703156,0.0801074206829071,0.004703991115093231,-0.000351637601852417,-0.00016869604587554932
25,25-1:167:59,inner_half,lt16,False,0.7421875,0.9899916091156524,0.9977233836301458,1.0,0.10313580185174942,0.08874934166669846,0.08876137435436249,0.08880892395973206,0.014326877892017365,-5.9582293033599854e-05,-4.754960536956787e-05
25,25-1:167:60,all,lt16,False,1.0,0.9982952289737924,0.9510800957288063,1.0,0.017604995518922806,0.017641104757785797,0.01762460544705391,0.0175821240991354,2.287141978740692e-05,5.8980658650398254e-05,4.248134791851044e-05
25,25-1:167:60,inner_half,lt16,False,1.0,0.9982952289737924,0.9510800957288063,1.0,0.014461199752986431,0.014467941597104073,0.014466505497694016,0.014462197199463844,-9.974464774131775e-07,5.7443976402282715e-06,4.308298230171204e-06
25,25-1:167:61,all,lt16,False,1.0,0.9961175354170373,0.8447208692438529,1.0,0.018810991197824478,0.018905721604824066,0.018893014639616013,0.01893746852874756,-0.00012647733092308044,-3.174692392349243e-05,-4.445388913154602e-05
25,25-1:167:61,inner_half,lt16,False,1.0,0.9961175354170373,0.8447208692438529,1.0,0.019423047080636024,0.019172046333551407,0.01917874813079834,0.019176296889781952,0.00024675019085407257,-4.250556230545044e-06,2.4512410163879395e-06
25,25-1:167:62,all,16to32,True,0.7734375,0.9975587541345738,0.999677940885739,0.8125,0.09997575730085373,0.03456928953528404,0.03428700566291809,0.03496956080198288,0.06500619649887085,-0.0004002712666988373,-0.0006825551390647888
25,25-1:167:62,inner_half,16to32,True,0.7734375,0.9975587541345738,0.999677940885739,0.890625,0.08982726186513901,0.03960080072283745,0.039227958768606186,0.0391092412173748,0.050718020647764206,0.0004915595054626465,0.00011871755123138428
25,25-1:167:63,all,16to32,True,0.6796875,0.9987489219896295,0.9996426641156991,0.76953125,0.054829515516757965,0.04990348219871521,0.0497838519513607,0.05015292018651962,0.004676595330238342,-0.00024943798780441284,-0.0003690682351589203
25,25-1:167:63,inner_half,16to32,True,0.6796875,0.9987489219896295,0.9996426641156991,0.875,0.06763932853937149,0.04703696444630623,0.04700586944818497,0.04726359620690346,0.020375732332468033,-0.000226631760597229,-0.0002577267587184906
25,25-1:167:64,all,16to32,False,1.0,0.9835196824070142,0.9257074695372826,1.0,0.01686801388859749,0.01687592640519142,0.016948550939559937,0.016894247382879257,-2.62334942817688e-05,-1.8320977687835693e-05,5.430355668067932e-05
25,25-1:167:64,inner_half,16to32,False,1.0,0.9835196824070142,0.9257074695372826,1.0,0.016814367845654488,0.01685258559882641,0.016805950552225113,0.016814367845654488,0.0,3.8217753171920776e-05,-8.417293429374695e-06
25,25-1:333:0,all,lt16,False,1.0,0.9988325459376607,0.9325935985240075,1.0,0.020359007641673088,0.020401088520884514,0.02045067399740219,0.020412089303135872,-5.3081661462783813e-05,-1.1000782251358032e-05,3.8584694266319275e-05
25,25-1:333:0,inner_half,lt16,False,1.0,0.9988325459376607,0.9325935985240075,1.0,0.02851039543747902,0.02887219935655594,0.028493162244558334,0.028825506567955017,-0.0003151111304759979,4.669278860092163e-05,-0.00033234432339668274
25,25-1:333:1,all,lt16,False,1.0,0.9959843349271542,0.9782886410772819,1.0,0.03390868008136749,0.03368280827999115,0.033955737948417664,0.03389667719602585,1.2002885341644287e-05,-0.00021386891603469849,5.9060752391815186e-05
25,25-1:333:1,inner_half,lt16,False,1.0,0.9959843349271542,0.9782886410772819,1.0,0.08454210311174393,0.08402033150196075,0.08490069210529327,0.08464451134204865,-0.00010240823030471802,-0.0006241798400878906,0.0002561807632446289
25,25-1:333:2,all,lt16,False,1.0,0.9980552074642389,0.8908463666397992,1.0,0.01902063749730587,0.019219184294342995,0.019035376608371735,0.019062144681811333,-4.1507184505462646e-05,0.000157039612531662,-2.6768073439598083e-05
25,25-1:333:2,inner_half,lt16,False,1.0,0.9980552074642389,0.8908463666397992,1.0,0.023714769631624222,0.023731283843517303,0.02331710234284401,0.023452334105968475,0.00026243552565574646,0.0002789497375488281,-0.00013523176312446594
25,25-1:333:3,all,lt16,False,1.0,0.9987582961484388,0.9192819208243486,1.0,0.03167309612035751,0.03158462792634964,0.03129389137029648,0.03121373988687992,0.00045935623347759247,0.00037088803946971893,8.015148341655731e-05
25,25-1:333:3,inner_half,lt16,False,1.0,0.9987582961484388,0.9192819208243486,1.0,0.05273577570915222,0.05236872658133507,0.05299583077430725,0.05261172726750374,0.00012404844164848328,-0.00024300068616867065,0.0003841035068035126
25,25-1:333:4,all,lt16,False,1.0,0.9906518692904311,0.8618233722452994,1.0,0.05962133780121803,0.059685878455638885,0.05955900251865387,0.05958690866827965,3.442913293838501e-05,9.896978735923767e-05,-2.7906149625778198e-05
25,25-1:333:4,inner_half,lt16,False,1.0,0.9906518692904311,0.8618233722452994,1.0,0.09844736009836197,0.09856385737657547,0.09850338846445084,0.09849146008491516,-4.409998655319214e-05,7.239729166030884e-05,1.1928379535675049e-05
25,25-1:333:5,all,lt16,False,1.0,0.7852595761150625,0.9848193687565977,1.0,0.033660389482975006,0.03445307910442352,0.034182947129011154,0.03424516320228577,-0.0005847737193107605,0.00020791590213775635,-6.221607327461243e-05
25,25-1:333:5,inner_half,lt16,False,1.0,0.7852595761150625,0.9848193687565977,1.0,0.05306369438767433,0.05408146232366562,0.054504863917827606,0.05435995012521744,-0.001296255737543106,-0.00027848780155181885,0.00014491379261016846
25,25-1:333:6,all,lt16,False,1.0,0.9998821240452369,0.9357278905745097,1.0,0.021643560379743576,0.021609347313642502,0.021603194996714592,0.02171625941991806,-7.269904017448425e-05,-0.00010691210627555847,-0.00011306442320346832
25,25-1:333:6,inner_half,lt16,False,1.0,0.9998821240452369,0.9357278905745097,1.0,0.02394046261906624,0.024239733815193176,0.024249069392681122,0.024443523958325386,-0.0005030613392591476,-0.00020379014313220978,-0.00019445456564426422
25,25-1:333:7,all,lt16,False,1.0,0.9993428011498039,0.7895120187441729,1.0,0.015135351568460464,0.015138108283281326,0.015014812350273132,0.015014697797596455,0.00012065377086400986,0.00012341048568487167,1.1455267667770386e-07
25,25-1:333:7,inner_half,lt16,False,1.0,0.9993428011498039,0.7895120187441729,1.0,0.014386823400855064,0.014386843889951706,0.01378411240875721,0.013789178803563118,0.0005976445972919464,0.000597665086388588,-5.066394805908203e-06
25,25-1:333:8,all,lt16,False,1.0,0.9996817038002304,0.9187353780291169,1.0,0.01980300061404705,0.019856611266732216,0.01983894407749176,0.01983385905623436,-3.0858442187309265e-05,2.275221049785614e-05,5.085021257400513e-06
25,25-1:333:8,inner_half,lt16,False,1.0,0.9996817038002304,0.9187353780291169,1.0,0.021605368703603745,0.021640852093696594,0.02160249650478363,0.02160249650478363,2.8721988201141357e-06,3.835558891296387e-05,0.0
25,25-1:333:9,all,lt16,False,1.0,0.9941273521247916,0.9079072889055746,1.0,0.026845112442970276,0.02684340626001358,0.026948068290948868,0.02691219374537468,-6.708130240440369e-05,-6.878748536109924e-05,3.587454557418823e-05
25,25-1:333:9,inner_half,lt16,False,1.0,0.9941273521247916,0.9079072889055746,1.0,0.026109639555215836,0.026109639555215836,0.026231929659843445,0.026219960302114487,-0.00011032074689865112,-0.00011032074689865112,1.196935772895813e-05
25,25-1:333:14,all,lt16,False,1.0,0.9994654921623047,0.9157166812101096,1.0,0.039891332387924194,0.03997611999511719,0.03976921737194061,0.039781711995601654,0.00010962039232254028,0.00019440799951553345,-1.249462366104126e-05
25,25-1:333:14,inner_half,lt16,False,1.0,0.9994654921623047,0.9157166812101096,1.0,0.0533050000667572,0.05339890718460083,0.05326779931783676,0.05328048765659332,2.4512410163879395e-05,0.00011841952800750732,-1.268833875656128e-05
25,25-1:333:15,all,lt16,False,0.07421875,0.9971393741722557,0.9917211958515025,0.1171875,0.015483089722692966,0.012621056288480759,0.013123170472681522,0.013848037458956242,0.0016350522637367249,-0.001226981170475483,-0.0007248669862747192
25,25-1:333:16,all,lt16,False,1.0,0.9978308751223092,0.7067597841111548,1.0,0.04780426621437073,0.047974228858947754,0.047974228858947754,0.04766066372394562,0.00014360249042510986,0.00031356513500213623,0.00031356513500213623
25,25-1:333:16,inner_half,lt16,False,1.0,0.9978308751223092,0.7067597841111548,1.0,0.11723718792200089,0.1177336648106575,0.1177336648106575,0.11699920892715454,0.000237978994846344,0.0007344558835029602,0.0007344558835029602
25,25-1:333:17,all,lt16,False,0.94921875,0.6740824270336033,0.9966011845951473,1.0,0.06083536148071289,0.05613642930984497,0.05696190893650055,0.05685117095708847,0.00398419052362442,-0.0007147416472434998,0.00011073797941207886
25,25-1:333:17,inner_half,lt16,False,0.94921875,0.6740824270336033,0.9966011845951473,1.0,0.09430818259716034,0.0841432511806488,0.08458767086267471,0.08458976447582245,0.00971841812133789,-0.000446513295173645,-2.0936131477355957e-06
25,25-1:333:20,all,ge32,False,1.0,0.9996995531569639,0.954257882328842,1.0,0.02001502737402916,0.02040085569024086,0.02045694924890995,0.02036255970597267,-0.00034753233194351196,3.8295984268188477e-05,9.438954293727875e-05
25,25-1:333:20,inner_half,ge32,False,1.0,0.9996995531569639,0.954257882328842,1.0,0.02510988339781761,0.024844639003276825,0.024783805012702942,0.02447306364774704,0.0006368197500705719,0.00037157535552978516,0.0003107413649559021
25,25-1:333:21,all,16to32,False,1.0,0.9966981375980459,0.9983654779201735,1.0,0.025698894634842873,0.028179612010717392,0.02755807340145111,0.027852702885866165,-0.0021538082510232925,0.0003269091248512268,-0.0002946294844150543
25,25-1:333:21,inner_half,16to32,False,1.0,0.9966981375980459,0.9983654779201735,1.0,0.011035759001970291,0.00950825959444046,0.009428760036826134,0.00945177674293518,0.0015839822590351105,5.648285150527954e-05,-2.3016706109046936e-05
25,25-1:333:22,all,ge32,False,1.0,0.998986480132785,0.8703385818203624,1.0,0.02154293656349182,0.021888015791773796,0.02190173789858818,0.021472293883562088,7.064267992973328e-05,0.00041572190821170807,0.00042944401502609253
25,25-1:333:22,inner_half,ge32,False,1.0,0.998986480132785,0.8703385818203624,1.0,0.02362603321671486,0.023746468126773834,0.02360614761710167,0.023206964135169983,0.0004190690815448761,0.0005395039916038513,0.0003991834819316864
25,25-1:333:23,all,ge32,True,0.71875,0.9850777797500123,0.9936324055565772,0.76171875,0.03401678055524826,0.02066815458238125,0.020634910091757774,0.021055368706583977,0.012961411848664284,-0.00038721412420272827,-0.0004204586148262024
25,25-1:333:23,inner_half,ge32,True,0.71875,0.9850777797500123,0.9936324055565772,0.5625,0.03009539470076561,0.023235099390149117,0.02321726456284523,0.02672402374446392,0.003371370956301689,-0.003488924354314804,-0.0035067591816186905
25,25-1:333:24,all,16to32,False,0.16796875,0.9882493400535791,0.9990196349278638,0.20703125,0.06414882838726044,0.026343585923314095,0.026242787018418312,0.028600625693798065,0.03554820269346237,-0.0022570397704839706,-0.002357838675379753
25,25-1:333:25,all,16to32,False,1.0,0.9975570303353186,0.9423266833150361,1.0,0.018897786736488342,0.018858499825000763,0.018957115709781647,0.01899591088294983,-9.812414646148682e-05,-0.00013741105794906616,-3.879517316818237e-05
25,25-1:333:25,inner_half,16to32,False,1.0,0.9975570303353186,0.9423266833150361,1.0,0.020054342225193977,0.019946912303566933,0.019944459199905396,0.020034514367580414,1.9827857613563538e-05,-8.760206401348114e-05,-9.005516767501831e-05
25,25-1:333:26,all,16to32,False,1.0,0.998050487715739,0.9614363059264756,1.0,0.019890855997800827,0.020109359174966812,0.019995007663965225,0.019987517967820168,-9.666197001934052e-05,0.00012184120714664459,7.489696145057678e-06
25,25-1:333:26,inner_half,16to32,False,1.0,0.998050487715739,0.9614363059264756,1.0,0.017301173880696297,0.01762627623975277,0.01733023300766945,0.017533106729388237,-0.0002319328486919403,9.316951036453247e-05,-0.00020287372171878815
25,25-1:333:27,all,16to32,False,1.0,0.9980997939423097,0.6940927996246935,1.0,0.01664688065648079,0.01657622493803501,0.016688400879502296,0.016654059290885925,-7.178634405136108e-06,-7.7834352850914e-05,3.4341588616371155e-05
25,25-1:333:27,inner_half,16to32,False,1.0,0.9980997939423097,0.6940927996246935,1.0,0.016341781243681908,0.016374073922634125,0.016399165615439415,0.01640261709690094,-6.083585321903229e-05,-2.8543174266815186e-05,-3.4514814615249634e-06
25,25-1:333:28,all,lt16,False,1.0,0.9976958785585239,0.9433309167756992,1.0,0.020406531170010567,0.020370230078697205,0.0208397526293993,0.020835354924201965,-0.0004288237541913986,-0.00046512484550476074,4.3977051973342896e-06
25,25-1:333:28,inner_half,lt16,False,1.0,0.9976958785585239,0.9433309167756992,1.0,0.02257656492292881,0.022471271455287933,0.023626212030649185,0.023636862635612488,-0.0010602977126836777,-0.0011655911803245544,-1.0650604963302612e-05
25,25-1:333:29,all,16to32,False,0.23828125,0.9999456076847046,0.999798594655782,0.2421875,0.03054089844226837,0.030444664880633354,0.03044884465634823,0.0316755473613739,-0.0011346489191055298,-0.0012308824807405472,-0.001226702705025673
25,25-1:333:30,all,16to32,False,1.0,0.9986450085398619,0.7882272452758071,1.0,0.025709111243486404,0.025423571467399597,0.025507450103759766,0.02557206153869629,0.00013704970479011536,-0.0001484900712966919,-6.461143493652344e-05
25,25-1:333:30,inner_half,16to32,False,1.0,0.9986450085398619,0.7882272452758071,1.0,0.020204950124025345,0.02086498588323593,0.020875338464975357,0.020923569798469543,-0.0007186196744441986,-5.858391523361206e-05,-4.82313334941864e-05
25,25-1:333:31,all,16to32,False,1.0,0.9988737000575627,0.6493090348243948,1.0,0.014556447975337505,0.01437263935804367,0.014415807090699673,0.014370279386639595,0.0001861685886979103,2.3599714040756226e-06,4.552770406007767e-05
25,25-1:333:31,inner_half,16to32,False,1.0,0.9988737000575627,0.6493090348243948,1.0,0.012274393811821938,0.011995484121143818,0.012008708901703358,0.012101617641746998,0.00017277617007493973,-0.00010613352060317993,-9.290874004364014e-05
25,25-1:333:32,all,lt16,False,1.0,0.9992340571697138,0.6016939890740929,1.0,0.018483739346265793,0.01847034879028797,0.0185244120657444,0.01851772703230381,-3.398768603801727e-05,-4.737824201583862e-05,6.685033440589905e-06
25,25-1:333:32,inner_half,lt16,False,1.0,0.9992340571697138,0.6016939890740929,1.0,0.016570664942264557,0.016619734466075897,0.0169437974691391,0.0167321115732193,-0.00016144663095474243,-0.0001123771071434021,0.0002116858959197998
25,25-1:333:33,all,16to32,False,1.0,0.9968822151869337,0.8546951968426569,1.0,0.020294731482863426,0.019619252532720566,0.019808202981948853,0.01974046416580677,0.0005542673170566559,-0.00012121163308620453,6.773881614208221e-05
25,25-1:333:33,inner_half,16to32,False,1.0,0.9968822151869337,0.8546951968426569,1.0,0.017957240343093872,0.017694152891635895,0.017785247415304184,0.017743557691574097,0.0002136826515197754,-4.9404799938201904e-05,4.168972373008728e-05
25,25-1:333:34,all,16to32,True,0.66796875,0.9993427370265603,0.9992339100876997,0.8125,0.03271718695759773,0.036201540380716324,0.03638211637735367,0.039031341671943665,-0.006314154714345932,-0.0028298012912273407,-0.0026492252945899963
25,25-1:333:34,inner_half,16to32,True,0.66796875,0.9993427370265603,0.9992339100876997,0.96875,0.02698306180536747,0.022573187947273254,0.022695984691381454,0.021030951291322708,0.005952110514044762,0.0015422366559505463,0.0016650334000587463
25,25-1:333:35,all,16to32,False,1.0,0.9978208252837941,0.7742661697010572,1.0,0.02056143432855606,0.02030831202864647,0.019985895603895187,0.020142093300819397,0.0004193410277366638,0.00016621872782707214,-0.0001561976969242096
25,25-1:333:35,inner_half,16to32,False,1.0,0.9978208252837941,0.7742661697010572,1.0,0.019115790724754333,0.019186364486813545,0.019319066777825356,0.019405951723456383,-0.00029016099870204926,-0.00021958723664283752,-8.688494563102722e-05
25,25-1:333:36,all,16to32,False,1.0,0.9958360512012624,0.8382259155561785,1.0,0.014048388227820396,0.014229394495487213,0.014115959405899048,0.01414045412093401,-9.206589311361313e-05,8.894037455320358e-05,-2.44947150349617e-05
25,25-1:333:36,inner_half,16to32,False,1.0,0.9958360512012624,0.8382259155561785,1.0,0.013972467742860317,0.013790875673294067,0.014089270494878292,0.013954012654721737,1.8455088138580322e-05,-0.00016313698142766953,0.00013525784015655518
25,25-1:333:37,all,16to32,True,0.54296875,0.9995795089523598,0.9987570838969887,0.734375,0.03453962132334709,0.03799440339207649,0.03792547807097435,0.041066739708185196,-0.006527118384838104,-0.0030723363161087036,-0.003141261637210846
25,25-1:333:37,inner_half,16to32,True,0.54296875,0.9995795089523598,0.9987570838969887,1.0,0.022943558171391487,0.019457271322607994,0.019455354660749435,0.02005988545715809,0.0028836727142333984,-0.0006026141345500946,-0.0006045307964086533
25,25-1:333:38,all,16to32,True,0.69140625,0.9995179071277907,0.9873649624147877,0.80078125,0.02815054915845394,0.032191842794418335,0.032355330884456635,0.0347941555082798,-0.006643606349825859,-0.0026023127138614655,-0.002438824623823166
25,25-1:333:38,inner_half,16to32,True,0.69140625,0.9995179071277907,0.9873649624147877,1.0,0.021504420787096024,0.02475719526410103,0.02480340749025345,0.02631404995918274,-0.004809629172086716,-0.0015568546950817108,-0.0015106424689292908
25,25-1:333:39,all,lt16,False,1.0,0.9992123692219704,0.6424495562348382,1.0,0.015781596302986145,0.015787027776241302,0.015826575458049774,0.015749644488096237,3.195181488990784e-05,3.738328814506531e-05,7.693096995353699e-05
25,25-1:333:39,inner_half,lt16,False,1.0,0.9992123692219704,0.6424495562348382,1.0,0.015743980184197426,0.01572730392217636,0.01582619547843933,0.015822088345885277,-7.810816168785095e-05,-9.478442370891571e-05,4.10713255405426e-06
25,25-1:333:40,all,16to32,False,1.0,0.9965361082543,0.965712278573269,1.0,0.017776668071746826,0.018034785985946655,0.017692584544420242,0.017588187009096146,0.00018848106265068054,0.00044659897685050964,0.00010439753532409668
25,25-1:333:40,inner_half,16to32,False,1.0,0.9965361082543,0.965712278573269,1.0,0.01750580593943596,0.01793656125664711,0.017633821815252304,0.017653129994869232,-0.00014732405543327332,0.0002834312617778778,-1.93081796169281e-05
25,25-1:333:41,all,lt16,False,1.0,0.9991580593837928,0.8907453909669376,1.0,0.02411988563835621,0.024216679856181145,0.024063900113105774,0.024075627326965332,4.425831139087677e-05,0.00014105252921581268,-1.1727213859558105e-05
25,25-1:333:41,inner_half,lt16,False,1.0,0.9991580593837928,0.8907453909669376,1.0,0.025332100689411163,0.025670688599348068,0.025275036692619324,0.02533511444926262,-3.0137598514556885e-06,0.0003355741500854492,-6.007775664329529e-05
25,25-1:333:42,all,16to32,False,1.0,0.9989147911646574,0.9394253575330594,1.0,0.015185403637588024,0.0151936961337924,0.015175893902778625,0.015161581337451935,2.3822300136089325e-05,3.2114796340465546e-05,1.4312565326690674e-05
25,25-1:333:42,inner_half,16to32,False,1.0,0.9989147911646574,0.9394253575330594,1.0,0.01435874029994011,0.014488089829683304,0.014601344242691994,0.01456344686448574,-0.0002047065645456314,-7.535703480243683e-05,3.789737820625305e-05
25,25-1:333:43,all,lt16,False,1.0,0.9967192235039867,0.7488545606699224,1.0,0.021262425929307938,0.021013569086790085,0.021238503977656364,0.021137846633791924,0.0001245792955160141,-0.00012427754700183868,0.00010065734386444092
25,25-1:333:43,inner_half,lt16,False,1.0,0.9967192235039867,0.7488545606699224,1.0,0.026333555579185486,0.026328489184379578,0.026363015174865723,0.026239410042762756,9.414553642272949e-05,8.907914161682129e-05,0.0001236051321029663
25,25-1:333:44,all,16to32,False,1.0,0.9976947215534898,0.8620383305219679,1.0,0.01884802058339119,0.018932003527879715,0.01901191845536232,0.01899687387049198,-0.00014885328710079193,-6.487034261226654e-05,1.504458487033844e-05
25,25-1:333:44,inner_half,16to32,False,1.0,0.9976947215534898,0.8620383305219679,1.0,0.016507577151060104,0.016500774770975113,0.01664959266781807,0.016634413972496986,-0.00012683682143688202,-0.00013363920152187347,1.5178695321083069e-05
25,25-1:333:45,all,16to32,True,0.69921875,0.9996124979890547,0.9971151315620064,0.7890625,0.023380005732178688,0.027150606736540794,0.02716737613081932,0.02750338241457939,-0.004123376682400703,-0.0003527756780385971,-0.0003360062837600708
25,25-1:333:45,inner_half,16to32,True,0.69921875,0.9996124979890547,0.9971151315620064,1.0,0.02015933394432068,0.021061038598418236,0.021190470084547997,0.02067280188202858,-0.000513467937707901,0.00038823671638965607,0.0005176682025194168
25,25-1:333:46,all,lt16,False,1.0,0.9976490372406694,0.8423873605800036,1.0,0.015855995938181877,0.01578717678785324,0.01593414507806301,0.015893107280135155,-3.711134195327759e-05,-0.00010593049228191376,4.1037797927856445e-05
25,25-1:333:46,inner_half,lt16,False,1.0,0.9976490372406694,0.8423873605800036,1.0,0.014292437583208084,0.014115516096353531,0.014148885384202003,0.014003738760948181,0.00028869882225990295,0.00011177733540534973,0.00014514662325382233
25,25-1:333:47,all,16to32,False,1.0,0.9987079835154886,0.6085846948650275,1.0,0.01322921458631754,0.013232101686298847,0.013225364498794079,0.013619080185890198,-0.00038986559957265854,-0.00038697849959135056,-0.0003937156870961189
25,25-1:333:47,inner_half,16to32,False,1.0,0.9987079835154886,0.6085846948650275,1.0,0.01599547639489174,0.015955286100506783,0.01594846323132515,0.015881605446338654,0.00011387094855308533,7.368065416812897e-05,6.685778498649597e-05
25,25-1:333:48,all,lt16,False,1.0,0.997931626423149,0.9064302773595395,1.0,0.01592506468296051,0.015898019075393677,0.015869176015257835,0.015859093517065048,6.597116589546204e-05,3.892555832862854e-05,1.008249819278717e-05
25,25-1:333:48,inner_half,lt16,False,1.0,0.997931626423149,0.9064302773595395,1.0,0.018731750547885895,0.018731750547885895,0.01875169575214386,0.01875169575214386,-1.9945204257965088e-05,-1.9945204257965088e-05,0.0
25,25-1:333:49,all,lt16,False,1.0,0.9988184897351051,0.6967078836707934,1.0,0.01644090563058853,0.01634027622640133,0.016372041776776314,0.016335085034370422,0.00010582059621810913,5.191192030906677e-06,3.695674240589142e-05
25,25-1:333:49,inner_half,lt16,False,1.0,0.9988184897351051,0.6967078836707934,1.0,0.014614542946219444,0.01462240144610405,0.014700371772050858,0.014626787975430489,-1.2245029211044312e-05,-4.386529326438904e-06,7.358379662036896e-05
25,25-1:333:50,all,16to32,False,1.0,0.9977221149232796,0.9418171873387844,1.0,0.023036319762468338,0.023106470704078674,0.023014351725578308,0.02305983565747738,-2.3515895009040833e-05,4.663504660129547e-05,-4.548393189907074e-05
25,25-1:333:50,inner_half,16to32,False,1.0,0.9977221149232796,0.9418171873387844,1.0,0.016806788742542267,0.016866028308868408,0.016451748088002205,0.01650562323629856,0.00030116550624370575,0.0003604050725698471,-5.38751482963562e-05
25,25-1:333:51,all,lt16,False,1.0,0.9885238859025759,0.8597653518225705,1.0,0.01843896135687828,0.018438253551721573,0.018786989152431488,0.018652979284524918,-0.00021401792764663696,-0.00021472573280334473,0.00013400986790657043
25,25-1:333:51,inner_half,lt16,False,1.0,0.9885238859025759,0.8597653518225705,1.0,0.022654792293906212,0.022685611620545387,0.02293838933110237,0.02283097803592682,-0.000176185742020607,-0.00014536641538143158,0.00010741129517555237
25,25-1:333:52,all,16to32,False,1.0,0.9718408013986292,0.9875840103571799,1.0,0.08956852555274963,0.08840436488389969,0.08837392926216125,0.0883796364068985,0.0011888891458511353,2.4728477001190186e-05,-5.707144737243652e-06
25,25-1:333:52,inner_half,16to32,False,1.0,0.9718408013986292,0.9875840103571799,1.0,0.09761689603328705,0.09472474455833435,0.0940331518650055,0.09406933188438416,0.003547564148902893,0.0006554126739501953,-3.618001937866211e-05
25,25-1:333:53,all,16to32,False,1.0,0.9875369745597171,0.9172921646711016,1.0,0.01696818321943283,0.016976427286863327,0.01682712882757187,0.016913656145334244,5.4527074098587036e-05,6.277114152908325e-05,-8.652731776237488e-05
25,25-1:333:53,inner_half,16to32,False,1.0,0.9875369745597171,0.9172921646711016,1.0,0.01989048346877098,0.019543958827853203,0.019367318600416183,0.019320126622915268,0.0005703568458557129,0.00022383220493793488,4.719197750091553e-05
25,25-1:333:54,all,16to32,False,1.0,0.997303157030838,0.9870598139396315,1.0,0.01942947693169117,0.01947762258350849,0.019615413621068,0.01952427066862583,-9.479373693466187e-05,-4.664808511734009e-05,9.114295244216919e-05
25,25-1:333:54,inner_half,16to32,False,1.0,0.997303157030838,0.9870598139396315,1.0,0.01839587837457657,0.01834062859416008,0.01832864060997963,0.018342362716794014,5.3515657782554626e-05,-1.734122633934021e-06,-1.372210681438446e-05
25,25-1:333:55,all,lt16,False,1.0,0.9983558446288909,0.821138439295911,1.0,0.015166393481194973,0.015375891700387001,0.01538621261715889,0.015369294211268425,-0.000202900730073452,6.59748911857605e-06,1.6918405890464783e-05
25,25-1:333:55,inner_half,lt16,False,1.0,0.9983558446288909,0.821138439295911,1.0,0.01368266623467207,0.013717550784349442,0.013723116368055344,0.013785168528556824,-0.00010250229388475418,-6.76177442073822e-05,-6.20521605014801e-05
25,25-1:333:56,all,16to32,True,0.671875,0.9921849970465554,0.9990963891315775,0.74609375,0.04747205972671509,0.024239618331193924,0.02456877939403057,0.024891987442970276,0.022580072283744812,-0.0006523691117763519,-0.0003232080489397049
25,25-1:333:56,inner_half,16to32,True,0.671875,0.9921849970465554,0.9990963891315775,0.890625,0.06832198798656464,0.03133929520845413,0.03130554407835007,0.030797315761446953,0.03752467222511768,0.0005419794470071793,0.0005082283169031143
25,25-1:333:57,all,lt16,False,1.0,0.9981719788915792,0.8497670568934657,1.0,0.021283144131302834,0.02152065932750702,0.021233990788459778,0.02134113945066929,-5.799531936645508e-05,0.0001795198768377304,-0.0001071486622095108
25,25-1:333:57,inner_half,lt16,False,1.0,0.9981719788915792,0.8497670568934657,1.0,0.025082014501094818,0.02508341148495674,0.024662090465426445,0.02475041151046753,0.0003316029906272888,0.00033299997448921204,-8.832104504108429e-05
25,25-1:333:58,all,lt16,False,1.0,0.996712416251694,0.9535354547378837,1.0,0.015926148742437363,0.01592591404914856,0.0159793421626091,0.015975063666701317,-4.891492426395416e-05,-4.914961755275726e-05,4.278495907783508e-06
25,25-1:333:58,inner_half,lt16,False,1.0,0.996712416251694,0.9535354547378837,1.0,0.017297882586717606,0.01726582832634449,0.017276380211114883,0.017276380211114883,2.1502375602722168e-05,-1.0551884770393372e-05,0.0
25,25-1:333:59,all,lt16,False,1.0,0.996821965540702,0.8597608816267388,1.0,0.01351463794708252,0.013535656034946442,0.013505976647138596,0.013502545654773712,1.2092292308807373e-05,3.311038017272949e-05,3.430992364883423e-06
25,25-1:333:59,inner_half,lt16,False,1.0,0.996821965540702,0.8597608816267388,1.0,0.01749410852789879,0.017628565430641174,0.01746179535984993,0.017475558444857597,1.85500830411911e-05,0.00015300698578357697,-1.3763085007667542e-05
25,25-1:333:60,all,16to32,False,1.0,0.9998289831466032,0.9455910737574604,1.0,0.023372292518615723,0.023532509803771973,0.023570403456687927,0.023548835888504982,-0.00017654336988925934,-1.632608473300934e-05,2.156756818294525e-05
25,25-1:333:60,inner_half,16to32,False,1.0,0.9998289831466032,0.9455910737574604,1.0,0.0286361426115036,0.028377240523695946,0.02848704531788826,0.02837185561656952,0.00026428699493408203,5.384907126426697e-06,0.00011518970131874084
25,25-1:333:61,all,lt16,False,1.0,0.9986211513767929,0.7722417290022717,1.0,0.015819121152162552,0.015872273594141006,0.015874722972512245,0.015890344977378845,-7.122382521629333e-05,-1.8071383237838745e-05,-1.5622004866600037e-05
25,25-1:333:61,inner_half,lt16,False,1.0,0.9986211513767929,0.7722417290022717,1.0,0.01466832123696804,0.014672370627522469,0.014672370627522469,0.014672370627522469,-4.049390554428101e-06,0.0,0.0
25,25-1:333:62,all,lt16,False,1.0,0.9991888066435116,0.615117296133411,1.0,0.0277725737541914,0.02767477184534073,0.027352076023817062,0.027498718351125717,0.00027385540306568146,0.0001760534942150116,-0.00014664232730865479
25,25-1:333:62,inner_half,lt16,False,1.0,0.9991888066435116,0.615117296133411,1.0,0.027404725551605225,0.026583602651953697,0.026578575372695923,0.027424734085798264,-2.000853419303894e-05,-0.0008411314338445663,-0.0008461587131023407
25,25-1:333:63,all,lt16,False,1.0,0.9985629579408295,0.7647646416083393,1.0,0.020037569105625153,0.019984567537903786,0.020058536902070045,0.020034387707710266,3.1813979148864746e-06,-4.982016980648041e-05,2.4149194359779358e-05
25,25-1:333:63,inner_half,lt16,False,1.0,0.9985629579408295,0.7647646416083393,1.0,0.02426285296678543,0.02426285296678543,0.024282459169626236,0.024282459169626236,-1.9606202840805054e-05,-1.9606202840805054e-05,0.0
25,25-1:333:64,all,lt16,False,1.0,0.998193170790688,0.7590423374226107,1.0,0.019315265119075775,0.019175102934241295,0.0192047618329525,0.01921798288822174,9.728223085403442e-05,-4.287995398044586e-05,-1.3221055269241333e-05
25,25-1:333:64,inner_half,lt16,False,1.0,0.998193170790688,0.7590423374226107,1.0,0.023193661123514175,0.023047536611557007,0.023159552365541458,0.023269854485988617,-7.619336247444153e-05,-0.0002223178744316101,-0.00011030212044715881
25,25-1:333:65,all,lt16,False,1.0,0.9967578818644509,0.9335866405432713,1.0,0.029312921687960625,0.02941342070698738,0.029236378148198128,0.029218925163149834,9.399652481079102e-05,0.0001944955438375473,1.7452985048294067e-05
25,25-1:333:65,inner_half,lt16,False,1.0,0.9967578818644509,0.9335866405432713,1.0,0.023686088621616364,0.023710742592811584,0.023686088621616364,0.023686088621616364,0.0,2.4653971195220947e-05,0.0
25,25-1:333:66,all,lt16,False,1.0,0.9981583787197821,0.9484528991905528,1.0,0.01990313082933426,0.019790899008512497,0.0199383944272995,0.01993156597018242,-2.843514084815979e-05,-0.00014066696166992188,6.8284571170806885e-06
25,25-1:333:66,inner_half,lt16,False,1.0,0.9981583787197821,0.9484528991905528,1.0,0.01697716861963272,0.01697716861963272,0.016858728602528572,0.01685430109500885,0.00012286752462387085,0.00012286752462387085,4.427507519721985e-06
25,25-1:333:67,all,lt16,False,1.0,0.9912160205074044,0.9603655693044637,1.0,0.016648026183247566,0.016564631834626198,0.016396302729845047,0.016459226608276367,0.00018879957497119904,0.00010540522634983063,-6.292387843132019e-05
25,25-1:333:67,inner_half,lt16,False,1.0,0.9912160205074044,0.9603655693044637,1.0,0.015357163734734058,0.015341824851930141,0.015437169000506401,0.015535423532128334,-0.00017825979739427567,-0.0001935986801981926,-9.825453162193298e-05
25,25-1:333:68,all,lt16,False,1.0,0.997968338404294,0.8977463244641819,1.0,0.022206328809261322,0.021913519129157066,0.021828100085258484,0.02161962352693081,0.000586705282330513,0.0002938956022262573,0.00020847655832767487
25,25-1:333:68,inner_half,lt16,False,1.0,0.997968338404294,0.8977463244641819,1.0,0.020158037543296814,0.020162684842944145,0.02063259668648243,0.020733164623379707,-0.0005751270800828934,-0.0005704797804355621,-0.00010056793689727783
25,25-1:333:69,all,16to32,False,1.0,0.9875204443323573,0.6235590641876929,1.0,0.0178975872695446,0.017951028421521187,0.01788947358727455,0.017901625484228134,-4.038214683532715e-06,4.940293729305267e-05,-1.2151896953582764e-05
25,25-1:333:69,inner_half,16to32,False,1.0,0.9875204443323573,0.6235590641876929,1.0,0.019094908609986305,0.01919487863779068,0.01921522431075573,0.019210677593946457,-0.00011576898396015167,-1.5798956155776978e-05,4.546716809272766e-06
25,25-1:333:70,all,16to32,False,1.0,0.9991708574349888,0.8390530342116853,1.0,0.01874271035194397,0.019207600504159927,0.01916338875889778,0.0192025788128376,-0.000459868460893631,5.02169132232666e-06,-3.9190053939819336e-05
25,25-1:333:70,inner_half,16to32,False,1.0,0.9991708574349888,0.8390530342116853,1.0,0.015065808780491352,0.01537627074867487,0.01547432504594326,0.015441693365573883,-0.000375884585082531,-6.542261689901352e-05,3.2631680369377136e-05
25,25-1:333:71,all,lt16,False,1.0,0.9967836423484218,0.9267544469850602,1.0,0.019710052758455276,0.01962645724415779,0.02024289220571518,0.02017800696194172,-0.00046795420348644257,-0.0005515497177839279,6.488524377346039e-05
25,25-1:333:71,inner_half,lt16,False,1.0,0.9967836423484218,0.9267544469850602,1.0,0.018650706857442856,0.018671929836273193,0.01952073723077774,0.019525881856679916,-0.0008751749992370605,-0.000853952020406723,-5.144625902175903e-06
25,25-1:333:72,all,lt16,False,1.0,0.9977297266838332,0.7357378268625405,1.0,0.015185845084488392,0.015176445245742798,0.015167560428380966,0.0153322359547019,-0.0001463908702135086,-0.00015579070895910263,-0.0001646755263209343
25,25-1:333:72,inner_half,lt16,False,1.0,0.9977297266838332,0.7357378268625405,1.0,0.015372882597148418,0.015330357477068901,0.015361113473773003,0.015284622088074684,8.826050907373428e-05,4.573538899421692e-05,7.649138569831848e-05
25,25-1:333:73,all,lt16,False,1.0,0.9997060612803688,0.7251093532818829,1.0,0.01643184944987297,0.016396544873714447,0.016396544873714447,0.01651771366596222,-8.586421608924866e-05,-0.00012116879224777222,-0.00012116879224777222
25,25-1:333:73,inner_half,lt16,False,1.0,0.9997060612803688,0.7251093532818829,1.0,0.016939889639616013,0.01677708886563778,0.01677708886563778,0.017045743763446808,-0.00010585412383079529,-0.0002686548978090286,-0.0002686548978090286
25,25-1:333:74,all,lt16,False,1.0,0.999829677395745,0.9066642417957229,1.0,0.016782794147729874,0.016771025955677032,0.01677539199590683,0.016671065241098404,0.00011172890663146973,9.996071457862854e-05,0.0001043267548084259
25,25-1:333:74,inner_half,lt16,False,1.0,0.999829677395745,0.9066642417957229,1.0,0.015933608636260033,0.0158471018075943,0.0158471018075943,0.0158471018075943,8.650682866573334e-05,0.0,0.0
25,25-1:333:75,all,lt16,False,1.0,0.9990912978700962,0.547454746141249,1.0,0.014753272756934166,0.014825080521404743,0.014785357750952244,0.014791824854910374,-3.855209797620773e-05,3.325566649436951e-05,-6.467103958129883e-06
25,25-1:333:75,inner_half,lt16,False,1.0,0.9990912978700962,0.547454746141249,1.0,0.0174406748265028,0.017505839467048645,0.017505839467048645,0.017476338893175125,-3.5664066672325134e-05,2.9500573873519897e-05,2.9500573873519897e-05
25,25-1:333:76,all,lt16,False,1.0,0.9975651692841333,0.8636714611293145,1.0,0.01806662790477276,0.018107276409864426,0.018031219020485878,0.01806330308318138,3.3248215913772583e-06,4.3973326683044434e-05,-3.2084062695503235e-05
25,25-1:333:76,inner_half,lt16,False,1.0,0.9975651692841333,0.8636714611293145,1.0,0.019219735637307167,0.0191892571747303,0.019426735118031502,0.019389156252145767,-0.00016942061483860016,-0.0001998990774154663,3.757886588573456e-05
25,25-1:333:77,all,16to32,False,0.39453125,0.9996549551028256,0.9984185832312039,0.5546875,0.04043110832571983,0.033637214452028275,0.034571707248687744,0.03391961380839348,0.006511494517326355,-0.00028239935636520386,0.0006520934402942657
25,25-1:333:77,inner_half,16to32,False,0.39453125,0.9996549551028256,0.9984185832312039,0.890625,0.015217237174510956,0.015624183230102062,0.015619033016264439,0.015897778794169426,-0.0006805416196584702,-0.00027359556406736374,-0.00027874577790498734
25,25-1:333:78,all,lt16,False,1.0,0.999093279924181,0.9655885700437478,1.0,0.02000766061246395,0.02002962864935398,0.019876811653375626,0.019999802112579346,7.858499884605408e-06,2.9826536774635315e-05,-0.0001229904592037201
25,25-1:333:78,inner_half,lt16,False,1.0,0.999093279924181,0.9655885700437478,1.0,0.02550307847559452,0.026118677109479904,0.025789186358451843,0.025955157354474068,-0.0004520788788795471,0.0001635197550058365,-0.00016597099602222443
25,25-1:333:79,all,16to32,False,1.0,0.9037462720272875,0.7083253638802354,1.0,0.01403084583580494,0.013932904228568077,0.013952132314443588,0.01391226053237915,0.00011858530342578888,2.0643696188926697e-05,3.9871782064437866e-05
25,25-1:333:79,inner_half,16to32,False,1.0,0.9037462720272875,0.7083253638802354,1.0,0.013389398343861103,0.01329583115875721,0.013341367244720459,0.013248678296804428,0.00014072004705667496,4.715286195278168e-05,9.268894791603088e-05
25,25-1:333:80,all,lt16,False,1.0,0.9987361280489765,0.8210249057816614,1.0,0.016690857708454132,0.016643669456243515,0.016725528985261917,0.016707055270671844,-1.6197562217712402e-05,-6.338581442832947e-05,1.8473714590072632e-05
25,25-1:333:80,inner_half,lt16,False,1.0,0.9987361280489765,0.8210249057816614,1.0,0.01903820037841797,0.019297918304800987,0.019269634038209915,0.01930057257413864,-0.0002623721957206726,-2.6542693376541138e-06,-3.0938535928726196e-05
25,25-1:333:81,all,lt16,False,1.0,0.9981704298421686,0.6968052884409849,1.0,0.01469636894762516,0.014958527870476246,0.014952672645449638,0.014795955270528793,-9.958632290363312e-05,0.00016257259994745255,0.00015671737492084503
25,25-1:333:81,inner_half,lt16,False,1.0,0.9981704298421686,0.6968052884409849,1.0,0.014846818521618843,0.015497861430048943,0.01543391402810812,0.0150704775005579,-0.0002236589789390564,0.0004273839294910431,0.0003634365275502205
25,25-1:333:82,all,lt16,False,1.0,0.9996913241309966,0.6273251932917052,1.0,0.01961607299745083,0.019612222909927368,0.01963910087943077,0.019677666947245598,-6.159394979476929e-05,-6.544403731822968e-05,-3.8566067814826965e-05
25,25-1:333:82,inner_half,lt16,False,1.0,0.9996913241309966,0.6273251932917052,1.0,0.023780856281518936,0.023788953199982643,0.023836983367800713,0.02412179484963417,-0.0003409385681152344,-0.0003328416496515274,-0.00028481148183345795
25,25-1:333:83,all,lt16,False,1.0,0.9989900168155035,0.6487104035968893,1.0,0.017488772049546242,0.017473507672548294,0.017606917768716812,0.017717495560646057,-0.00022872351109981537,-0.00024398788809776306,-0.000110577791929245
25,25-1:333:83,inner_half,lt16,False,1.0,0.9989900168155035,0.6487104035968893,1.0,0.01776111125946045,0.017857331782579422,0.017972640693187714,0.01826215721666813,-0.0005010459572076797,-0.00040482543408870697,-0.00028951652348041534
25,25-1:333:84,all,lt16,False,1.0,0.9985404443285266,0.8849090960291748,1.0,0.02095666527748108,0.020966216921806335,0.020994169637560844,0.021043900400400162,-8.723512291908264e-05,-7.76834785938263e-05,-4.973076283931732e-05
25,25-1:333:84,inner_half,lt16,False,1.0,0.9985404443285266,0.8849090960291748,1.0,0.01986672356724739,0.0199294351041317,0.01977786421775818,0.019868159666657448,-1.4360994100570679e-06,6.12754374742508e-05,-9.02954488992691e-05
25,25-1:333:85,all,lt16,False,1.0,0.9989481215965451,0.8416662463972899,1.0,0.018029380589723587,0.017973287031054497,0.018133852630853653,0.018139269202947617,-0.00010988861322402954,-0.0001659821718931198,-5.416572093963623e-06
25,25-1:333:85,inner_half,lt16,False,1.0,0.9989481215965451,0.8416662463972899,1.0,0.015452824532985687,0.015578724443912506,0.015556763857603073,0.015556763857603073,-0.00010393932461738586,2.1960586309432983e-05,0.0
25,25-1:333:86,all,lt16,False,1.0,0.9994870693347899,0.8081933443922671,1.0,0.015720801427960396,0.01568641886115074,0.01567406766116619,0.015784569084644318,-6.376765668392181e-05,-9.815022349357605e-05,-0.00011050142347812653
25,25-1:333:86,inner_half,lt16,False,1.0,0.9994870693347899,0.8081933443922671,1.0,0.015442355535924435,0.015487254597246647,0.01545083150267601,0.015719445422291756,-0.000277089886367321,-0.0002321908250451088,-0.00026861391961574554
25,25-1:333:87,all,lt16,False,1.0,0.9993695982046767,0.8040900593251193,1.0,0.018419843167066574,0.018434852361679077,0.018527932465076447,0.018543165177106857,-0.0001233220100402832,-0.00010831281542778015,-1.5232712030410767e-05
25,25-1:333:87,inner_half,lt16,False,1.0,0.9993695982046767,0.8040900593251193,1.0,0.02062413841485977,0.020619049668312073,0.020619049668312073,0.020619049668312073,5.088746547698975e-06,0.0,0.0
25,25-1:333:88,all,lt16,False,1.0,0.9984826849166059,0.7980942530315921,1.0,0.01703869178891182,0.01708105206489563,0.01709463633596897,0.01715143397450447,-0.00011274218559265137,-7.038190960884094e-05,-5.679763853549957e-05
25,25-1:333:88,inner_half,lt16,False,1.0,0.9984826849166059,0.7980942530315921,1.0,0.015690144151449203,0.01564817875623703,0.015781737864017487,0.015742722898721695,-5.2578747272491455e-05,-9.454414248466492e-05,3.9014965295791626e-05
25,25-1:333:89,all,lt16,False,1.0,0.9996121663010766,0.7044287714773723,1.0,0.015319282189011574,0.015309248119592667,0.015239762142300606,0.01522187888622284,9.740330278873444e-05,8.736923336982727e-05,1.788325607776642e-05
25,25-1:333:89,inner_half,lt16,False,1.0,0.9996121663010766,0.7044287714773723,1.0,0.0177830308675766,0.017800725996494293,0.017839279025793076,0.017735641449689865,4.738941788673401e-05,6.50845468044281e-05,0.00010363757610321045
25,25-1:333:90,all,lt16,False,1.0,0.9994357314200879,0.651674955441776,1.0,0.021027859300374985,0.020826533436775208,0.020798752084374428,0.021051030606031418,-2.3171305656433105e-05,-0.00022449716925621033,-0.00025227852165699005
25,25-1:333:90,inner_half,lt16,False,1.0,0.9994357314200879,0.651674955441776,1.0,0.026578620076179504,0.026493467390537262,0.02657993510365486,0.027008455246686935,-0.00042983517050743103,-0.0005149878561496735,-0.000428520143032074
25,25-1:333:91,all,16to32,True,0.74609375,0.9993632903129814,0.99968423628061,0.80078125,0.023918088525533676,0.030183596536517143,0.03090481646358967,0.031031087040901184,-0.007112998515367508,-0.0008474905043840408,-0.0001262705773115158
25,25-1:333:91,inner_half,16to32,True,0.74609375,0.9993632903129814,0.99968423628061,1.0,0.02265757881104946,0.018856210634112358,0.018858106806874275,0.01851365715265274,0.004143921658396721,0.0003425534814596176,0.00034444965422153473
25,25-1:333:92,all,lt16,False,1.0,0.9943779313550771,0.8434255906377032,1.0,0.015826376155018806,0.015696074813604355,0.01565488986670971,0.015679962933063507,0.00014641322195529938,1.611188054084778e-05,-2.5073066353797913e-05
25,25-1:333:92,inner_half,lt16,False,1.0,0.9943779313550771,0.8434255906377032,1.0,0.014737976714968681,0.014659886248409748,0.014716053381562233,0.014772382564842701,-3.440584987401962e-05,-0.00011249631643295288,-5.632918328046799e-05
25,25-1:333:93,all,lt16,False,0.9375,0.998720503292661,0.7209106880706122,1.0,0.01601090282201767,0.015979954972863197,0.015947742387652397,0.015942316502332687,6.85863196849823e-05,3.763847053050995e-05,5.425885319709778e-06
25,25-1:333:93,inner_half,lt16,False,0.9375,0.998720503292661,0.7209106880706122,1.0,0.019949357956647873,0.01992197148501873,0.01970868743956089,0.01966199278831482,0.0002873651683330536,0.00025997869670391083,4.669465124607086e-05
25,25-1:333:94,all,lt16,False,1.0,0.9945784109461083,0.9170632364621374,1.0,0.014015275985002518,0.014071835204958916,0.014134449884295464,0.014082460664212704,-6.7184679210186e-05,-1.0625459253787994e-05,5.198922008275986e-05
25,25-1:333:94,inner_half,lt16,False,1.0,0.9945784109461083,0.9170632364621374,1.0,0.016856689006090164,0.016698714345693588,0.016821665689349174,0.01679038815200329,6.630085408687592e-05,-9.167380630970001e-05,3.127753734588623e-05
25,25-1:333:95,all,lt16,False,1.0,0.9963033926827652,0.9080115771644699,1.0,0.014996172860264778,0.014897589571774006,0.014924726448953152,0.01494304183870554,5.3131021559238434e-05,-4.5452266931533813e-05,-1.8315389752388e-05
25,25-1:333:95,inner_half,lt16,False,1.0,0.9963033926827652,0.9080115771644699,1.0,0.01477778796106577,0.01470472477376461,0.014710888266563416,0.01469467207789421,8.311588317155838e-05,1.0052695870399475e-05,1.6216188669204712e-05
25,25-1:333:96,all,16to32,False,1.0,0.9978148484054337,0.7798232248553296,1.0,0.02357284352183342,0.02344028279185295,0.023545771837234497,0.023508932441473007,6.39110803604126e-05,-6.864964962005615e-05,3.683939576148987e-05
25,25-1:333:96,inner_half,16to32,False,1.0,0.9978148484054337,0.7798232248553296,1.0,0.023170560598373413,0.02319178357720375,0.02320057898759842,0.023144051432609558,2.650916576385498e-05,4.7732144594192505e-05,5.6527554988861084e-05
25,25-2:167:0,all,16to32,False,0.6484375,0.8932783651891641,0.9020141731584423,1.0,0.06326325237751007,0.06322032958269119,0.06329736113548279,0.0632503479719162,1.290440559387207e-05,-3.0018389225006104e-05,4.7013163566589355e-05
25,25-2:167:0,inner_half,16to32,False,0.6484375,0.8932783651891641,0.9020141731584423,1.0,0.14184151589870453,0.14144140481948853,0.14153319597244263,0.14154990017414093,0.00029161572456359863,-0.00010849535465240479,-1.6704201698303223e-05
25,25-2:167:2,all,16to32,False,1.0,0.9990873992390016,0.8705750204557033,1.0,0.013644259423017502,0.013694403693079948,0.013677195645868778,0.01368672028183937,-4.2460858821868896e-05,7.683411240577698e-06,-9.524635970592499e-06
25,25-2:167:2,inner_half,16to32,False,1.0,0.9990873992390016,0.8705750204557033,1.0,0.015663595870137215,0.01569686457514763,0.0156620591878891,0.015719065442681313,-5.54695725440979e-05,-2.2200867533683777e-05,-5.700625479221344e-05
25,25-2:167:3,all,16to32,False,1.0,0.9988955504158591,0.8128634630244473,1.0,0.014054792001843452,0.014096897095441818,0.014131653122603893,0.014119146391749382,-6.435438990592957e-05,-2.2249296307563782e-05,1.2506730854511261e-05
25,25-2:167:3,inner_half,16to32,False,1.0,0.9988955504158591,0.8128634630244473,1.0,0.015789436176419258,0.015790533274412155,0.01590227149426937,0.015889964997768402,-0.00010052882134914398,-9.943172335624695e-05,1.2306496500968933e-05
25,25-2:167:4,all,16to32,False,1.0,0.9995886322973423,0.6957339383900703,1.0,0.015676241368055344,0.015635831281542778,0.015629522502422333,0.015599679201841354,7.656216621398926e-05,3.6152079701423645e-05,2.9843300580978394e-05
25,25-2:167:4,inner_half,16to32,False,1.0,0.9995886322973423,0.6957339383900703,1.0,0.01364227570593357,0.01364227570593357,0.01362593937665224,0.01364227570593357,0.0,0.0,-1.633632928133011e-05
25,25-2:167:15,all,ge32,True,0.88671875,0.9990644885943685,0.9983913693351252,0.93359375,0.0362820141017437,0.018695006147027016,0.018879219889640808,0.018664119765162468,0.01761789433658123,3.088638186454773e-05,0.00021510012447834015
25,25-2:167:15,inner_half,ge32,True,0.88671875,0.9990644885943685,0.9983913693351252,1.0,0.011910857632756233,0.011277047917246819,0.011491131037473679,0.011793091893196106,0.00011776573956012726,-0.0005160439759492874,-0.00030196085572242737
25,25-2:167:16,all,ge32,False,1.0,0.9995786459168498,0.8955504163882901,1.0,0.018610142171382904,0.018940504640340805,0.018935663625597954,0.019011270254850388,-0.0004011280834674835,-7.076561450958252e-05,-7.560662925243378e-05
25,25-2:167:16,inner_half,ge32,False,1.0,0.9995786459168498,0.8955504163882901,1.0,0.024086765944957733,0.023972494527697563,0.023972494527697563,0.02422212064266205,-0.00013535469770431519,-0.00024962611496448517,-0.00024962611496448517
25,25-2:167:17,all,ge32,False,1.0,0.9983151410943352,0.7890689485020973,1.0,0.01936011202633381,0.019242893904447556,0.01924108900129795,0.019278015941381454,8.209608495235443e-05,-3.5122036933898926e-05,-3.692694008350372e-05
25,25-2:167:17,inner_half,ge32,False,1.0,0.9983151410943352,0.7890689485020973,1.0,0.024765055626630783,0.024583544582128525,0.024642247706651688,0.024939104914665222,-0.0001740492880344391,-0.0003555603325366974,-0.00029685720801353455
25,25-2:167:18,all,16to32,False,1.0,0.984696586297193,0.8804816678914736,1.0,0.01836509257555008,0.018296241760253906,0.018290692940354347,0.018255051225423813,0.00011004135012626648,4.1190534830093384e-05,3.564171493053436e-05
25,25-2:167:18,inner_half,16to32,False,1.0,0.984696586297193,0.8804816678914736,1.0,0.024886826053261757,0.024877551943063736,0.024873243644833565,0.024676894769072533,0.00020993128418922424,0.0002006571739912033,0.0001963488757610321
25,25-2:167:19,all,16to32,False,1.0,0.978516747512166,0.8521962866097884,1.0,0.014933174476027489,0.014888864010572433,0.014791611582040787,0.01496097445487976,-2.7799978852272034e-05,-7.211044430732727e-05,-0.000169362872838974
25,25-2:167:19,inner_half,16to32,False,1.0,0.978516747512166,0.8521962866097884,1.0,0.018574973568320274,0.0182949285954237,0.018326424062252045,0.018328916281461716,0.00024605728685855865,-3.398768603801727e-05,-2.4922192096710205e-06
25,25-2:167:20,all,16to32,True,0.6953125,0.9996304048560375,0.9970380923898867,0.7109375,0.03273826837539673,0.04355260357260704,0.04317270964384079,0.045225635170936584,-0.012487366795539856,-0.001673031598329544,-0.0020529255270957947
25,25-2:167:20,inner_half,16to32,True,0.6953125,0.9996304048560375,0.9970380923898867,1.0,0.036664772778749466,0.041182614862918854,0.04112941771745682,0.04217243567109108,-0.005507662892341614,-0.000989820808172226,-0.001043017953634262
25,25-2:167:21,all,16to32,False,1.0,0.9832958705011312,0.8882943132866833,1.0,0.016014739871025085,0.016260551288723946,0.01623847708106041,0.01600687764585018,7.86222517490387e-06,0.00025367364287376404,0.00023159943521022797
25,25-2:167:21,inner_half,16to32,False,1.0,0.9832958705011312,0.8882943132866833,1.0,0.021101409569382668,0.02096569538116455,0.02096569538116455,0.020704500377178192,0.0003969091922044754,0.00026119500398635864,0.00026119500398635864
25,25-2:167:22,all,16to32,False,1.0,0.9668152279447284,0.6315305595199141,1.0,0.024211276322603226,0.023867109790444374,0.024158256128430367,0.024051859974861145,0.0001594163477420807,-0.00018475018441677094,0.0001063961535692215
25,25-2:167:22,inner_half,16to32,False,1.0,0.9668152279447284,0.6315305595199141,1.0,0.018323352560400963,0.018327422440052032,0.018386300653219223,0.01831257902085781,1.0773539543151855e-05,1.4843419194221497e-05,7.372163236141205e-05
25,25-2:167:23,all,16to32,False,1.0,0.9956481331033018,0.8789400538391015,1.0,0.017751630395650864,0.01789035275578499,0.01789182238280773,0.017814386636018753,-6.27562403678894e-05,7.596611976623535e-05,7.743574678897858e-05
25,25-2:167:23,inner_half,16to32,False,1.0,0.9956481331033018,0.8789400538391015,1.0,0.01952039822936058,0.019456233829259872,0.019485434517264366,0.01941484399139881,0.0001055542379617691,4.1389837861061096e-05,7.059052586555481e-05
25,25-2:167:24,all,16to32,False,1.0,0.9695257832784849,0.7869081312632261,1.0,0.022140897810459137,0.02235235646367073,0.022351600229740143,0.022426627576351166,-0.0002857297658920288,-7.427111268043518e-05,-7.502734661102295e-05
25,25-2:167:24,inner_half,16to32,False,1.0,0.9695257832784849,0.7869081312632261,1.0,0.021092556416988373,0.02101384848356247,0.02095339074730873,0.020986001938581467,0.00010655447840690613,2.7846544981002808e-05,-3.2611191272735596e-05
25,25-2:167:25,all,16to32,False,1.0,0.97724948674073,0.8672580020282985,1.0,0.017426809296011925,0.017220765352249146,0.017176926136016846,0.017322715371847153,0.00010409392416477203,-0.0001019500195980072,-0.000145789235830307
25,25-2:167:25,inner_half,16to32,False,1.0,0.97724948674073,0.8672580020282985,1.0,0.02067023515701294,0.020016426220536232,0.02002861350774765,0.020021431148052216,0.0006488040089607239,-5.0049275159835815e-06,7.18235969543457e-06
25,25-2:167:26,all,16to32,False,1.0,0.9835219773207208,0.849187702025335,1.0,0.017330050468444824,0.017554733902215958,0.01771540567278862,0.0175190232694149,-0.00018897280097007751,3.571063280105591e-05,0.00019638240337371826
25,25-2:167:26,inner_half,16to32,False,1.0,0.9835219773207208,0.849187702025335,1.0,0.022352591156959534,0.022291118279099464,0.022974971681833267,0.02251836284995079,-0.00016577169299125671,-0.000227244570851326,0.0004566088318824768
25,25-2:167:27,all,16to32,False,1.0,0.9522533952486167,0.8574767192238667,1.0,0.02142646163702011,0.021273959428071976,0.02125811018049717,0.02133673056960106,8.973106741905212e-05,-6.277114152908325e-05,-7.862038910388947e-05
25,25-2:167:27,inner_half,16to32,False,1.0,0.9522533952486167,0.8574767192238667,1.0,0.02411407232284546,0.023948360234498978,0.023943353444337845,0.024105114862322807,8.957460522651672e-06,-0.00015675462782382965,-0.00016176141798496246
25,25-2:167:28,all,16to32,False,1.0,0.9828069794991188,0.6966365763930551,1.0,0.017699792981147766,0.01761467754840851,0.017601873725652695,0.017663393169641495,3.639981150627136e-05,-4.871562123298645e-05,-6.151944398880005e-05
25,25-2:167:28,inner_half,16to32,False,1.0,0.9828069794991188,0.6966365763930551,1.0,0.020879272371530533,0.02066812291741371,0.02066812291741371,0.020530473440885544,0.000348798930644989,0.00013764947652816772,0.00013764947652816772
25,25-2:167:29,all,16to32,False,1.0,0.9628539848366602,0.8084041071579658,1.0,0.015275808051228523,0.015220323577523232,0.015159836038947105,0.015196427702903748,7.93803483247757e-05,2.3895874619483948e-05,-3.659166395664215e-05
25,25-2:167:29,inner_half,16to32,False,1.0,0.9628539848366602,0.8084041071579658,1.0,0.016742680221796036,0.016656870022416115,0.016636844724416733,0.016692832112312317,4.984810948371887e-05,-3.596208989620209e-05,-5.5987387895584106e-05
25,25-2:167:30,all,16to32,False,0.875,0.999256466559969,0.8216130071578277,0.9375,0.016534967347979546,0.01654903218150139,0.01657198928296566,0.01650005392730236,3.491342067718506e-05,4.8978254199028015e-05,7.193535566329956e-05
25,25-2:167:30,inner_half,16to32,False,0.875,0.999256466559969,0.8216130071578277,1.0,0.015252367593348026,0.015172143466770649,0.015163865871727467,0.015171685256063938,8.068233728408813e-05,4.5821070671081543e-07,-7.819384336471558e-06
25,25-2:167:31,all,16to32,False,0.875,0.9994000398704198,0.8376017144058657,0.9375,0.016861144453287125,0.016899190843105316,0.01686081849038601,0.01683330535888672,2.7839094400405884e-05,6.588548421859741e-05,2.7513131499290466e-05
25,25-2:167:31,inner_half,16to32,False,0.875,0.9994000398704198,0.8376017144058657,1.0,0.018417520448565483,0.018771082162857056,0.018861599266529083,0.018754569813609123,-0.00033704936504364014,1.6512349247932434e-05,0.00010702945291996002
25,25-2:333:0,all,lt16,False,1.0,0.9934037706845409,0.7983556845396795,1.0,0.01231323927640915,0.012334536761045456,0.01237230934202671,0.01233578845858574,-2.2549182176589966e-05,-1.2516975402832031e-06,3.6520883440971375e-05
25,25-2:333:0,inner_half,lt16,False,1.0,0.9934037706845409,0.7983556845396795,1.0,0.00990791991353035,0.009932395070791245,0.009882110171020031,0.009887316264212132,2.060364931821823e-05,4.5078806579113007e-05,-5.206093192100525e-06
25,25-2:333:1,all,lt16,False,1.0,0.9997571581951656,0.8709130153466897,1.0,0.034005776047706604,0.03397434949874878,0.03398482874035835,0.033886805176734924,0.00011897087097167969,8.754432201385498e-05,9.802356362342834e-05
25,25-2:333:1,inner_half,lt16,False,1.0,0.9997571581951656,0.8709130153466897,1.0,0.06912361085414886,0.06926417350769043,0.0692448690533638,0.06918755918741226,-6.394833326339722e-05,7.661432027816772e-05,5.7309865951538086e-05
25,25-2:333:13,all,16to32,False,0.4375,0.9992230235046905,0.9999150298055224,0.52734375,0.06434712558984756,0.0345914326608181,0.03428875282406807,0.034456122666597366,0.0298910029232502,0.00013530999422073364,-0.00016736984252929688
25,25-2:333:13,inner_half,16to32,False,0.4375,0.9992230235046905,0.9999150298055224,0.65625,0.14983490109443665,0.06171131134033203,0.06193942204117775,0.06198607012629509,0.08784883096814156,-0.00027475878596305847,-4.664808511734009e-05
25,25-2:333:14,all,16to32,False,0.88671875,0.9125759270959765,0.8219866458549794,1.0,0.06531523913145065,0.06525158137083054,0.06549761444330215,0.06563487648963928,-0.00031963735818862915,-0.00038329511880874634,-0.00013726204633712769
25,25-2:333:14,inner_half,16to32,False,0.88671875,0.9125759270959765,0.8219866458549794,1.0,0.11913958936929703,0.11917170882225037,0.11934883147478104,0.11961301416158676,-0.0004734247922897339,-0.00044130533933639526,-0.0002641826868057251
25,25-2:333:15,all,lt16,False,0.4453125,0.9999206009289261,0.99984430078718,0.5234375,0.03151468187570572,0.03499012440443039,0.034895122051239014,0.0358361192047596,-0.004321437329053879,-0.0008459948003292084,-0.0009409971535205841
25,25-2:333:15,inner_half,lt16,False,0.4453125,0.9999206009289261,0.99984430078718,0.921875,0.04903367534279823,0.042282186448574066,0.042213357985019684,0.044440701603889465,0.004592973738908768,-0.002158515155315399,-0.0022273436188697815
25,25-2:333:22,all,ge32,True,0.57421875,0.9994882254512548,0.9981157147581862,0.6953125,0.05097493529319763,0.03811559081077576,0.03783704340457916,0.03772205859422684,0.013252876698970795,0.0003935322165489197,0.00011498481035232544
25,25-2:333:22,inner_half,ge32,True,0.57421875,0.9994882254512548,0.9981157147581862,0.578125,0.04746497422456741,0.028664840385317802,0.02847166359424591,0.028359776362776756,0.019105197861790657,0.00030506402254104614,0.00011188723146915436
25,25-2:333:23,all,ge32,False,1.0,0.9851523553093511,0.8843716575156741,1.0,0.008196402341127396,0.008164603263139725,0.00818569678813219,0.008114583790302277,8.181855082511902e-05,5.001947283744812e-05,7.111299782991409e-05
25,25-2:333:23,inner_half,ge32,False,1.0,0.9851523553093511,0.8843716575156741,1.0,0.007606336381286383,0.007647904567420483,0.007665397133678198,0.007690269500017166,-8.393311873078346e-05,-4.23649325966835e-05,-2.4872366338968277e-05
25,25-2:333:24,all,16to32,False,1.0,0.9774348745444698,0.9016915763504754,1.0,0.010993856936693192,0.010977223515510559,0.010989056900143623,0.010927008464932442,6.684847176074982e-05,5.021505057811737e-05,6.204843521118164e-05
25,25-2:333:24,inner_half,16to32,False,1.0,0.9774348745444698,0.9016915763504754,1.0,0.011703172698616982,0.011711609549820423,0.011633221060037613,0.01161973923444748,8.343346416950226e-05,9.187031537294388e-05,1.3481825590133667e-05
25,25-2:333:25,all,16to32,True,0.70703125,0.9994987214195452,0.9960017727941162,0.73046875,0.036951519548892975,0.04347654804587364,0.04347272962331772,0.042062900960445404,-0.005111381411552429,0.001413647085428238,0.0014098286628723145
25,25-2:333:25,inner_half,16to32,True,0.70703125,0.9994987214195452,0.9960017727941162,1.0,0.023547405377030373,0.02213723212480545,0.022126581519842148,0.01909351535141468,0.004453890025615692,0.00304371677339077,0.0030330661684274673
25,25-2:333:26,all,ge32,False,1.0,0.9973408286853138,0.6091163588017905,1.0,0.012145264074206352,0.012099942192435265,0.012100640684366226,0.01206571888178587,7.954519242048264e-05,3.422331064939499e-05,3.49218025803566e-05
25,25-2:333:26,inner_half,ge32,False,1.0,0.9973408286853138,0.6091163588017905,1.0,0.010528706014156342,0.010461308062076569,0.010454047471284866,0.010603723116219044,-7.501710206270218e-05,-0.00014241505414247513,-0.0001496756449341774
25,25-2:333:27,all,16to32,False,1.0,0.9685155223735079,0.9048655894849722,1.0,0.011827376671135426,0.01177617534995079,0.011836707592010498,0.01188463345170021,-5.7256780564785004e-05,-0.00010845810174942017,-4.7925859689712524e-05
25,25-2:333:27,inner_half,16to32,False,1.0,0.9685155223735079,0.9048655894849722,1.0,0.014335480518639088,0.013827992603182793,0.014474544674158096,0.014588277786970139,-0.00025279726833105087,-0.0007602851837873459,-0.00011373311281204224
25,25-2:333:28,all,16to32,False,0.9375,0.9806820674239277,0.9100777411045086,1.0,0.024682287126779556,0.02501462586224079,0.024635206907987595,0.024682926014065742,-6.388872861862183e-07,0.00033169984817504883,-4.771910607814789e-05
25,25-2:333:28,inner_half,16to32,False,0.9375,0.9806820674239277,0.9100777411045086,1.0,0.017357461154460907,0.017508434131741524,0.017268601804971695,0.01697264239192009,0.00038481876254081726,0.000535791739821434,0.0002959594130516052
25,25-2:333:29,all,16to32,False,1.0,0.9866812433054165,0.7186407075670258,1.0,0.021257098764181137,0.0211295485496521,0.021107269451022148,0.020989133045077324,0.00026796571910381317,0.0001404155045747757,0.00011813640594482422
25,25-2:333:29,inner_half,16to32,False,1.0,0.9866812433054165,0.7186407075670258,1.0,0.026833325624465942,0.0267363078892231,0.026888715103268623,0.026877842843532562,-4.451721906661987e-05,-0.0001415349543094635,1.0872259736061096e-05
25,25-2:333:30,all,ge32,False,1.0,0.9078015910291223,0.9648747006680428,1.0,0.02010279893875122,0.020185206085443497,0.020781271159648895,0.020645052194595337,-0.0005422532558441162,-0.0004598461091518402,0.00013621896505355835
25,25-2:333:30,inner_half,ge32,False,1.0,0.9078015910291223,0.9648747006680428,1.0,0.021412048488855362,0.021473903208971024,0.021804049611091614,0.02193411998450756,-0.0005220714956521988,-0.00046021677553653717,-0.00013007037341594696
25,25-2:333:31,all,16to32,False,1.0,0.9908116399167907,0.6153310647301246,1.0,0.021467186510562897,0.021555498242378235,0.02136755734682083,0.021404854953289032,6.233155727386475e-05,0.00015064328908920288,-3.7297606468200684e-05
25,25-2:333:31,inner_half,16to32,False,1.0,0.9908116399167907,0.6153310647301246,1.0,0.02219012938439846,0.022280924022197723,0.02213984727859497,0.022145232185721397,4.489719867706299e-05,0.000135691836476326,-5.384907126426697e-06
25,25-2:333:32,all,ge32,False,1.0,0.976588491662686,0.5544084442150977,1.0,0.010505466721951962,0.010589683428406715,0.010446719825267792,0.010489683598279953,1.5783123672008514e-05,9.999983012676239e-05,-4.2963773012161255e-05
25,25-2:333:32,inner_half,ge32,False,1.0,0.976588491662686,0.5544084442150977,1.0,0.011572127230465412,0.011637968942523003,0.011594107374548912,0.011557785794138908,1.4341436326503754e-05,8.018314838409424e-05,3.632158041000366e-05
25,25-2:333:33,all,16to32,False,0.4609375,0.9998710311742945,0.9986329872207399,0.49609375,0.02319558896124363,0.031893134117126465,0.031861141324043274,0.031598735600709915,-0.008403146639466286,0.0002943985164165497,0.00026240572333335876
25,25-2:333:33,inner_half,16to32,False,0.4609375,0.9998710311742945,0.9986329872207399,0.84375,0.02446134202182293,0.03092169389128685,0.03083587810397148,0.02688990905880928,-0.002428567036986351,0.00403178483247757,0.003945969045162201
25,25-2:333:34,all,16to32,False,1.0,0.9949467560327878,0.7951342193222446,1.0,0.008792822249233723,0.008784569799900055,0.008816034533083439,0.008878551423549652,-8.572917431592941e-05,-9.398162364959717e-05,-6.251689046621323e-05
25,25-2:333:34,inner_half,16to32,False,1.0,0.9949467560327878,0.7951342193222446,1.0,0.006649619434028864,0.006537722423672676,0.006471879780292511,0.006548712961375713,0.00010090647265315056,-1.0990537703037262e-05,-7.683318108320236e-05
25,25-2:333:35,all,16to32,False,1.0,0.9978752939026811,0.6307446950461041,1.0,0.014855694957077503,0.014992695301771164,0.015000753104686737,0.015064600855112076,-0.0002089058980345726,-7.190555334091187e-05,-6.384775042533875e-05
25,25-2:333:35,inner_half,16to32,False,1.0,0.9978752939026811,0.6307446950461041,1.0,0.015891704708337784,0.016141731292009354,0.01675179973244667,0.016469743102788925,-0.0005780383944511414,-0.00032801181077957153,0.00028205662965774536
25,25-2:333:36,all,16to32,False,1.0,0.998355058992757,0.7328977662955609,1.0,0.010277702473104,0.01022995077073574,0.010211027227342129,0.010230659507215023,4.704296588897705e-05,-7.087364792823792e-07,-1.9632279872894287e-05
25,25-2:333:36,inner_half,16to32,False,1.0,0.998355058992757,0.7328977662955609,1.0,0.009216426871716976,0.009134666994214058,0.009089967235922813,0.009091105312108994,0.00012532155960798264,4.356168210506439e-05,-1.1380761861801147e-06
25,25-2:333:37,all,16to32,False,1.0,0.9943082281828106,0.573677858562184,1.0,0.01885036937892437,0.01889221742749214,0.018750138580799103,0.018815472722053528,3.489665687084198e-05,7.674470543861389e-05,-6.533414125442505e-05
25,25-2:333:37,inner_half,16to32,False,1.0,0.9943082281828106,0.573677858562184,1.0,0.014146752655506134,0.014387700706720352,0.013792930170893669,0.014001167379319668,0.00014558527618646622,0.00038653332740068436,-0.0002082372084259987
25,25-2:333:38,all,ge32,False,1.0,0.9648102625246324,0.7644608157337116,1.0,0.013650237582623959,0.013438355177640915,0.013646120205521584,0.013610216788947582,4.002079367637634e-05,-0.00017186161130666733,3.590341657400131e-05
25,25-2:333:38,inner_half,ge32,False,1.0,0.9648102625246324,0.7644608157337116,1.0,0.014856952242553234,0.014807408675551414,0.014982297085225582,0.015204057097434998,-0.00034710485488176346,-0.00039664842188358307,-0.00022176001220941544
25,25-2:333:39,all,ge32,False,1.0,0.9927514877775367,0.9554057430250483,1.0,0.02685065194964409,0.02690357342362404,0.026801031082868576,0.026207707822322845,0.0006429441273212433,0.0006958656013011932,0.0005933232605457306
25,25-2:333:39,inner_half,ge32,False,1.0,0.9927514877775367,0.9554057430250483,1.0,0.021871929988265038,0.022637739777565002,0.022585541009902954,0.022359751164913177,-0.00048782117664813995,0.00027798861265182495,0.0002257898449897766
25,25-2:333:40,all,16to32,False,1.0,0.9977222985692448,0.741622133401743,1.0,0.012096266262233257,0.011951053515076637,0.01195196621119976,0.011963884346187115,0.00013238191604614258,-1.2830831110477448e-05,-1.1918134987354279e-05
25,25-2:333:40,inner_half,16to32,False,1.0,0.9977222985692448,0.741622133401743,1.0,0.0122816301882267,0.012194087728857994,0.01220964640378952,0.012379107996821404,-9.747780859470367e-05,-0.00018502026796340942,-0.00016946159303188324
25,25-2:333:41,all,16to32,False,1.0,0.9789722326066671,0.8669956922652858,1.0,0.013981075026094913,0.014017682522535324,0.013909419998526573,0.013981924392282963,-8.493661880493164e-07,3.57581302523613e-05,-7.250439375638962e-05
25,25-2:333:41,inner_half,16to32,False,1.0,0.9789722326066671,0.8669956922652858,1.0,0.016788776963949203,0.016545535996556282,0.016343582421541214,0.016628332436084747,0.00016044452786445618,-8.279643952846527e-05,-0.0002847500145435333
25,25-2:333:42,all,ge32,False,1.0,0.9929778346124634,0.8304419502132362,1.0,0.02045801654458046,0.020160485059022903,0.02016589045524597,0.020126957446336746,0.0003310590982437134,3.3527612686157227e-05,3.8933008909225464e-05
25,25-2:333:42,inner_half,ge32,False,1.0,0.9929778346124634,0.8304419502132362,1.0,0.023457428440451622,0.022865206003189087,0.022842049598693848,0.023046616464853287,0.00041081197559833527,-0.00018141046166419983,-0.0002045668661594391
25,25-2:333:43,all,16to32,False,1.0,0.9904781488495545,0.8672142335442976,1.0,0.013234824873507023,0.013179793953895569,0.013040853664278984,0.013080451637506485,0.00015437323600053787,9.934231638908386e-05,-3.9597973227500916e-05
25,25-2:333:43,inner_half,16to32,False,1.0,0.9904781488495545,0.8672142335442976,1.0,0.014645781368017197,0.014548903331160545,0.014531590975821018,0.014512203633785248,0.00013357773423194885,3.6699697375297546e-05,1.9387342035770416e-05
25,25-2:333:44,all,16to32,False,1.0,0.9821924687019081,0.5829310024062428,1.0,0.015256967395544052,0.015430663712322712,0.015474386513233185,0.015417259186506271,-0.00016029179096221924,1.3404525816440582e-05,5.712732672691345e-05
25,25-2:333:44,inner_half,16to32,False,1.0,0.9821924687019081,0.5829310024062428,1.0,0.013920925557613373,0.013976814225316048,0.013940851204097271,0.014008946716785431,-8.80211591720581e-05,-3.213249146938324e-05,-6.809551268815994e-05
25,25-2:333:45,all,16to32,True,0.65625,0.9997162001748714,0.9984602152109004,0.73046875,0.042807936668395996,0.04271493852138519,0.04267071932554245,0.03960699588060379,0.003200940787792206,0.0031079426407814026,0.0030637234449386597
25,25-2:333:45,inner_half,16to32,True,0.65625,0.9997162001748714,0.9984602152109004,1.0,0.04469747841358185,0.04075712710618973,0.04083613306283951,0.034367721527814865,0.010329756885766983,0.006389405578374863,0.006468411535024643
25,25-2:333:46,all,16to32,False,1.0,0.9947637728210308,0.7196922554377325,1.0,0.012329396791756153,0.012311779893934727,0.012337146326899529,0.012361375615000725,-3.1978823244571686e-05,-4.959572106599808e-05,-2.422928810119629e-05
25,25-2:333:46,inner_half,16to32,False,1.0,0.9947637728210308,0.7196922554377325,1.0,0.010563809424638748,0.01052776724100113,0.010527847334742546,0.010564387775957584,-5.783513188362122e-07,-3.662053495645523e-05,-3.65404412150383e-05
25,25-2:333:47,all,16to32,True,0.6640625,0.9997476317204476,0.998390346909791,0.6796875,0.026010600849986076,0.032289449125528336,0.03228443115949631,0.034637995064258575,-0.008627394214272499,-0.00234854593873024,-0.002353563904762268
25,25-2:333:47,inner_half,16to32,True,0.6640625,0.9997476317204476,0.998390346909791,1.0,0.03405512496829033,0.03366103023290634,0.03368235379457474,0.03148392587900162,0.0025711990892887115,0.002177104353904724,0.00219842791557312
25,25-2:333:48,all,16to32,False,1.0,0.9670752199767414,0.7936884995326339,1.0,0.018419861793518066,0.01812787726521492,0.01819179765880108,0.018034018576145172,0.0003858432173728943,9.385868906974792e-05,0.00015777908265590668
25,25-2:333:48,inner_half,16to32,False,1.0,0.9670752199767414,0.7936884995326339,1.0,0.019305560737848282,0.019328182563185692,0.019929375499486923,0.019489403814077377,-0.00018384307622909546,-0.00016122125089168549,0.0004399716854095459
25,25-2:333:49,all,16to32,True,0.69921875,0.9999794635567825,0.9995642097950508,0.71875,0.035978857427835464,0.038744207471609116,0.03791254758834839,0.03850683942437172,-0.002527981996536255,0.00023736804723739624,-0.0005942918360233307
25,25-2:333:49,inner_half,16to32,True,0.69921875,0.9999794635567825,0.9995642097950508,1.0,0.033515483140945435,0.03265494108200073,0.03262634202837944,0.03247716277837753,0.0010383203625679016,0.00017777830362319946,0.00014917925000190735
25,25-2:333:50,all,16to32,True,0.68359375,0.9999694789724684,0.9996553114140132,0.765625,0.030138038098812103,0.03428060561418533,0.03426126390695572,0.034786101430654526,-0.0046480633318424225,-0.0005054958164691925,-0.0005248375236988068
25,25-2:333:50,inner_half,16to32,True,0.68359375,0.9999694789724684,0.9996553114140132,1.0,0.025943931192159653,0.02655753493309021,0.02655753493309021,0.02639586851000786,-0.00045193731784820557,0.00016166642308235168,0.00016166642308235168
25,25-2:333:51,all,16to32,False,1.0,0.9950339397639971,0.6816334290385763,1.0,0.011231333017349243,0.011368216946721077,0.011393445543944836,0.011404065415263176,-0.0001727323979139328,-3.5848468542099e-05,-1.0619871318340302e-05
25,25-2:333:51,inner_half,16to32,False,1.0,0.9950339397639971,0.6816334290385763,1.0,0.012524452060461044,0.012698400765657425,0.012452706694602966,0.01272185705602169,-0.00019740499556064606,-2.3456290364265442e-05,-0.00026915036141872406
25,25-2:333:52,all,16to32,False,1.0,0.9839510888353189,0.9473324894494364,1.0,0.017882155254483223,0.01781047321856022,0.017790837213397026,0.017929483205080032,-4.732795059680939e-05,-0.00011900998651981354,-0.0001386459916830063
25,25-2:333:52,inner_half,16to32,False,1.0,0.9839510888353189,0.9473324894494364,1.0,0.01956743560731411,0.019593164324760437,0.019584888592362404,0.019606269896030426,-3.883428871631622e-05,-1.3105571269989014e-05,-2.1381303668022156e-05
25,25-2:333:53,all,ge32,True,0.58203125,0.9998553310766269,0.9996007588949998,0.6328125,0.03351201117038727,0.033933378756046295,0.03402931988239288,0.03664517402648926,-0.0031331628561019897,-0.0027117952704429626,-0.0026158541440963745
25,25-2:333:53,inner_half,ge32,True,0.58203125,0.9998553310766269,0.9996007588949998,0.765625,0.02735516056418419,0.025701239705085754,0.025777678936719894,0.03199987858533859,-0.004644718021154404,-0.006298638880252838,-0.006222199648618698
25,25-2:333:54,all,16to32,False,1.0,0.9898583403036131,0.9549360279578502,1.0,0.013574503362178802,0.01364253368228674,0.013621794991195202,0.01359543576836586,-2.0932406187057495e-05,4.7097913920879364e-05,2.635922282934189e-05
25,25-2:333:54,inner_half,16to32,False,1.0,0.9898583403036131,0.9549360279578502,1.0,0.01387085672467947,0.013859746977686882,0.013838364742696285,0.013853662647306919,1.7194077372550964e-05,6.084330379962921e-06,-1.529790461063385e-05
29,29-1:233:0,all,16to32,False,0.45703125,0.998879768254145,0.9982654540910509,0.52734375,0.027680817991495132,0.02574387937784195,0.025280142202973366,0.026645559817552567,0.001035258173942566,-0.0009016804397106171,-0.0013654176145792007
29,29-1:233:0,inner_half,16to32,False,0.45703125,0.998879768254145,0.9982654540910509,0.890625,0.02697426825761795,0.025192739441990852,0.025105014443397522,0.025231866165995598,0.0017424020916223526,-3.9126724004745483e-05,-0.00012685172259807587
29,29-1:233:1,all,16to32,True,0.55078125,0.9478964113463536,0.9992197517717009,0.58984375,0.07400853931903839,0.01636146754026413,0.016742801293730736,0.01657913252711296,0.05742940679192543,-0.00021766498684883118,0.00016366876661777496
29,29-1:233:1,inner_half,16to32,True,0.55078125,0.9478964113463536,0.9992197517717009,0.71875,0.20069359242916107,0.027956822887063026,0.02844424545764923,0.027338942512869835,0.17335464991629124,0.0006178803741931915,0.001105302944779396
29,29-1:233:2,all,16to32,False,1.0,0.9928701387499207,0.942552128462656,1.0,0.013409070670604706,0.013473193161189556,0.013392878696322441,0.013508547097444534,-9.947642683982849e-05,-3.535393625497818e-05,-0.0001156684011220932
29,29-1:233:2,inner_half,16to32,False,1.0,0.9928701387499207,0.942552128462656,1.0,0.018838463351130486,0.018772302195429802,0.0183849073946476,0.018702371045947075,0.00013609230518341064,6.993114948272705e-05,-0.0003174636512994766
29,29-1:233:3,all,16to32,False,1.0,0.9022329848307593,0.9658185913276807,1.0,0.012418357655405998,0.012094092555344105,0.012092242948710918,0.012061221525073051,0.0003571361303329468,3.2871030271053314e-05,3.1021423637866974e-05
29,29-1:233:3,inner_half,16to32,False,1.0,0.9022329848307593,0.9658185913276807,1.0,0.01482534408569336,0.014751022681593895,0.01479985099285841,0.01479047629982233,3.48677858710289e-05,-3.9453618228435516e-05,9.374693036079407e-06
29,29-1:233:4,all,16to32,False,0.8125,0.7733058751402118,0.9482350594165214,0.8125,0.022801775485277176,0.02317010425031185,0.02330440655350685,0.02344873733818531,-0.0006469618529081345,-0.00027863308787345886,-0.00014433078467845917
29,29-1:233:4,inner_half,16to32,False,0.8125,0.7733058751402118,0.9482350594165214,0.5,0.03454442322254181,0.034669045358896255,0.03472776710987091,0.035107582807540894,-0.0005631595849990845,-0.00043853744864463806,-0.0003798156976699829
29,29-1:233:5,all,16to32,False,1.0,0.9353807263778876,0.9105471209375625,1.0,0.009407729841768742,0.009259127080440521,0.009304873645305634,0.009308488108217716,9.924173355102539e-05,-4.936102777719498e-05,-3.614462912082672e-06
29,29-1:233:5,inner_half,16to32,False,1.0,0.9353807263778876,0.9105471209375625,1.0,0.015324467793107033,0.014928060583770275,0.015080568380653858,0.015144536271691322,0.00017993152141571045,-0.0002164756879210472,-6.396789103746414e-05
29,29-1:233:6,all,16to32,False,1.0,0.9827277190799856,0.929053334106913,1.0,0.015340553596615791,0.01527310535311699,0.015362334437668324,0.015438131056725979,-9.757746011018753e-05,-0.00016502570360898972,-7.579661905765533e-05
29,29-1:233:6,inner_half,16to32,False,1.0,0.9827277190799856,0.929053334106913,1.0,0.026295103132724762,0.02607050910592079,0.026070669293403625,0.026290355250239372,4.7478824853897095e-06,-0.00021984614431858063,-0.00021968595683574677
29,29-1:233:7,all,16to32,False,1.0,0.9650711309563589,0.8493462690321054,1.0,0.04030781239271164,0.04013296961784363,0.039893750101327896,0.0398433655500412,0.0004644468426704407,0.0002896040678024292,5.038455128669739e-05
29,29-1:233:7,inner_half,16to32,False,1.0,0.9650711309563589,0.8493462690321054,1.0,0.05628810077905655,0.05579686909914017,0.05505086109042168,0.05505212023854256,0.0012359805405139923,0.0007447488605976105,-1.259148120880127e-06
29,29-1:233:8,all,16to32,True,0.58203125,0.9996178813454104,0.99861875598414,0.64453125,0.041024792939424515,0.04563963785767555,0.045555271208286285,0.04602472111582756,-0.004999928176403046,-0.00038508325815200806,-0.000469449907541275
29,29-1:233:8,inner_half,16to32,True,0.58203125,0.9996178813454104,0.99861875598414,0.984375,0.06958796828985214,0.07889773696660995,0.07846863567829132,0.07839988172054291,-0.008811913430690765,0.0004978552460670471,6.875395774841309e-05
29,29-1:233:9,all,16to32,False,1.0,0.9858710442516385,0.9410615813591409,1.0,0.0130838081240654,0.01354319229722023,0.013519681058824062,0.013473941013216972,-0.0003901328891515732,6.925128400325775e-05,4.5740045607089996e-05
29,29-1:233:9,inner_half,16to32,False,1.0,0.9858710442516385,0.9410615813591409,1.0,0.01444075908511877,0.014705763198435307,0.014674387872219086,0.01459939032793045,-0.00015863124281167984,0.00010637287050485611,7.499754428863525e-05
29,29-1:233:10,all,lt16,False,1.0,0.9503756437037432,0.9769791043083231,1.0,0.06376061588525772,0.059120215475559235,0.05915681645274162,0.059163786470890045,0.004596829414367676,-4.357099533081055e-05,-6.970018148422241e-06
29,29-1:233:10,inner_half,lt16,False,1.0,0.9503756437037432,0.9769791043083231,1.0,0.13524332642555237,0.12498997151851654,0.1252080500125885,0.12528908252716064,0.009954243898391724,-0.000299111008644104,-8.103251457214355e-05
29,29-1:233:11,all,16to32,False,1.0,0.9665958846389021,0.9719139544112083,1.0,0.016238288953900337,0.0163692906498909,0.01608452945947647,0.016170552000403404,6.773695349693298e-05,0.00019873864948749542,-8.602254092693329e-05
29,29-1:233:11,inner_half,16to32,False,1.0,0.9665958846389021,0.9719139544112083,1.0,0.02535579726099968,0.025533616542816162,0.025119276717305183,0.025382105261087418,-2.6308000087738037e-05,0.0001515112817287445,-0.0002628285437822342
29,29-1:233:12,all,16to32,False,1.0,0.995975437995849,0.9295002502745487,1.0,0.02638021670281887,0.02642664685845375,0.02660686895251274,0.02664513885974884,-0.0002649221569299698,-0.00021849200129508972,-3.826990723609924e-05
29,29-1:233:12,inner_half,16to32,False,1.0,0.995975437995849,0.9295002502745487,1.0,0.04379446431994438,0.04368029534816742,0.04425816982984543,0.04449174180626869,-0.0006972774863243103,-0.0008114464581012726,-0.00023357197642326355
29,29-1:233:13,all,16to32,False,1.0,0.9967650689669099,0.94667798034885,1.0,0.030995650216937065,0.030990637838840485,0.03072478622198105,0.030780969187617302,0.00021468102931976318,0.00020966865122318268,-5.618296563625336e-05
29,29-1:233:13,inner_half,16to32,False,1.0,0.9967650689669099,0.94667798034885,1.0,0.02626829966902733,0.02624320611357689,0.02622978202998638,0.02618963085114956,7.866881787776947e-05,5.357526242733002e-05,4.015117883682251e-05
29,29-1:233:14,all,16to32,False,1.0,0.7685343088786379,0.9952558800887309,1.0,0.009847663342952728,0.009899104945361614,0.009880280122160912,0.009872726164758205,-2.5062821805477142e-05,2.6378780603408813e-05,7.553957402706146e-06
29,29-1:233:14,inner_half,16to32,False,1.0,0.7685343088786379,0.9952558800887309,1.0,0.014841277152299881,0.014880829490721226,0.014879334717988968,0.014879334717988968,-3.8057565689086914e-05,1.494772732257843e-06,0.0
29,29-1:233:15,all,lt16,False,1.0,0.9955949928695657,0.9322854275588126,1.0,0.018526310101151466,0.018525442108511925,0.018517524003982544,0.018524684011936188,1.6260892152786255e-06,7.580965757369995e-07,-7.160007953643799e-06
29,29-1:233:15,inner_half,lt16,False,1.0,0.9955949928695657,0.9322854275588126,1.0,0.025913137942552567,0.025913137942552567,0.02589881606400013,0.025909386575222015,3.7513673305511475e-06,3.7513673305511475e-06,-1.0570511221885681e-05
29,29-1:233:16,all,16to32,False,1.0,0.9804221252694006,0.9355620823288986,1.0,0.016073893755674362,0.016102265566587448,0.0160666536539793,0.016127534210681915,-5.36404550075531e-05,-2.5268644094467163e-05,-6.088055670261383e-05
29,29-1:233:16,inner_half,16to32,False,1.0,0.9804221252694006,0.9355620823288986,1.0,0.023583509027957916,0.023690538480877876,0.023643167689442635,0.023783348500728607,-0.00019983947277069092,-9.28100198507309e-05,-0.0001401808112859726
29,29-1:233:17,all,16to32,False,1.0,0.9980744409424281,0.9671222168113861,1.0,0.020074164494872093,0.020044788718223572,0.020104434341192245,0.020047327503561974,2.683699131011963e-05,-2.5387853384017944e-06,5.710683763027191e-05
29,29-1:233:17,inner_half,16to32,False,1.0,0.9980744409424281,0.9671222168113861,1.0,0.024235745891928673,0.024121753871440887,0.024235745891928673,0.0240415520966053,0.0001941937953233719,8.020177483558655e-05,0.0001941937953233719
29,29-1:233:18,all,16to32,False,1.0,0.9980389105171616,0.9804322045219989,1.0,0.015696164220571518,0.015611058101058006,0.015612253919243813,0.01556116808205843,0.00013499613851308823,4.989001899957657e-05,5.108583718538284e-05
29,29-1:233:18,inner_half,16to32,False,1.0,0.9980389105171616,0.9804322045219989,1.0,0.01392991840839386,0.01391894742846489,0.014020672999322414,0.01404018048197031,-0.00011026207357645035,-0.00012123305350542068,-1.9507482647895813e-05
29,29-1:233:29,all,16to32,False,1.0,0.9291162043174936,0.8377755834359844,1.0,0.013238093815743923,0.013346251100301743,0.013063782826066017,0.013116337358951569,0.00012175645679235458,0.00022991374135017395,-5.255453288555145e-05
29,29-1:233:29,inner_half,16to32,False,1.0,0.9291162043174936,0.8377755834359844,1.0,0.02098381146788597,0.0205317921936512,0.02033647894859314,0.02049720659852028,0.00048660486936569214,3.458559513092041e-05,-0.00016072764992713928
29,29-1:233:30,all,16to32,False,1.0,0.9614559940447087,0.7522474338390523,1.0,0.014731284230947495,0.01466364972293377,0.014430386014282703,0.014443440362811089,0.00028784386813640594,0.00022020936012268066,-1.3054348528385162e-05
29,29-1:233:30,inner_half,16to32,False,1.0,0.9614559940447087,0.7522474338390523,1.0,0.016858328133821487,0.016566753387451172,0.016647735610604286,0.016706697642803192,0.0001516304910182953,-0.00013994425535202026,-5.8962032198905945e-05
29,29-1:233:31,all,16to32,False,1.0,0.9991122373382946,0.7118253838651332,1.0,0.018058137968182564,0.018054388463497162,0.018070045858621597,0.01805511675775051,3.0212104320526123e-06,-7.282942533493042e-07,1.492910087108612e-05
29,29-1:233:31,inner_half,16to32,False,1.0,0.9991122373382946,0.7118253838651332,1.0,0.018312938511371613,0.018345214426517487,0.018400443717837334,0.01831056736409664,2.3711472749710083e-06,3.464706242084503e-05,8.987635374069214e-05
29,29-1:233:32,all,16to32,False,1.0,0.9590851302814838,0.6867695140369501,1.0,0.015019121579825878,0.015085183084011078,0.014949550852179527,0.015048626810312271,-2.9505230486392975e-05,3.655627369880676e-05,-9.907595813274384e-05
29,29-1:233:32,inner_half,16to32,False,1.0,0.9590851302814838,0.6867695140369501,1.0,0.01601099967956543,0.015709392726421356,0.016113342717289925,0.015954630449414253,5.636923015117645e-05,-0.00024523772299289703,0.0001587122678756714
29,29-1:233:33,all,16to32,False,1.0,0.9847825491853419,0.9721966609042727,1.0,0.013216400519013405,0.013179131783545017,0.013170779682695866,0.01317116804420948,4.523247480392456e-05,7.963739335536957e-06,-3.8836151361465454e-07
29,29-1:233:33,inner_half,16to32,False,1.0,0.9847825491853419,0.9721966609042727,1.0,0.013245228677988052,0.013253547251224518,0.013264259323477745,0.013305666856467724,-6.043817847967148e-05,-5.2119605243206024e-05,-4.140753298997879e-05
29,29-1:233:34,all,16to32,False,1.0,0.9524242060068397,0.8323979525118459,1.0,0.01625647023320198,0.0165791567414999,0.016257787123322487,0.016363615170121193,-0.00010714493691921234,0.00021554157137870789,-0.00010582804679870605
29,29-1:233:34,inner_half,16to32,False,1.0,0.9524242060068397,0.8323979525118459,1.0,0.016016244888305664,0.015631740912795067,0.015715695917606354,0.015757761895656586,0.00025848299264907837,-0.00012602098286151886,-4.2065978050231934e-05
29,29-1:233:35,all,16to32,False,1.0,0.9894873316072796,0.9795129600349735,1.0,0.01624266430735588,0.015610076487064362,0.016125384718179703,0.016022522002458572,0.00022014230489730835,-0.0004124455153942108,0.00010286271572113037
29,29-1:233:35,inner_half,16to32,False,1.0,0.9894873316072796,0.9795129600349735,1.0,0.016996558755636215,0.01706760749220848,0.01702486164867878,0.01702486164867878,-2.8302893042564392e-05,4.274584352970123e-05,0.0
29,29-1:233:36,all,16to32,False,1.0,0.9977175235736055,0.8502342841226811,1.0,0.01075565256178379,0.010780549608170986,0.010807586833834648,0.010813206434249878,-5.755387246608734e-05,-3.2656826078891754e-05,-5.619600415229797e-06
29,29-1:233:36,inner_half,16to32,False,1.0,0.9977175235736055,0.8502342841226811,1.0,0.012867586687207222,0.0130155673250556,0.01297912560403347,0.013119446113705635,-0.0002518594264984131,-0.00010387878865003586,-0.00014032050967216492
29,29-1:233:37,all,16to32,False,1.0,0.9762034989867895,0.9512699424424058,1.0,0.011696500703692436,0.011590084061026573,0.011742183938622475,0.0116972541436553,-7.534399628639221e-07,-0.00010717008262872696,4.492979496717453e-05
29,29-1:233:37,inner_half,16to32,False,1.0,0.9762034989867895,0.9512699424424058,1.0,0.015749303624033928,0.015601861290633678,0.01571238599717617,0.015494812279939651,0.00025449134409427643,0.00010704901069402695,0.00021757371723651886
29,29-1:233:38,all,16to32,False,1.0,0.997552594631426,0.9657295838012049,1.0,0.012524973601102829,0.012587098404765129,0.012692354619503021,0.012689687311649323,-0.00016471371054649353,-0.00010258890688419342,2.6673078536987305e-06
29,29-1:233:38,inner_half,16to32,False,1.0,0.997552594631426,0.9657295838012049,1.0,0.017457274720072746,0.0170902032405138,0.017250292003154755,0.017170509323477745,0.0002867653965950012,-8.030608296394348e-05,7.978267967700958e-05
29,29-1:233:39,all,16to32,False,1.0,0.9931376939188251,0.936352543890805,1.0,0.014373857527971268,0.01422022096812725,0.01427794061601162,0.014254273846745491,0.00011958368122577667,-3.4052878618240356e-05,2.366676926612854e-05
29,29-1:233:39,inner_half,16to32,False,1.0,0.9931376939188251,0.936352543890805,1.0,0.01643664948642254,0.01659705489873886,0.016594402492046356,0.016467005014419556,-3.0355527997016907e-05,0.00013004988431930542,0.00012739747762680054
29,29-1:233:40,all,lt16,False,1.0,0.9951415314776716,0.8339949392841824,1.0,0.014581549912691116,0.014528083615005016,0.014531310647726059,0.014550727792084217,3.082212060689926e-05,-2.2644177079200745e-05,-1.941714435815811e-05
29,29-1:233:40,inner_half,lt16,False,1.0,0.9951415314776716,0.8339949392841824,1.0,0.016368191689252853,0.01637832447886467,0.01637832447886467,0.016326863318681717,4.1328370571136475e-05,5.146116018295288e-05,5.146116018295288e-05
29,29-1:233:41,all,16to32,False,1.0,0.972969623884828,0.9599018175418719,1.0,0.015329469926655293,0.015379009768366814,0.015498553402721882,0.015506405383348465,-0.00017693545669317245,-0.0001273956149816513,-7.8519806265831e-06
29,29-1:233:41,inner_half,16to32,False,1.0,0.972969623884828,0.9599018175418719,1.0,0.016106020659208298,0.01589343510568142,0.015870055183768272,0.015858348459005356,0.0002476722002029419,3.508664667606354e-05,1.1706724762916565e-05
29,29-1:233:42,all,16to32,False,1.0,0.9679851631457138,0.9473280236706646,1.0,0.010560709983110428,0.011165829375386238,0.011127572506666183,0.010964447632431984,-0.0004037376493215561,0.00020138174295425415,0.00016312487423419952
29,29-1:233:42,inner_half,16to32,False,1.0,0.9679851631457138,0.9473280236706646,1.0,0.015870001167058945,0.015903111547231674,0.01594228483736515,0.015616465359926224,0.00025353580713272095,0.00028664618730545044,0.0003258194774389267
29,29-1:233:43,all,16to32,False,1.0,0.9952161236772266,0.9530852488745286,1.0,0.015251075848937035,0.015192121267318726,0.015074828639626503,0.015022628009319305,0.0002284478396177292,0.00016949325799942017,5.220063030719757e-05
29,29-1:233:43,inner_half,16to32,False,1.0,0.9952161236772266,0.9530852488745286,1.0,0.01931704767048359,0.019490379840135574,0.019377505406737328,0.01942850649356842,-0.00011145882308483124,6.187334656715393e-05,-5.1001086831092834e-05
29,29-1:233:44,all,16to32,False,1.0,0.8959840495536602,0.8242786232463511,1.0,0.012437071651220322,0.01227840967476368,0.01239401288330555,0.012244027107954025,0.0001930445432662964,3.4382566809654236e-05,0.00014998577535152435
29,29-1:233:44,inner_half,16to32,False,1.0,0.8959840495536602,0.8242786232463511,1.0,0.015017145313322544,0.014948769472539425,0.014873392879962921,0.014850933104753494,0.00016621220856904984,9.783636778593063e-05,2.245977520942688e-05
29,29-1:233:45,all,16to32,False,1.0,0.9985547140309371,0.9310347662035668,1.0,0.015085996128618717,0.015021935105323792,0.014992523938417435,0.014931119047105312,0.00015487708151340485,9.081605821847916e-05,6.140489131212234e-05
29,29-1:233:45,inner_half,16to32,False,1.0,0.9985547140309371,0.9310347662035668,1.0,0.017843089997768402,0.01792887970805168,0.017917949706315994,0.017817439511418343,2.565048635005951e-05,0.00011144019663333893,0.00010051019489765167
29,29-1:233:46,all,16to32,False,1.0,0.9959030943020367,0.8871331071884476,1.0,0.01241071242839098,0.0120135098695755,0.011984847486019135,0.012052325531840324,0.00035838689655065536,-3.8815662264823914e-05,-6.747804582118988e-05
29,29-1:233:46,inner_half,16to32,False,1.0,0.9959030943020367,0.8871331071884476,1.0,0.01754334196448326,0.017278537154197693,0.017251351848244667,0.017386965453624725,0.00015637651085853577,-0.00010842829942703247,-0.0001356136053800583
29,29-1:233:47,all,lt16,False,1.0,0.9973607658480189,0.9402854157639264,1.0,0.017631715163588524,0.017605425789952278,0.017453957349061966,0.01759503409266472,3.668107092380524e-05,1.039169728755951e-05,-0.00014107674360275269
29,29-1:233:47,inner_half,lt16,False,1.0,0.9973607658480189,0.9402854157639264,1.0,0.018556542694568634,0.018567753955721855,0.018466606736183167,0.01845025084912777,0.00010629184544086456,0.0001175031065940857,1.6355887055397034e-05
29,29-1:233:48,all,16to32,False,1.0,0.9892104748328291,0.816331622131423,1.0,0.0140543133020401,0.014181554317474365,0.014058406464755535,0.014157968573272228,-0.00010365527123212814,2.3585744202136993e-05,-9.956210851669312e-05
29,29-1:233:48,inner_half,16to32,False,1.0,0.9892104748328291,0.816331622131423,1.0,0.015101076103746891,0.015236848033964634,0.015195740386843681,0.015127444639801979,-2.6368536055088043e-05,0.00010940339416265488,6.829574704170227e-05
29,29-1:233:49,all,16to32,False,1.0,0.9974073579687972,0.9495132255810504,1.0,0.010591560043394566,0.010583027265965939,0.010587690398097038,0.010615020990371704,-2.346094697713852e-05,-3.1993724405765533e-05,-2.7330592274665833e-05
29,29-1:233:49,inner_half,16to32,False,1.0,0.9974073579687972,0.9495132255810504,1.0,0.008422592654824257,0.008578670211136341,0.008607152849435806,0.008593430742621422,-0.00017083808779716492,-1.4760531485080719e-05,1.372210681438446e-05
29,29-1:233:50,all,lt16,False,1.0,0.999150332075103,0.9525292051659445,1.0,0.009077243506908417,0.009061936289072037,0.009049534797668457,0.00906352698802948,1.3716518878936768e-05,-1.5906989574432373e-06,-1.399219036102295e-05
29,29-1:233:50,inner_half,lt16,False,1.0,0.999150332075103,0.9525292051659445,1.0,0.008330201730132103,0.008279817178845406,0.008279817178845406,0.008286479860544205,4.3721869587898254e-05,-6.662681698799133e-06,-6.662681698799133e-06
29,29-1:233:51,all,16to32,False,1.0,0.9970118059429127,0.8190688432796593,1.0,0.016824472695589066,0.01666240394115448,0.016667436808347702,0.01677658222615719,4.7890469431877136e-05,-0.00011417828500270844,-0.00010914541780948639
29,29-1:233:51,inner_half,16to32,False,1.0,0.9970118059429127,0.8190688432796593,1.0,0.02129289321601391,0.02088848501443863,0.021023260429501534,0.02111998200416565,0.00017291121184825897,-0.00023149698972702026,-9.67215746641159e-05
29,29-1:233:52,all,16to32,False,1.0,0.9907667154595613,0.9791456495230001,1.0,0.01619878225028515,0.016244523227214813,0.01614009030163288,0.01608038693666458,0.00011839531362056732,0.00016413629055023193,5.9703364968299866e-05
29,29-1:233:52,inner_half,16to32,False,1.0,0.9907667154595613,0.9791456495230001,1.0,0.01710669882595539,0.01658991351723671,0.016809679567813873,0.016750797629356384,0.00035590119659900665,-0.00016088411211967468,5.8881938457489014e-05
29,29-1:233:53,all,16to32,False,1.0,0.997952820898478,0.9511265182592844,1.0,0.0088098905980587,0.008792408742010593,0.008797993883490562,0.008780431002378464,2.9459595680236816e-05,1.197773963212967e-05,1.7562881112098694e-05
29,29-1:233:53,inner_half,16to32,False,1.0,0.997952820898478,0.9511265182592844,1.0,0.007837232202291489,0.007863680832087994,0.007862703874707222,0.00785725936293602,-2.002716064453125e-05,6.421469151973724e-06,5.444511771202087e-06
29,29-1:233:54,all,lt16,False,1.0,0.9982387951418601,0.9123583863588723,1.0,0.008983917534351349,0.00893430132418871,0.008921097964048386,0.008924403227865696,5.9514306485652924e-05,9.898096323013306e-06,-3.3052638173103333e-06
29,29-1:233:54,inner_half,lt16,False,1.0,0.9982387951418601,0.9123583863588723,1.0,0.010482230223715305,0.010462703183293343,0.010462703183293343,0.010473892092704773,8.338131010532379e-06,-1.1188909411430359e-05,-1.1188909411430359e-05
29,29-1:233:56,all,16to32,False,1.0,0.9966018169448108,0.9517180064857808,1.0,0.013754885643720627,0.013785114511847496,0.013803933747112751,0.013832716271281242,-7.783062756061554e-05,-4.760175943374634e-05,-2.8782524168491364e-05
29,29-1:233:56,inner_half,16to32,False,1.0,0.9966018169448108,0.9517180064857808,1.0,0.019386062398552895,0.019490480422973633,0.019515492022037506,0.019436568021774292,-5.05056232213974e-05,5.391240119934082e-05,7.892400026321411e-05
29,29-1:233:63,all,ge32,True,0.609375,0.9999077033305626,0.9986381157517237,0.8125,0.013591887429356575,0.014388561248779297,0.014298507943749428,0.014387919567525387,-0.0007960321381688118,6.416812539100647e-07,-8.941162377595901e-05
29,29-1:233:63,inner_half,ge32,True,0.609375,0.9999077033305626,0.9986381157517237,1.0,0.0094062564894557,0.009774242527782917,0.009770412929356098,0.009820639155805111,-0.000414382666349411,-4.639662802219391e-05,-5.0226226449012756e-05
29,29-1:233:64,all,ge32,False,1.0,0.951850816495472,0.9269788212490019,1.0,0.015125539153814316,0.015085896477103233,0.015202481299638748,0.014864088036119938,0.0002614511176943779,0.00022180844098329544,0.00033839326351881027
29,29-1:233:64,inner_half,ge32,False,1.0,0.951850816495472,0.9269788212490019,1.0,0.013506660237908363,0.013916034251451492,0.01395680382847786,0.014056771993637085,-0.0005501117557287216,-0.00014073774218559265,-9.996816515922546e-05
29,29-1:233:65,all,ge32,False,1.0,0.8969976935596535,0.9022723269122424,1.0,0.010222995653748512,0.010382061824202538,0.010812981054186821,0.011057241819798946,-0.0008342461660504341,-0.0006751799955964088,-0.0002442607656121254
29,29-1:233:65,inner_half,ge32,False,1.0,0.8969976935596535,0.9022723269122424,1.0,0.011622471734881401,0.011423170566558838,0.011664038524031639,0.012058574706315994,-0.0004361029714345932,-0.0006354041397571564,-0.00039453618228435516
29,29-1:233:66,all,ge32,True,0.8125,0.9999073572015559,0.9997754059276758,0.8515625,0.01882166974246502,0.026028892025351524,0.02596331015229225,0.026238562539219856,-0.007416892796754837,-0.0002096705138683319,-0.0002752523869276047
29,29-1:233:66,inner_half,ge32,True,0.8125,0.9999073572015559,0.9997754059276758,1.0,0.01880357787013054,0.01597856543958187,0.01597856543958187,0.016099795699119568,0.002703782171010971,-0.00012123025953769684,-0.00012123025953769684
29,29-1:233:67,all,ge32,False,1.0,0.9500446807636592,0.9654036000406853,1.0,0.01535338256508112,0.01465153880417347,0.013383593410253525,0.013378247618675232,0.0019751349464058876,0.0012732911854982376,5.345791578292847e-06
29,29-1:233:67,inner_half,ge32,False,1.0,0.9500446807636592,0.9654036000406853,1.0,0.013546972535550594,0.014103209599852562,0.013852665200829506,0.013846921734511852,-0.00029994919896125793,0.0002562878653407097,5.743466317653656e-06
29,29-1:233:68,all,ge32,False,1.0,0.9982283432064861,0.8369923823728389,1.0,0.014562046155333519,0.014607109129428864,0.014576053246855736,0.014556698501110077,5.347654223442078e-06,5.041062831878662e-05,1.9354745745658875e-05
29,29-1:233:68,inner_half,ge32,False,1.0,0.9982283432064861,0.8369923823728389,1.0,0.014145515859127045,0.014240060932934284,0.014237168245017529,0.014325190335512161,-0.00017967447638511658,-8.512940257787704e-05,-8.802209049463272e-05
29,29-1:233:69,all,ge32,True,0.59765625,0.9999698596924366,0.9991374154473742,0.625,0.029055465012788773,0.03207598626613617,0.03184397891163826,0.03269695118069649,-0.003641486167907715,-0.000620964914560318,-0.0008529722690582275
29,29-1:233:69,inner_half,ge32,True,0.59765625,0.9999698596924366,0.9991374154473742,1.0,0.03401724994182587,0.033358827233314514,0.03326551988720894,0.033939577639102936,7.767230272293091e-05,-0.0005807504057884216,-0.0006740577518939972
29,29-1:233:70,all,ge32,True,0.70703125,0.9999580035172705,0.9996201177072214,0.73046875,0.017896827310323715,0.01975819282233715,0.019941367208957672,0.020740795880556107,-0.0028439685702323914,-0.000982603058218956,-0.0007994286715984344
29,29-1:233:70,inner_half,ge32,True,0.70703125,0.9999580035172705,0.9996201177072214,1.0,0.019684478640556335,0.01904047653079033,0.019364742562174797,0.019785486161708832,-0.00010100752115249634,-0.0007450096309185028,-0.00042074359953403473
29,29-1:233:71,all,ge32,False,1.0,0.8829679958264944,0.9827537667480505,1.0,0.01316178310662508,0.012615878134965897,0.012829501181840897,0.012650922872126102,0.0005108602344989777,-3.504473716020584e-05,0.00017857830971479416
29,29-1:233:71,inner_half,ge32,False,1.0,0.8829679958264944,0.9827537667480505,1.0,0.0111747607588768,0.010364767163991928,0.010707180947065353,0.010461205616593361,0.0007135551422834396,-9.64384526014328e-05,0.0002459753304719925
29,29-1:233:72,all,ge32,False,1.0,0.9740922157266716,0.6463309651229675,1.0,0.014450682327151299,0.01428142935037613,0.014729777351021767,0.014055553823709488,0.0003951285034418106,0.00022587552666664124,0.0006742235273122787
29,29-1:233:72,inner_half,ge32,False,1.0,0.9740922157266716,0.6463309651229675,1.0,0.011975637637078762,0.011551782488822937,0.011728545650839806,0.011918231844902039,5.740579217672348e-05,-0.00036644935607910156,-0.00018968619406223297
29,29-1:233:73,all,ge32,False,1.0,0.9459009630008481,0.8797913656881566,1.0,0.012846769765019417,0.012421906925737858,0.01239410787820816,0.012466317042708397,0.0003804527223110199,-4.441011697053909e-05,-7.220916450023651e-05
29,29-1:233:73,inner_half,ge32,False,1.0,0.9459009630008481,0.8797913656881566,1.0,0.012157289311289787,0.011469664052128792,0.011484205722808838,0.011816487647593021,0.0003408016636967659,-0.0003468235954642296,-0.0003322819247841835
29,29-1:233:74,all,ge32,False,0.828125,0.9999847335410328,0.8327398803732555,0.953125,0.01283800695091486,0.012291926890611649,0.012387756258249283,0.012527292594313622,0.00031071435660123825,-0.00023536570370197296,-0.00013953633606433868
29,29-1:233:74,inner_half,ge32,False,0.828125,0.9999847335410328,0.8327398803732555,1.0,0.008839761838316917,0.008962112478911877,0.008964265696704388,0.009566301479935646,-0.0007265396416187286,-0.0006041890010237694,-0.0006020357832312584
29,29-1:233:75,all,ge32,False,1.0,0.3975503624654796,0.9868037184752118,1.0,0.009938513860106468,0.011724504642188549,0.009423559531569481,0.009493615478277206,0.0004448983818292618,0.0022308891639113426,-7.005594670772552e-05
29,29-1:233:75,inner_half,ge32,False,1.0,0.3975503624654796,0.9868037184752118,1.0,0.0063989185728132725,0.007509598974138498,0.006402988452464342,0.006407456006854773,-8.537434041500092e-06,0.0011021429672837257,-4.4675543904304504e-06
29,29-1:233:76,all,ge32,False,1.0,0.9876670329521741,0.8340824574175826,1.0,0.010740134865045547,0.010729532688856125,0.010735242627561092,0.010738719254732132,1.4156103134155273e-06,-9.18656587600708e-06,-3.4766271710395813e-06
29,29-1:233:76,inner_half,ge32,False,1.0,0.9876670329521741,0.8340824574175826,1.0,0.0100876335054636,0.010022791102528572,0.010029432363808155,0.01017514057457447,-8.750706911087036e-05,-0.00015234947204589844,-0.00014570821076631546
29,29-1:233:77,all,ge32,False,1.0,0.9982895039921393,0.8358192759228997,1.0,0.010084419511258602,0.009397793561220169,0.009361057542264462,0.009428421035408974,0.0006559984758496284,-3.0627474188804626e-05,-6.736349314451218e-05
29,29-1:233:77,inner_half,ge32,False,1.0,0.9982895039921393,0.8358192759228997,1.0,0.005778194405138493,0.005791437812149525,0.005800274200737476,0.005785333923995495,-7.139518857002258e-06,6.103888154029846e-06,1.4940276741981506e-05
29,29-1:233:78,all,ge32,True,0.78515625,0.999939544369687,0.9991625217527466,0.8359375,0.016436614096164703,0.01803731545805931,0.018018178641796112,0.017931843176484108,-0.0014952290803194046,0.00010547228157520294,8.633546531200409e-05
29,29-1:233:78,inner_half,ge32,True,0.78515625,0.999939544369687,0.9991625217527466,1.0,0.01817738637328148,0.01765022799372673,0.01764695718884468,0.018130170181393623,4.721619188785553e-05,-0.000479942187666893,-0.00048321299254894257
29,29-1:233:79,all,ge32,False,1.0,0.9047670626452979,0.7718062807671212,1.0,0.011666616424918175,0.011299243196845055,0.011322475969791412,0.011335579678416252,0.0003310367465019226,-3.633648157119751e-05,-1.3103708624839783e-05
29,29-1:233:79,inner_half,ge32,False,1.0,0.9047670626452979,0.7718062807671212,1.0,0.014049096032977104,0.014037947170436382,0.013924535363912582,0.014043054543435574,6.041489541530609e-06,-5.107372999191284e-06,-0.00011851917952299118
29,29-1:233:80,all,ge32,True,0.78515625,0.9998855978032551,0.9967300213291036,0.875,0.013548010028898716,0.01815309189260006,0.018221186473965645,0.017226824536919594,-0.003678814508020878,0.0009262673556804657,0.000994361937046051
29,29-1:233:80,inner_half,ge32,True,0.78515625,0.9998855978032551,0.9967300213291036,1.0,0.009314106777310371,0.014171565882861614,0.014158082194626331,0.013921082019805908,-0.004606975242495537,0.000250483863055706,0.00023700017482042313
29,29-1:233:81,all,ge32,False,1.0,0.9959999460903285,0.8541436484465179,1.0,0.008212519809603691,0.00820440798997879,0.008194983005523682,0.008168449625372887,4.407018423080444e-05,3.5958364605903625e-05,2.6533380150794983e-05
29,29-1:233:81,inner_half,ge32,False,1.0,0.9959999460903285,0.8541436484465179,1.0,0.0076528326608240604,0.007643836550414562,0.007658516056835651,0.007635179907083511,1.7652753740549088e-05,8.656643331050873e-06,2.3336149752140045e-05
29,29-1:233:82,all,ge32,False,1.0,0.9450696204500437,0.9394205765261391,1.0,0.011386183090507984,0.011302434839308262,0.011230792850255966,0.01125863753259182,0.0001275455579161644,4.379730671644211e-05,-2.7844682335853577e-05
29,29-1:233:82,inner_half,ge32,False,1.0,0.9450696204500437,0.9394205765261391,1.0,0.013013732619583607,0.013300199061632156,0.013223446905612946,0.01312160212546587,-0.00010786950588226318,0.00017859693616628647,0.00010184478014707565
29,29-1:233:83,all,ge32,False,1.0,0.9966444778381741,0.9364849718132146,1.0,0.012014416046440601,0.012171994894742966,0.012264321558177471,0.012234432622790337,-0.00022001657634973526,-6.243772804737091e-05,2.9888935387134552e-05
29,29-1:233:83,inner_half,ge32,False,1.0,0.9966444778381741,0.9364849718132146,1.0,0.007096752058714628,0.0071547748520970345,0.007096532266587019,0.007126730866730213,-2.9978808015584946e-05,2.804398536682129e-05,-3.01986001431942e-05
29,29-1:233:84,all,ge32,False,1.0,0.9974840385760453,0.8672753297553415,1.0,0.0124343978241086,0.012321672402322292,0.012357644736766815,0.012419663369655609,1.4734454452991486e-05,-9.79909673333168e-05,-6.201863288879395e-05
29,29-1:233:84,inner_half,ge32,False,1.0,0.9974840385760453,0.8672753297553415,1.0,0.014388780109584332,0.01438961736857891,0.014346374198794365,0.014563806354999542,-0.00017502624541521072,-0.0001741889864206314,-0.0002174321562051773
29,29-1:233:85,all,ge32,False,1.0,0.9505647010603032,0.99067254261923,1.0,0.010864118114113808,0.010691246017813683,0.010633496567606926,0.010690996423363686,0.00017312169075012207,2.4959444999694824e-07,-5.7499855756759644e-05
29,29-1:233:85,inner_half,ge32,False,1.0,0.9505647010603032,0.99067254261923,1.0,0.010721981525421143,0.010743685066699982,0.010661925189197063,0.010661187581717968,6.079394370317459e-05,8.24974849820137e-05,7.37607479095459e-07
29,29-1:233:86,all,ge32,False,1.0,0.9351645395274383,0.6608668345316049,1.0,0.011015839874744415,0.011090124025940895,0.01118161715567112,0.011168891564011574,-0.0001530516892671585,-7.876753807067871e-05,1.2725591659545898e-05
29,29-1:233:86,inner_half,ge32,False,1.0,0.9351645395274383,0.6608668345316049,1.0,0.01016173791140318,0.010528946295380592,0.010507585480809212,0.010639846324920654,-0.00047810841351747513,-0.00011090002954006195,-0.00013226084411144257
29,29-1:233:87,all,16to32,False,1.0,0.9886173828058965,0.845431874041766,1.0,0.013468953780829906,0.013689976185560226,0.013685120269656181,0.013632586225867271,-0.00016363244503736496,5.738995969295502e-05,5.253404378890991e-05
29,29-1:233:87,inner_half,16to32,False,1.0,0.9886173828058965,0.845431874041766,1.0,0.008841421455144882,0.008926750160753727,0.00891869142651558,0.008894557133316994,-5.313567817211151e-05,3.2193027436733246e-05,2.413429319858551e-05
29,29-1:233:88,all,16to32,False,1.0,0.9969528578390162,0.9724216626232602,1.0,0.014503654092550278,0.014862269163131714,0.014819321222603321,0.014904750511050224,-0.0004010964184999466,-4.248134791851044e-05,-8.542928844690323e-05
29,29-1:233:88,inner_half,16to32,False,1.0,0.9969528578390162,0.9724216626232602,1.0,0.00885823369026184,0.00907195545732975,0.00907195545732975,0.009084781631827354,-0.0002265479415655136,-1.282617449760437e-05,-1.282617449760437e-05
29,29-1:233:89,all,16to32,False,1.0,0.9876589473740739,0.878524281041666,1.0,0.013079309836030006,0.01313050277531147,0.013106508180499077,0.013057012110948563,2.2297725081443787e-05,7.349066436290741e-05,4.949606955051422e-05
29,29-1:233:89,inner_half,16to32,False,1.0,0.9876589473740739,0.878524281041666,1.0,0.01024555042386055,0.010056521743535995,0.01005556434392929,0.009967461228370667,0.0002780891954898834,8.906051516532898e-05,8.810311555862427e-05
29,29-1:233:90,all,ge32,False,1.0,0.9763379566709245,0.8587724985432714,1.0,0.00830663088709116,0.00802471674978733,0.007861312478780746,0.0076063270680606365,0.0007003038190305233,0.0004183896817266941,0.00025498541072010994
29,29-1:233:90,inner_half,ge32,False,1.0,0.9763379566709245,0.8587724985432714,1.0,0.007486382033675909,0.00691444706171751,0.00699169747531414,0.006914785131812096,0.0005715969018638134,-3.380700945854187e-07,7.691234350204468e-05
29,29-1:233:91,all,ge32,True,0.69921875,0.9996361416015337,0.9976880702023545,0.75,0.022907480597496033,0.016645386815071106,0.016227329149842262,0.015469067730009556,0.007438412867486477,0.0011763190850615501,0.0007582614198327065
29,29-1:233:91,inner_half,ge32,True,0.69921875,0.9996361416015337,0.9976880702023545,1.0,0.012307780794799328,0.011949967592954636,0.011961936950683594,0.011433900333940983,0.000873880460858345,0.0005160672590136528,0.0005280366167426109
29,29-1:233:92,all,ge32,False,1.0,0.9969560653508927,0.806442266955094,1.0,0.010038468055427074,0.010093401186168194,0.01009333599358797,0.010216861963272095,-0.0001783939078450203,-0.0001234607771039009,-0.000123525969684124
29,29-1:233:92,inner_half,ge32,False,1.0,0.9969560653508927,0.806442266955094,1.0,0.011978107504546642,0.01216600090265274,0.01216175314038992,0.012361493892967701,-0.00038338638842105865,-0.00019549299031496048,-0.00019974075257778168
29,29-1:233:93,all,ge32,False,0.3984375,0.9999176128690133,0.999867919305265,0.62109375,0.012319117784500122,0.027765007689595222,0.02774861827492714,0.02856891043484211,-0.016249792650341988,-0.0008039027452468872,-0.0008202921599149704
29,29-1:233:93,inner_half,ge32,False,0.3984375,0.9999176128690133,0.999867919305265,0.984375,0.01531708799302578,0.022621314972639084,0.02266702987253666,0.021676626056432724,-0.006359538063406944,0.0009446889162063599,0.0009904038161039352
29,29-1:233:94,all,lt16,False,0.9609375,0.9952466920537123,0.9541532511544641,1.0,0.012262098491191864,0.011936193332076073,0.012053826823830605,0.011974903754889965,0.00028719473630189896,-3.8710422813892365e-05,7.89230689406395e-05
29,29-1:233:94,inner_half,lt16,False,0.9609375,0.9952466920537123,0.9541532511544641,1.0,0.015112405642867088,0.014646722003817558,0.014907658100128174,0.014650273136794567,0.0004621325060725212,-3.5511329770088196e-06,0.0002573849633336067
29,29-1:467:0,all,16to32,False,0.7421875,0.9622077866554657,0.9031588109745856,0.7421875,0.039692752063274384,0.039636094123125076,0.03952820226550102,0.03944544866681099,0.00024730339646339417,0.00019064545631408691,8.275359869003296e-05
29,29-1:467:0,inner_half,16to32,False,0.7421875,0.9622077866554657,0.9031588109745856,0.421875,0.071415014564991,0.07149624079465866,0.0709315836429596,0.0709315836429596,0.0004834309220314026,0.0005646571516990662,0.0
29,29-1:467:1,all,16to32,False,1.0,0.9658737385489995,0.9724397487260709,1.0,0.015134229324758053,0.015154619701206684,0.015223762951791286,0.015253731049597263,-0.00011950172483921051,-9.911134839057922e-05,-2.9968097805976868e-05
29,29-1:467:1,inner_half,16to32,False,1.0,0.9658737385489995,0.9724397487260709,1.0,0.021778201684355736,0.02183009870350361,0.021754205226898193,0.0216524600982666,0.00012574158608913422,0.00017763860523700714,0.0001017451286315918
29,29-1:467:2,all,16to32,True,0.6640625,0.998914270875321,0.9986462795007867,0.71484375,0.04939961060881615,0.04127727821469307,0.04151766374707222,0.041013963520526886,0.00838564708828926,0.00026331469416618347,0.0005037002265453339
29,29-1:467:2,inner_half,16to32,True,0.6640625,0.998914270875321,0.9986462795007867,0.796875,0.07152727246284485,0.06624200195074081,0.06693727523088455,0.06862655282020569,0.00290071964263916,-0.0023845508694648743,-0.0016892775893211365
29,29-1:467:3,all,16to32,False,1.0,0.8266571731433554,0.9907551315309645,1.0,0.034989677369594574,0.03421585261821747,0.03388321399688721,0.03400816768407822,0.0009815096855163574,0.0002076849341392517,-0.00012495368719100952
29,29-1:467:3,inner_half,16to32,False,1.0,0.8266571731433554,0.9907551315309645,1.0,0.050925541669130325,0.05016150325536728,0.04964230954647064,0.049863051623106,0.0010624900460243225,0.00029845163226127625,-0.00022074207663536072
29,29-1:467:4,all,16to32,False,1.0,0.7462844159023823,0.9965092853800468,1.0,0.04297382012009621,0.040842246264219284,0.04090745747089386,0.040813542902469635,0.0021602772176265717,2.8703361749649048e-05,9.391456842422485e-05
29,29-1:467:4,inner_half,16to32,False,1.0,0.7462844159023823,0.9965092853800468,1.0,0.07433559000492096,0.07015784084796906,0.07007600367069244,0.07009939849376678,0.004236191511154175,5.844235420227051e-05,-2.339482307434082e-05
29,29-1:467:5,all,16to32,False,1.0,0.9970274879193858,0.9964939263653267,1.0,0.015327025204896927,0.01707805134356022,0.01711372099816799,0.017111625522375107,-0.00178460031747818,-3.3574178814888e-05,2.0954757928848267e-06
29,29-1:467:5,inner_half,16to32,False,1.0,0.9970274879193858,0.9964939263653267,1.0,0.018443012610077858,0.02040090039372444,0.020441889762878418,0.020508073270320892,-0.0020650606602430344,-0.0001071728765964508,-6.618350744247437e-05
29,29-1:467:6,all,16to32,False,1.0,0.9939153637902581,0.9904449496334758,1.0,0.020226119086146355,0.020891506224870682,0.020960379391908646,0.02099682204425335,-0.0007707029581069946,-0.00010531581938266754,-3.6442652344703674e-05
29,29-1:467:6,inner_half,16to32,False,1.0,0.9939153637902581,0.9904449496334758,1.0,0.016349859535694122,0.016872309148311615,0.016858186572790146,0.01668902486562729,-0.0003391653299331665,0.00018328428268432617,0.00016916170716285706
29,29-1:467:7,all,16to32,False,1.0,0.9440241058812205,0.9470281853133047,1.0,0.013663537800312042,0.013679868541657925,0.013637537136673927,0.013614150695502758,4.938710480928421e-05,6.571784615516663e-05,2.338644117116928e-05
29,29-1:467:7,inner_half,16to32,False,1.0,0.9440241058812205,0.9470281853133047,1.0,0.015521679073572159,0.015737636014819145,0.015611077658832073,0.015638722106814384,-0.00011704303324222565,9.891390800476074e-05,-2.764444798231125e-05
29,29-1:467:8,all,16to32,True,0.61328125,0.9947270258053579,0.9910549448643844,0.6875,0.0984969213604927,0.033299997448921204,0.033381398767232895,0.031286370009183884,0.06721055135130882,0.00201362743973732,0.0020950287580490112
29,29-1:467:8,inner_half,16to32,True,0.61328125,0.9947270258053579,0.9910549448643844,0.734375,0.17514969408512115,0.03988604247570038,0.03988965228199959,0.03686020150780678,0.13828949257731438,0.0030258409678936005,0.00302945077419281
29,29-1:467:9,all,16to32,False,1.0,0.9980097693177798,0.74671367619663,1.0,0.012262925505638123,0.0122072109952569,0.012186281383037567,0.01217287965118885,9.004585444927216e-05,3.4331344068050385e-05,1.3401731848716736e-05
29,29-1:467:9,inner_half,16to32,False,1.0,0.9980097693177798,0.74671367619663,1.0,0.01511085033416748,0.014808407053351402,0.01479193102568388,0.014849336817860603,0.00026151351630687714,-4.092976450920105e-05,-5.740579217672348e-05
29,29-1:467:10,all,16to32,False,1.0,0.9762363129710192,0.9972579558318891,1.0,0.00962084624916315,0.009755518287420273,0.009733797051012516,0.009729952551424503,-0.00010910630226135254,2.55657359957695e-05,3.844499588012695e-06
29,29-1:467:10,inner_half,16to32,False,1.0,0.9762363129710192,0.9972579558318891,1.0,0.015466628596186638,0.015401224605739117,0.015385926701128483,0.015417681075632572,4.8947520554065704e-05,-1.6456469893455505e-05,-3.1754374504089355e-05
29,29-1:467:11,all,16to32,False,1.0,0.8938221896548965,0.9856931816054042,1.0,0.03720365837216377,0.036881908774375916,0.036300547420978546,0.03632239252328873,0.0008812658488750458,0.0005595162510871887,-2.1845102310180664e-05
29,29-1:467:11,inner_half,16to32,False,1.0,0.8938221896548965,0.9856931816054042,1.0,0.09385617077350616,0.09260641038417816,0.09068049490451813,0.09072644263505936,0.003129728138446808,0.001879967749118805,-4.594773054122925e-05
29,29-1:467:12,all,16to32,False,1.0,0.930808681982219,0.8872786659791984,1.0,0.013860777020454407,0.014003455638885498,0.01407291367650032,0.014099226333200932,-0.0002384493127465248,-9.57706943154335e-05,-2.6312656700611115e-05
29,29-1:467:12,inner_half,16to32,False,1.0,0.930808681982219,0.8872786659791984,1.0,0.01310797967016697,0.013296708464622498,0.01335098221898079,0.013733888044953346,-0.000625908374786377,-0.0004371795803308487,-0.00038290582597255707
29,29-1:467:13,all,16to32,False,1.0,0.992803338911589,0.7648488248681353,1.0,0.012681515887379646,0.012665633112192154,0.012662751600146294,0.012650733813643456,3.0782073736190796e-05,1.4899298548698425e-05,1.2017786502838135e-05
29,29-1:467:13,inner_half,16to32,False,1.0,0.992803338911589,0.7648488248681353,1.0,0.013795002363622189,0.013709433376789093,0.013821851462125778,0.013775695115327835,1.9307248294353485e-05,-6.626173853874207e-05,4.6156346797943115e-05
29,29-1:467:14,all,16to32,False,1.0,0.9750284979774468,0.9244280838294642,1.0,0.01245879102498293,0.012440650723874569,0.012428238987922668,0.012416481040418148,4.230998456478119e-05,2.41696834564209e-05,1.1757947504520416e-05
29,29-1:467:14,inner_half,16to32,False,1.0,0.9750284979774468,0.9244280838294642,1.0,0.016807924956083298,0.01670939102768898,0.016682125627994537,0.016682125627994537,0.00012579932808876038,2.726539969444275e-05,0.0
29,29-1:467:15,all,16to32,False,1.0,0.985488873236813,0.9459076336266854,1.0,0.016578979790210724,0.01651644892990589,0.01664399914443493,0.0166308730840683,-5.189329385757446e-05,-0.00011442415416240692,1.3126060366630554e-05
29,29-1:467:15,inner_half,16to32,False,1.0,0.985488873236813,0.9459076336266854,1.0,0.02186991646885872,0.02220505103468895,0.022226154804229736,0.022239599376916885,-0.0003696829080581665,-3.454834222793579e-05,-1.3444572687149048e-05
29,29-1:467:16,all,16to32,False,1.0,0.3971776073511203,0.9766011846857314,1.0,0.012424323707818985,0.01252998411655426,0.012108976021409035,0.012150503695011139,0.00027382001280784607,0.00037948042154312134,-4.152767360210419e-05
29,29-1:467:16,inner_half,16to32,False,1.0,0.3971776073511203,0.9766011846857314,1.0,0.016163265332579613,0.015938013792037964,0.01518339104950428,0.015250050462782383,0.0009132148697972298,0.0006879633292555809,-6.665941327810287e-05
29,29-1:467:17,all,16to32,False,1.0,0.9912875256004906,0.9181904029019307,1.0,0.01562615856528282,0.015577184036374092,0.01562444120645523,0.015602056868374348,2.410169690847397e-05,-2.4872832000255585e-05,2.2384338080883026e-05
29,29-1:467:17,inner_half,16to32,False,1.0,0.9912875256004906,0.9181904029019307,1.0,0.01839859038591385,0.018354710191488266,0.018514716997742653,0.018434613943099976,-3.602355718612671e-05,-7.99037516117096e-05,8.010305464267731e-05
29,29-1:467:18,all,16to32,False,1.0,0.99771871799878,0.9423885625762343,1.0,0.008024423383176327,0.008002008311450481,0.00799472350627184,0.008007229305803776,1.7194077372550964e-05,-5.2209943532943726e-06,-1.2505799531936646e-05
29,29-1:467:18,inner_half,16to32,False,1.0,0.99771871799878,0.9423885625762343,1.0,0.0067910198122262955,0.006762935779988766,0.0067720310762524605,0.006765867583453655,2.5152228772640228e-05,-2.9318034648895264e-06,6.163492798805237e-06
29,29-1:467:19,all,16to32,False,1.0,0.9970967919995897,0.9035624688783661,1.0,0.008132735267281532,0.008078746497631073,0.00806040596216917,0.008046159520745277,8.657574653625488e-05,3.258697688579559e-05,1.4246441423892975e-05
29,29-1:467:19,inner_half,16to32,False,1.0,0.9970967919995897,0.9035624688783661,1.0,0.008475130423903465,0.00845117587596178,0.00847247801721096,0.008458994328975677,1.613609492778778e-05,-7.818453013896942e-06,1.3483688235282898e-05
29,29-1:467:20,all,lt16,False,1.0,0.9983015347123276,0.9885557718757846,1.0,0.007501739542931318,0.007482980377972126,0.007454521954059601,0.007465936243534088,3.580329939723015e-05,1.7044134438037872e-05,-1.1414289474487305e-05
29,29-1:467:20,inner_half,lt16,False,1.0,0.9983015347123276,0.9885557718757846,1.0,0.009140793234109879,0.009093720465898514,0.009093720465898514,0.009091386571526527,4.9406662583351135e-05,2.333894371986389e-06,2.333894371986389e-06
29,29-1:467:31,all,16to32,False,1.0,0.9784115271069265,0.8094752881480898,1.0,0.015418252907693386,0.015440726652741432,0.015414020046591759,0.015445927157998085,-2.7674250304698944e-05,-5.200505256652832e-06,-3.1907111406326294e-05
29,29-1:467:31,inner_half,16to32,False,1.0,0.9784115271069265,0.8094752881480898,1.0,0.020672906190156937,0.020669076591730118,0.020683499053120613,0.02074086293578148,-6.795674562454224e-05,-7.178634405136108e-05,-5.7363882660865784e-05
29,29-1:467:32,all,16to32,False,1.0,0.9878132611213364,0.9400174758337518,1.0,0.015881270170211792,0.01593354344367981,0.01598721742630005,0.01612306386232376,-0.000241793692111969,-0.00018952041864395142,-0.00013584643602371216
29,29-1:467:32,inner_half,16to32,False,1.0,0.9878132611213364,0.9400174758337518,1.0,0.01692652702331543,0.016877438873052597,0.016883842647075653,0.01695159822702408,-2.507120370864868e-05,-7.415935397148132e-05,-6.775557994842529e-05
29,29-1:467:33,all,16to32,False,1.0,0.9979499175538515,0.903817705668461,1.0,0.015857256948947906,0.016151193529367447,0.016067082062363625,0.016112070530653,-0.0002548135817050934,3.912299871444702e-05,-4.4988468289375305e-05
29,29-1:467:33,inner_half,16to32,False,1.0,0.9979499175538515,0.903817705668461,1.0,0.017789654433727264,0.017477717250585556,0.017591170966625214,0.017743520438671112,4.6133995056152344e-05,-0.00026580318808555603,-0.00015234947204589844
29,29-1:467:34,all,16to32,False,1.0,0.9789129468522503,0.9274846422884837,1.0,0.013406945392489433,0.013380352407693863,0.013457958586513996,0.013414107263088226,-7.16187059879303e-06,-3.37548553943634e-05,4.3851323425769806e-05
29,29-1:467:34,inner_half,16to32,False,1.0,0.9789129468522503,0.9274846422884837,1.0,0.01656224951148033,0.016970530152320862,0.016745833680033684,0.016728222370147705,-0.00016597285866737366,0.00024230778217315674,1.76113098859787e-05
29,29-1:467:35,all,16to32,False,1.0,0.9954868157381231,0.9713742787435686,1.0,0.01752878911793232,0.01779237575829029,0.01779237575829029,0.01778506487607956,-0.0002562757581472397,7.310882210731506e-06,7.310882210731506e-06
29,29-1:467:35,inner_half,16to32,False,1.0,0.9954868157381231,0.9713742787435686,1.0,0.02471110038459301,0.025676852092146873,0.025676852092146873,0.025662332773208618,-0.0009512323886156082,1.451931893825531e-05,1.451931893825531e-05
29,29-1:467:36,all,16to32,False,1.0,0.9997242640959579,0.969795832531825,1.0,0.016264140605926514,0.01631411537528038,0.016309328377246857,0.016243096441030502,2.1044164896011353e-05,7.101893424987793e-05,6.623193621635437e-05
29,29-1:467:36,inner_half,16to32,False,1.0,0.9997242640959579,0.969795832531825,1.0,0.019273286685347557,0.019029049202799797,0.019029049202799797,0.018817100673913956,0.0004561860114336014,0.00021194852888584137,0.00021194852888584137
29,29-1:467:37,all,16to32,False,1.0,0.8841061534557734,0.9571662995734054,1.0,0.015395207330584526,0.015388401225209236,0.015414539724588394,0.015464797616004944,-6.959028542041779e-05,-7.63963907957077e-05,-5.025789141654968e-05
29,29-1:467:37,inner_half,16to32,False,1.0,0.8841061534557734,0.9571662995734054,1.0,0.02323754131793976,0.023179439827799797,0.02330831065773964,0.02346927486360073,-0.0002317335456609726,-0.00028983503580093384,-0.00016096420586109161
29,29-1:467:38,all,16to32,False,1.0,0.9251736104900757,0.9505153369089493,1.0,0.015757909044623375,0.015692945569753647,0.0156580600887537,0.01573908142745495,1.8827617168426514e-05,-4.6135857701301575e-05,-8.102133870124817e-05
29,29-1:467:38,inner_half,16to32,False,1.0,0.9251736104900757,0.9505153369089493,1.0,0.021094823256134987,0.02077750489115715,0.020673861727118492,0.02089526504278183,0.00019955821335315704,-0.00011776015162467957,-0.0002214033156633377
29,29-1:467:39,all,16to32,False,1.0,0.99932405759334,0.9348136416055969,1.0,0.014181442558765411,0.014261098578572273,0.01430768333375454,0.014295006170868874,-0.00011356361210346222,-3.390759229660034e-05,1.2677162885665894e-05
29,29-1:467:39,inner_half,16to32,False,1.0,0.99932405759334,0.9348136416055969,1.0,0.015359477140009403,0.01541161723434925,0.015426697209477425,0.015446064993739128,-8.658785372972488e-05,-3.444775938987732e-05,-1.936778426170349e-05
29,29-1:467:40,all,16to32,False,1.0,0.9731420701012463,0.8688612688694607,1.0,0.014937995001673698,0.015032430179417133,0.015064208768308163,0.015024535357952118,-8.65403562784195e-05,7.894821465015411e-06,3.967341035604477e-05
29,29-1:467:40,inner_half,16to32,False,1.0,0.9731420701012463,0.8688612688694607,1.0,0.01595141738653183,0.01595885679125786,0.015888646245002747,0.015945352613925934,6.064772605895996e-06,1.3504177331924438e-05,-5.6706368923187256e-05
29,29-1:467:41,all,16to32,False,1.0,0.9653715943142988,0.9897044119649945,1.0,0.01525829266756773,0.015665002167224884,0.01570420153439045,0.015649225562810898,-0.0003909328952431679,1.5776604413986206e-05,5.49759715795517e-05
29,29-1:467:41,inner_half,16to32,False,1.0,0.9653715943142988,0.9897044119649945,1.0,0.01725735142827034,0.01796397939324379,0.018009737133979797,0.018060998991131783,-0.0008036475628614426,-9.701959788799286e-05,-5.126185715198517e-05
29,29-1:467:42,all,16to32,False,1.0,0.998865561026879,0.9942210146847061,1.0,0.014025229960680008,0.013957005925476551,0.013868489302694798,0.013837871141731739,0.0001873588189482689,0.00011913478374481201,3.061816096305847e-05
29,29-1:467:42,inner_half,16to32,False,1.0,0.998865561026879,0.9942210146847061,1.0,0.016363346949219704,0.016486193984746933,0.01626485213637352,0.01632937788963318,3.396905958652496e-05,0.00015681609511375427,-6.452575325965881e-05
29,29-1:467:43,all,16to32,False,1.0,0.5787710698219988,0.9911831853153128,1.0,0.012494401074945927,0.012854383327066898,0.01244781631976366,0.012341776862740517,0.00015262421220541,0.0005126064643263817,0.00010603945702314377
29,29-1:467:43,inner_half,16to32,False,1.0,0.5787710698219988,0.9911831853153128,1.0,0.016804754734039307,0.01759824901819229,0.01670530065894127,0.01648162491619587,0.0003231298178434372,0.0011166241019964218,0.00022367574274539948
29,29-1:467:44,all,16to32,False,1.0,0.9991635966932846,0.9979068186616574,1.0,0.019155994057655334,0.01999298855662346,0.019993966445326805,0.02004789002239704,-0.0008918959647417068,-5.490146577358246e-05,-5.3923577070236206e-05
29,29-1:467:44,inner_half,16to32,False,1.0,0.9991635966932846,0.9979068186616574,1.0,0.020978819578886032,0.02227691560983658,0.02222491428256035,0.02222491428256035,-0.0012460947036743164,5.200132727622986e-05,0.0
29,29-1:467:45,all,16to32,False,1.0,0.9982192427763462,0.9955141173650655,1.0,0.014225903898477554,0.013790760189294815,0.01394111942499876,0.013939224183559418,0.0002866797149181366,-0.00014846399426460266,1.8952414393424988e-06
29,29-1:467:45,inner_half,16to32,False,1.0,0.9982192427763462,0.9955141173650655,1.0,0.012127307243645191,0.012160378508269787,0.012174958363175392,0.012174500152468681,-4.719290882349014e-05,-1.41216441988945e-05,4.5821070671081543e-07
29,29-1:467:46,all,16to32,False,1.0,0.9996797780462966,0.909564457106958,1.0,0.013885429129004478,0.01417004968971014,0.014142269268631935,0.014183398336172104,-0.00029796920716762543,-1.3348646461963654e-05,-4.112906754016876e-05
29,29-1:467:46,inner_half,16to32,False,1.0,0.9996797780462966,0.909564457106958,1.0,0.013961134478449821,0.014076383784413338,0.014005634002387524,0.014136780053377151,-0.00017564557492733002,-6.039626896381378e-05,-0.00013114605098962784
29,29-1:467:47,all,16to32,False,1.0,0.9985199689285162,0.9655611201494071,1.0,0.015860488638281822,0.015950195491313934,0.01595468446612358,0.015957461670041084,-9.697303175926208e-05,-7.266178727149963e-06,-2.777203917503357e-06
29,29-1:467:47,inner_half,16to32,False,1.0,0.9985199689285162,0.9655611201494071,1.0,0.0166369266808033,0.016696687787771225,0.016696687787771225,0.016673708334565163,-3.678165376186371e-05,2.2979453206062317e-05,2.2979453206062317e-05
29,29-1:467:48,all,16to32,False,1.0,0.9921096939883715,0.8313004823949992,1.0,0.014914465136826038,0.014945166185498238,0.015221334993839264,0.015213650651276112,-0.00029918551445007324,-0.000268484465777874,7.684342563152313e-06
29,29-1:467:48,inner_half,16to32,False,1.0,0.9921096939883715,0.8313004823949992,1.0,0.018942739814519882,0.01900273747742176,0.019408980384469032,0.019295986741781235,-0.00035324692726135254,-0.0002932492643594742,0.00011299364268779755
29,29-1:467:49,all,16to32,False,1.0,0.9957559665068739,0.9742982151903509,1.0,0.013576168566942215,0.013339283876121044,0.013295626267790794,0.013275775127112865,0.0003003934398293495,6.350874900817871e-05,1.9851140677928925e-05
29,29-1:467:49,inner_half,16to32,False,1.0,0.9957559665068739,0.9742982151903509,1.0,0.011574379168450832,0.011561334133148193,0.011588120833039284,0.011572523973882198,1.8551945686340332e-06,-1.1189840734004974e-05,1.559685915708542e-05
29,29-1:467:50,all,16to32,False,1.0,0.9722112066376073,0.7943344463848678,1.0,0.007952826097607613,0.007927932776510715,0.007936769165098667,0.007925434969365597,2.739112824201584e-05,2.4978071451187134e-06,1.1334195733070374e-05
29,29-1:467:50,inner_half,16to32,False,1.0,0.9722112066376073,0.7943344463848678,1.0,0.005595665890723467,0.0055960845202207565,0.0055705346167087555,0.005498310551047325,9.735533967614174e-05,9.77739691734314e-05,7.222406566143036e-05
29,29-1:467:51,all,lt16,False,1.0,0.9982763100034407,0.9963134904223245,1.0,0.012609772384166718,0.012476746924221516,0.012350069358944893,0.012381060980260372,0.00022871140390634537,9.56859439611435e-05,-3.099162131547928e-05
29,29-1:467:51,inner_half,lt16,False,1.0,0.9982763100034407,0.9963134904223245,1.0,0.013434856198728085,0.013735384680330753,0.013448819518089294,0.013455121777951717,-2.0265579223632812e-05,0.00028026290237903595,-6.302259862422943e-06
29,29-1:467:52,all,16to32,False,1.0,0.9993893322281946,0.9710139596389357,1.0,0.016022177413105965,0.015556104481220245,0.015573040582239628,0.01567048579454422,0.0003516916185617447,-0.00011438131332397461,-9.744521230459213e-05
29,29-1:467:52,inner_half,16to32,False,1.0,0.9993893322281946,0.9710139596389357,1.0,0.013465331867337227,0.013354530557990074,0.013409522362053394,0.013396657072007656,6.867479532957077e-05,-4.212651401758194e-05,1.286529004573822e-05
29,29-1:467:53,all,16to32,False,1.0,0.9984607424456219,0.984217393819438,1.0,0.012047173455357552,0.01208597794175148,0.012047069147229195,0.012064177542924881,-1.7004087567329407e-05,2.180039882659912e-05,-1.710839569568634e-05
29,29-1:467:53,inner_half,16to32,False,1.0,0.9984607424456219,0.984217393819438,1.0,0.0073752012103796005,0.0073688579723238945,0.0073688579723238945,0.0073688579723238945,6.343238055706024e-06,0.0,0.0
29,29-1:467:54,all,16to32,False,1.0,0.9984477942421054,0.9946956900368026,1.0,0.013477370142936707,0.013295176438987255,0.013269091956317425,0.013265672139823437,0.0002116980031132698,2.950429916381836e-05,3.419816493988037e-06
29,29-1:467:54,inner_half,16to32,False,1.0,0.9984477942421054,0.9946956900368026,1.0,0.017487889155745506,0.0175563246011734,0.017536697909235954,0.017523014917969704,-3.512576222419739e-05,3.3309683203697205e-05,1.368299126625061e-05
29,29-1:467:55,all,16to32,False,1.0,0.9846089401623591,0.9668019471895631,1.0,0.015886660665273666,0.015858717262744904,0.015913238748908043,0.015707649290561676,0.00017901137471199036,0.00015106797218322754,0.00020558945834636688
29,29-1:467:55,inner_half,16to32,False,1.0,0.9846089401623591,0.9668019471895631,1.0,0.018974175676703453,0.019481925293803215,0.019436925649642944,0.01878891885280609,0.00018525682389736176,0.0006930064409971237,0.000648006796836853
29,29-1:467:73,all,ge32,False,1.0,0.9673341980603886,0.5617938074575216,1.0,0.01031038910150528,0.010209507308900356,0.01036798395216465,0.01027661096304655,3.377813845872879e-05,-6.710365414619446e-05,9.137298911809921e-05
29,29-1:467:73,inner_half,ge32,False,1.0,0.9673341980603886,0.5617938074575216,1.0,0.008173706941306591,0.008118873462080956,0.008132098242640495,0.008208751678466797,-3.504473716020584e-05,-8.987821638584137e-05,-7.665343582630157e-05
29,29-1:467:74,all,ge32,True,0.77734375,0.9999675524712153,0.9977104016529715,0.77734375,0.0186776090413332,0.019776085391640663,0.019713835790753365,0.019712237641215324,-0.0010346285998821259,6.384775042533875e-05,1.5981495380401611e-06
29,29-1:467:74,inner_half,ge32,True,0.77734375,0.9999675524712153,0.9977104016529715,1.0,0.013916410505771637,0.014109009876847267,0.01410254742950201,0.01406943704932928,-0.0001530265435576439,3.95728275179863e-05,3.311038017272949e-05
29,29-1:467:75,all,ge32,True,0.8046875,0.9998811908706574,0.9994802084329678,0.84765625,0.010336985811591148,0.014397493563592434,0.014482068829238415,0.014996541664004326,-0.0046595558524131775,-0.0005990481004118919,-0.0005144728347659111
29,29-1:467:75,inner_half,ge32,True,0.8046875,0.9998811908706574,0.9994802084329678,1.0,0.011532055214047432,0.011610384099185467,0.0116204172372818,0.011658072471618652,-0.0001260172575712204,-4.768837243318558e-05,-3.765523433685303e-05
29,29-1:467:76,all,ge32,True,0.70703125,0.999919553657565,0.9997671942331653,0.859375,0.012765101157128811,0.01686616614460945,0.016945498064160347,0.01715436577796936,-0.0043892646208405495,-0.00028819963335990906,-0.00020886771380901337
29,29-1:467:76,inner_half,ge32,True,0.70703125,0.999919553657565,0.9997671942331653,1.0,0.01468406431376934,0.014400484971702099,0.014314916916191578,0.014631622470915318,5.244184285402298e-05,-0.0002311374992132187,-0.0003167055547237396
29,29-1:467:77,all,ge32,True,0.8359375,0.9998729593247816,0.9991108508955356,0.87109375,0.0204591304063797,0.021816063672304153,0.02194351702928543,0.021668074652552605,-0.001208944246172905,0.00014798901975154877,0.00027544237673282623
29,29-1:467:77,inner_half,ge32,True,0.8359375,0.9998729593247816,0.9991108508955356,1.0,0.020596053451299667,0.018896881490945816,0.018872465938329697,0.019801579415798187,0.0007944740355014801,-0.0009046979248523712,-0.0009291134774684906
29,29-1:467:78,all,ge32,False,1.0,0.9842481966029913,0.8135040061607004,1.0,0.019147388637065887,0.019044142216444016,0.018962357193231583,0.018990151584148407,0.00015723705291748047,5.399063229560852e-05,-2.779439091682434e-05
29,29-1:467:78,inner_half,ge32,False,1.0,0.9842481966029913,0.8135040061607004,1.0,0.017590630799531937,0.017542582005262375,0.017539210617542267,0.01755562610924244,3.5004690289497375e-05,-1.3044103980064392e-05,-1.6415491700172424e-05
29,29-1:467:79,all,ge32,False,0.484375,0.9993063628808987,0.998957397680906,0.625,0.03350072726607323,0.029690343886613846,0.029815340414643288,0.029649809002876282,0.003850918263196945,4.053488373756409e-05,0.00016553141176700592
29,29-1:467:79,inner_half,ge32,False,0.484375,0.9993063628808987,0.998957397680906,0.671875,0.07677927613258362,0.02836861088871956,0.02876618318259716,0.0288263950496912,0.04795288108289242,-0.00045778416097164154,-6.021186709403992e-05
29,29-1:467:80,all,ge32,False,1.0,0.9868053307264548,0.9845746811528565,1.0,0.007818534038960934,0.007171377539634705,0.007060880772769451,0.007092196028679609,0.0007263380102813244,7.918151095509529e-05,-3.131525591015816e-05
29,29-1:467:80,inner_half,ge32,False,1.0,0.9868053307264548,0.9845746811528565,1.0,0.006790360435843468,0.006959125865250826,0.006956612691283226,0.006963673047721386,-0.00017331261187791824,-4.547182470560074e-06,-7.060356438159943e-06
29,29-1:467:81,all,ge32,True,0.98046875,0.9997671911795405,0.9991020484009461,0.9921875,0.03643902391195297,0.025228548794984818,0.025236625224351883,0.025041360408067703,0.01139766350388527,0.00018718838691711426,0.0001952648162841797
29,29-1:467:81,inner_half,ge32,True,0.98046875,0.9997671911795405,0.9991020484009461,1.0,0.019429326057434082,0.02395380660891533,0.023930249735713005,0.02441079169511795,-0.004981465637683868,-0.00045698508620262146,-0.0004805419594049454
29,29-1:467:82,all,ge32,False,1.0,0.997385785919479,0.9604552354377448,1.0,0.0152550945058465,0.014519879594445229,0.01445059198886156,0.014563607051968575,0.0006914874538779259,-4.372745752334595e-05,-0.0001130150631070137
29,29-1:467:82,inner_half,ge32,False,1.0,0.997385785919479,0.9604552354377448,1.0,0.02143806219100952,0.02025541290640831,0.019453581422567368,0.01958632282912731,0.0018517393618822098,0.0006690900772809982,-0.00013274140655994415
29,29-1:467:83,all,ge32,False,1.0,0.920930526189616,0.9629760127467382,1.0,0.019815899431705475,0.019470401108264923,0.019701261073350906,0.019637681543827057,0.00017821788787841797,-0.0001672804355621338,6.357952952384949e-05
29,29-1:467:83,inner_half,ge32,False,1.0,0.920930526189616,0.9629760127467382,1.0,0.021799802780151367,0.020932385697960854,0.021978480741381645,0.021278131753206253,0.0005216710269451141,-0.0003457460552453995,0.0007003489881753922
29,29-1:467:84,all,ge32,False,1.0,0.8188825888518737,0.909319867026374,1.0,0.017974374815821648,0.018430355936288834,0.017986642196774483,0.01829831674695015,-0.0003239419311285019,0.00013203918933868408,-0.0003116745501756668
29,29-1:467:84,inner_half,ge32,False,1.0,0.8188825888518737,0.909319867026374,1.0,0.020325247198343277,0.020804351195693016,0.02086951583623886,0.02108888514339924,-0.0007636379450559616,-0.00028453394770622253,-0.0002193693071603775
29,29-1:467:85,all,ge32,False,1.0,0.9528891226728325,0.9458584780724073,1.0,0.010246043093502522,0.010128015652298927,0.010130718350410461,0.010125044733285904,0.00012099836021661758,2.9709190130233765e-06,5.673617124557495e-06
29,29-1:467:85,inner_half,ge32,False,1.0,0.9528891226728325,0.9458584780724073,1.0,0.012636791914701462,0.012626079842448235,0.012651392258703709,0.012651392258703709,-1.4600344002246857e-05,-2.531241625547409e-05,0.0
29,29-1:467:86,all,ge32,False,1.0,0.8867964749389609,0.9721172595666897,1.0,0.022492067888379097,0.02181468904018402,0.02131015621125698,0.02117311768233776,0.001318950206041336,0.0006415713578462601,0.00013703852891921997
29,29-1:467:86,inner_half,ge32,False,1.0,0.8867964749389609,0.9721172595666897,1.0,0.020255692303180695,0.020593799650669098,0.020639417693018913,0.020091161131858826,0.0001645311713218689,0.0005026385188102722,0.0005482565611600876
29,29-1:467:87,all,ge32,True,0.6953125,0.9986231814601858,0.9980821059155375,0.84765625,0.02895713783800602,0.015522975474596024,0.01558628585189581,0.015418116003274918,0.013539021834731102,0.00010485947132110596,0.00016816984862089157
29,29-1:467:87,inner_half,ge32,True,0.6953125,0.9986231814601858,0.9980821059155375,0.90625,0.03729411959648132,0.013233558274805546,0.013531235046684742,0.014920717105269432,0.02237340249121189,-0.0016871588304638863,-0.00138948205858469
29,29-1:467:88,all,ge32,False,1.0,0.858312170769977,0.8423374055949227,1.0,0.016811640933156013,0.016870107501745224,0.016819555312395096,0.01677696965634823,3.4671276807785034e-05,9.313784539699554e-05,4.258565604686737e-05
29,29-1:467:88,inner_half,ge32,False,1.0,0.858312170769977,0.8423374055949227,1.0,0.020550617948174477,0.020792067050933838,0.02098117582499981,0.020868998020887375,-0.00031838007271289825,-7.693096995353699e-05,0.00011217780411243439
29,29-1:467:89,all,ge32,False,1.0,0.9842828124057741,0.6790188717639266,1.0,0.010708717629313469,0.010795727372169495,0.01073656789958477,0.010912103578448296,-0.00020338594913482666,-0.00011637620627880096,-0.0001755356788635254
29,29-1:467:89,inner_half,ge32,False,1.0,0.9842828124057741,0.6790188717639266,1.0,0.010662663727998734,0.010648341849446297,0.010567919351160526,0.011047683656215668,-0.0003850199282169342,-0.00039934180676937103,-0.00047976430505514145
29,29-1:467:90,all,ge32,True,0.734375,0.9999734735331782,0.9998027176272772,0.80859375,0.019172675907611847,0.02216801606118679,0.022101793438196182,0.022238709032535553,-0.003066033124923706,-7.069297134876251e-05,-0.00013691559433937073
29,29-1:467:90,inner_half,ge32,True,0.734375,0.9999734735331782,0.9998027176272772,1.0,0.024382110685110092,0.026639796793460846,0.026647455990314484,0.026286371052265167,-0.001904260367155075,0.0003534257411956787,0.0003610849380493164
29,29-1:467:91,all,ge32,False,1.0,0.9799046995333308,0.74790716551362,1.0,0.010152689181268215,0.010141195729374886,0.010144662111997604,0.01012544333934784,2.7245841920375824e-05,1.5752390027046204e-05,1.9218772649765015e-05
29,29-1:467:91,inner_half,ge32,False,1.0,0.9799046995333308,0.74790716551362,1.0,0.009458892978727818,0.009505308233201504,0.009497888386249542,0.009430470876395702,2.8422102332115173e-05,7.483735680580139e-05,6.741750985383987e-05
29,29-1:467:92,all,ge32,False,1.0,0.9929696141128526,0.7622518876364657,1.0,0.009160298854112625,0.009191245771944523,0.009142532013356686,0.00911644846200943,4.385039210319519e-05,7.479730993509293e-05,2.6083551347255707e-05
29,29-1:467:92,inner_half,ge32,False,1.0,0.9929696141128526,0.7622518876364657,1.0,0.006199297029525042,0.006199297029525042,0.006200733594596386,0.006197442300617695,1.8547289073467255e-06,1.8547289073467255e-06,3.291293978691101e-06
29,29-1:467:93,all,ge32,True,0.7890625,0.9998747014550594,0.9989706916569213,0.82421875,0.019797559827566147,0.025635378435254097,0.025546548888087273,0.02586415410041809,-0.006066594272851944,-0.00022877566516399384,-0.0003176052123308182
29,29-1:467:93,inner_half,ge32,True,0.7890625,0.9998747014550594,0.9989706916569213,1.0,0.020169485360383987,0.019698739051818848,0.019686292856931686,0.019999265670776367,0.00017021968960762024,-0.00030052661895751953,-0.0003129728138446808
29,29-1:467:94,all,ge32,False,1.0,0.5354068534258283,0.8890959358529602,1.0,0.00845244713127613,0.008498352952301502,0.008641650900244713,0.00868169218301773,-0.00022924505174160004,-0.00018333923071622849,-4.004128277301788e-05
29,29-1:467:94,inner_half,ge32,False,1.0,0.5354068534258283,0.8890959358529602,1.0,0.006972011178731918,0.0069860732182860374,0.0070404852740466595,0.007045072969049215,-7.306179031729698e-05,-5.899975076317787e-05,-4.587695002555847e-06
29,29-1:467:95,all,ge32,False,0.9375,0.998867498446341,0.9592652926359726,0.9375,0.010493919253349304,0.010104523040354252,0.010187696665525436,0.010090023279190063,0.0004038959741592407,1.4499761164188385e-05,9.767338633537292e-05
29,29-1:467:95,inner_half,ge32,False,0.9375,0.998867498446341,0.9592652926359726,1.0,0.011436711996793747,0.01119690015912056,0.011384752579033375,0.011302195489406586,0.00013451650738716125,-0.000105295330286026,8.255708962678909e-05
29,29-1:467:96,all,ge32,False,1.0,0.9877165217154628,0.9187764530538941,1.0,0.014477788470685482,0.014095441438257694,0.014097071252763271,0.0140513451769948,0.00042644329369068146,4.409626126289368e-05,4.5726075768470764e-05
29,29-1:467:96,inner_half,ge32,False,1.0,0.9877165217154628,0.9187764530538941,1.0,0.010483825579285622,0.010481573641300201,0.010480913333594799,0.010312667116522789,0.00017115846276283264,0.00016890652477741241,0.00016824621707201004
29,29-1:467:97,all,ge32,False,0.76953125,0.6987251030067709,0.9928336475225537,0.875,0.014220967888832092,0.013654395937919617,0.013127470389008522,0.01345408707857132,0.0007668808102607727,0.00020030885934829712,-0.00032661668956279755
29,29-1:467:97,inner_half,ge32,False,0.76953125,0.6987251030067709,0.9928336475225537,1.0,0.01273643784224987,0.01354186236858368,0.012362905777990818,0.01251655351370573,0.00021988432854413986,0.0010253088548779488,-0.00015364773571491241
29,29-2:233:0,all,lt16,False,1.0,0.8448632558588395,0.9588047066028001,1.0,0.04893704876303673,0.0492178313434124,0.049267061054706573,0.04922814667224884,-0.0002910979092121124,-1.031532883644104e-05,3.8914382457733154e-05
29,29-2:233:0,inner_half,lt16,False,1.0,0.8448632558588395,0.9588047066028001,1.0,0.09798434376716614,0.09835324436426163,0.09903113543987274,0.09904514253139496,-0.0010607987642288208,-0.0006918981671333313,-1.4007091522216797e-05
29,29-2:233:1,all,lt16,False,1.0,0.9919563369337423,0.9004370100102331,1.0,0.044804684817790985,0.04404371231794357,0.04402599111199379,0.04403263330459595,0.0007720515131950378,1.1079013347625732e-05,-6.642192602157593e-06
29,29-2:233:1,inner_half,lt16,False,1.0,0.9919563369337423,0.9004370100102331,1.0,0.09216722846031189,0.08970018476247787,0.0896468535065651,0.08950856328010559,0.002658665180206299,0.00019162148237228394,0.00013829022645950317
29,29-2:233:2,all,16to32,False,0.4140625,0.6130069209304062,0.8982738696700886,0.5078125,0.05296263471245766,0.05351493880152702,0.05339086428284645,0.053079042583703995,-0.00011640787124633789,0.00043589621782302856,0.00031182169914245605
29,29-2:233:3,all,lt16,False,1.0,0.9886383232738011,0.9962585549825265,1.0,0.019228748977184296,0.01925519108772278,0.019299501553177834,0.0193459615111351,-0.00011721253395080566,-9.0770423412323e-05,-4.645995795726776e-05
29,29-2:233:3,inner_half,lt16,False,1.0,0.9886383232738011,0.9962585549825265,1.0,0.027884872630238533,0.027119718492031097,0.02770094946026802,0.02807372435927391,-0.0001888517290353775,-0.0009540058672428131,-0.0003727748990058899
29,29-2:233:4,all,lt16,False,1.0,0.997039108973549,0.7487531285219053,1.0,0.01925385370850563,0.01916501671075821,0.019239921122789383,0.019178222864866257,7.563084363937378e-05,-1.3206154108047485e-05,6.169825792312622e-05
29,29-2:233:4,inner_half,lt16,False,1.0,0.997039108973549,0.7487531285219053,1.0,0.03246362507343292,0.03227806091308594,0.03248659893870354,0.03225111588835716,0.0002125091850757599,2.6945024728775024e-05,0.0002354830503463745
29,29-2:233:5,all,lt16,False,1.0,0.9770453518692004,0.9701642039953822,1.0,0.019289668649435043,0.018656441941857338,0.018676823005080223,0.01865440234541893,0.0006352663040161133,2.039596438407898e-06,2.242065966129303e-05
29,29-2:233:5,inner_half,lt16,False,1.0,0.9770453518692004,0.9701642039953822,1.0,0.021761804819107056,0.021498436108231544,0.021676475182175636,0.021711241453886032,5.056336522102356e-05,-0.0002128053456544876,-3.476627171039581e-05
29,29-2:233:6,all,lt16,False,1.0,0.9923190516259958,0.9208269311829046,1.0,0.03057934157550335,0.03041042760014534,0.029625631868839264,0.029579292982816696,0.0010000485926866531,0.0008311346173286438,4.633888602256775e-05
29,29-2:233:6,inner_half,lt16,False,1.0,0.9923190516259958,0.9208269311829046,1.0,0.05643412470817566,0.056202568113803864,0.05295522138476372,0.05270037055015564,0.0037337541580200195,0.003502197563648224,0.000254850834608078
29,29-2:233:7,all,lt16,False,1.0,0.9250095785252818,0.9914079571960217,1.0,0.013187801465392113,0.013117202557623386,0.013085395097732544,0.013143584132194519,4.421733319759369e-05,-2.638157457113266e-05,-5.81890344619751e-05
29,29-2:233:7,inner_half,lt16,False,1.0,0.9250095785252818,0.9914079571960217,1.0,0.013630430214107037,0.013565005734562874,0.014123618602752686,0.014162333682179451,-0.0005319034680724144,-0.0005973279476165771,-3.871507942676544e-05
29,29-2:233:8,all,lt16,False,1.0,0.9992854670940806,0.7692052413833305,1.0,0.010485416278243065,0.010561061091721058,0.010523751378059387,0.0105389803647995,-5.356408655643463e-05,2.208072692155838e-05,-1.5228986740112305e-05
29,29-2:233:8,inner_half,lt16,False,1.0,0.9992854670940806,0.7692052413833305,1.0,0.007553359493613243,0.007550586014986038,0.007564469240605831,0.007536344695836306,1.7014797776937485e-05,1.424131914973259e-05,2.8124544769525528e-05
29,29-2:233:9,all,16to32,False,1.0,0.9991573512404839,0.9579957411307196,1.0,0.016223600134253502,0.015046613290905952,0.015040399506688118,0.015187935903668404,0.0010356642305850983,-0.00014132261276245117,-0.00014753639698028564
29,29-2:233:9,inner_half,16to32,False,1.0,0.9991573512404839,0.9579957411307196,1.0,0.016377832740545273,0.015572944656014442,0.015611061826348305,0.016147471964359283,0.00023036077618598938,-0.000574527308344841,-0.0005364101380109787
29,29-2:233:10,all,lt16,False,1.0,0.9649391123736352,0.9296301768642943,1.0,0.01577874645590782,0.015436284244060516,0.015395012684166431,0.015428492799401283,0.0003502536565065384,7.791444659233093e-06,-3.348011523485184e-05
29,29-2:233:10,inner_half,lt16,False,1.0,0.9649391123736352,0.9296301768642943,1.0,0.020991530269384384,0.0205058790743351,0.021181154996156693,0.021162785589694977,-0.00017125532031059265,-0.0006569065153598785,1.8369406461715698e-05
29,29-2:233:11,all,lt16,False,1.0,0.9998136394529077,0.9520490170896919,1.0,0.023140355944633484,0.02313876524567604,0.02317940443754196,0.02323869988322258,-9.834393858909607e-05,-9.99346375465393e-05,-5.9295445680618286e-05
29,29-2:233:11,inner_half,lt16,False,1.0,0.9998136394529077,0.9520490170896919,1.0,0.02624947763979435,0.026065535843372345,0.02599426731467247,0.02612573280930519,0.00012374483048915863,-6.019696593284607e-05,-0.00013146549463272095
29,29-2:233:12,all,lt16,False,1.0,0.9995535026211924,0.79207035489617,1.0,0.011301837861537933,0.011267106980085373,0.011267056688666344,0.011282914318144321,1.8923543393611908e-05,-1.5807338058948517e-05,-1.5857629477977753e-05
29,29-2:233:12,inner_half,lt16,False,1.0,0.9995535026211924,0.79207035489617,1.0,0.020642805844545364,0.02034401334822178,0.02030852809548378,0.020343013107776642,0.00029979273676872253,1.000240445137024e-06,-3.448501229286194e-05
29,29-2:233:13,all,lt16,False,1.0,0.9999060435374308,0.9720000128148656,1.0,0.011015254072844982,0.010963913053274155,0.010988062247633934,0.010992704890668392,2.2549182176589966e-05,-2.879183739423752e-05,-4.64264303445816e-06
29,29-2:233:13,inner_half,lt16,False,1.0,0.9999060435374308,0.9720000128148656,1.0,0.013304983265697956,0.013254599645733833,0.013304983265697956,0.013304983265697956,0.0,-5.038361996412277e-05,0.0
29,29-2:233:14,all,lt16,False,1.0,0.9961246967232243,0.9693278795572521,1.0,0.016822880133986473,0.016925806179642677,0.01667184755206108,0.01672464981675148,9.823031723499298e-05,0.0002011563628911972,-5.280226469039917e-05
29,29-2:233:14,inner_half,lt16,False,1.0,0.9961246967232243,0.9693278795572521,1.0,0.01940171793103218,0.0195359755307436,0.0193500779569149,0.019484953954815865,-8.323602378368378e-05,5.1021575927734375e-05,-0.00013487599790096283
29,29-2:233:15,all,lt16,False,1.0,0.9986555501534745,0.9390337772089318,1.0,0.007182661909610033,0.007185238879173994,0.007164515554904938,0.0071707833558321,1.187855377793312e-05,1.445552334189415e-05,-6.26780092716217e-06
29,29-2:233:15,inner_half,lt16,False,1.0,0.9986555501534745,0.9390337772089318,1.0,0.008620813488960266,0.008604495786130428,0.008600665256381035,0.008582552894949913,3.826059401035309e-05,2.194289118051529e-05,1.8112361431121826e-05
29,29-2:233:16,all,16to32,False,0.9140625,0.9967731431638059,0.9992163770068421,0.9921875,0.04916108399629593,0.03218654915690422,0.0316777341067791,0.03159299120306969,0.017568092793226242,0.0005935579538345337,8.474290370941162e-05
29,29-2:233:16,inner_half,16to32,False,0.9140625,0.9967731431638059,0.9992163770068421,1.0,0.12102207541465759,0.06803517788648605,0.06639818847179413,0.06595317274332047,0.05506890267133713,0.0020820051431655884,0.00044501572847366333
29,29-2:233:17,all,lt16,False,1.0,0.9978021856016633,0.8758923565215592,1.0,0.010047674179077148,0.010040697641670704,0.009977987967431545,0.010028749704360962,1.8924474716186523e-05,1.1947937309741974e-05,-5.0761736929416656e-05
29,29-2:233:17,inner_half,lt16,False,1.0,0.9978021856016633,0.8758923565215592,1.0,0.009901395998895168,0.009901395998895168,0.00986682903021574,0.00993378832936287,-3.239233046770096e-05,-3.239233046770096e-05,-6.695929914712906e-05
29,29-2:233:18,all,lt16,False,1.0,0.9974800927776951,0.9734962519449282,1.0,0.020592089742422104,0.019817495718598366,0.02020157128572464,0.020104508846998215,0.00048758089542388916,-0.00028701312839984894,9.706243872642517e-05
29,29-2:233:18,inner_half,lt16,False,1.0,0.9974800927776951,0.9734962519449282,1.0,0.02144593931734562,0.020244063809514046,0.020698875188827515,0.02069428749382496,0.0007516518235206604,-0.0004502236843109131,4.587695002555847e-06
29,29-2:233:19,all,lt16,False,1.0,0.687521883901498,0.9926032403211504,1.0,0.012699096463620663,0.012743428349494934,0.012681219726800919,0.012658711522817612,4.0384940803050995e-05,8.471682667732239e-05,2.2508203983306885e-05
29,29-2:233:19,inner_half,lt16,False,1.0,0.687521883901498,0.9926032403211504,1.0,0.01208869181573391,0.012066410854458809,0.012073392048478127,0.012075226753950119,1.3465061783790588e-05,-8.81589949131012e-06,-1.8347054719924927e-06
29,29-2:233:20,all,lt16,False,1.0,0.9674087713639916,0.9854988538758047,1.0,0.00978907197713852,0.00974700041115284,0.009752370417118073,0.009768153540790081,2.0918436348438263e-05,-2.1153129637241364e-05,-1.5783123672008514e-05
29,29-2:233:20,inner_half,lt16,False,1.0,0.9674087713639916,0.9854988538758047,1.0,0.010087174363434315,0.010083463042974472,0.010126487351953983,0.010164066217839718,-7.689185440540314e-05,-8.060317486524582e-05,-3.757886588573456e-05
29,29-2:233:21,all,16to32,False,1.0,0.9993044968430703,0.9628286628056474,1.0,0.012035060673952103,0.011711640283465385,0.011724056676030159,0.011742895469069481,0.00029216520488262177,-3.125518560409546e-05,-1.88387930393219e-05
29,29-2:233:21,inner_half,16to32,False,1.0,0.9993044968430703,0.9628286628056474,1.0,0.01151224970817566,0.011562790721654892,0.011539492756128311,0.011593465693295002,-8.12159851193428e-05,-3.0674971640110016e-05,-5.3972937166690826e-05
29,29-2:233:22,all,lt16,False,1.0,0.9987083273363835,0.935573541055593,1.0,0.008431131951510906,0.008547164499759674,0.008550879545509815,0.008556400425732136,-0.00012526847422122955,-9.2359259724617e-06,-5.520880222320557e-06
29,29-2:233:22,inner_half,lt16,False,1.0,0.9987083273363835,0.935573541055593,1.0,0.011269241571426392,0.01127205416560173,0.011273190379142761,0.01126730628311634,1.9352883100509644e-06,4.7478824853897095e-06,5.884096026420593e-06
29,29-2:233:23,all,lt16,False,1.0,0.9999259428861059,0.9733536482781207,1.0,0.012496454641222954,0.012695777229964733,0.0126974331215024,0.012655706144869328,-0.00015925150364637375,4.007108509540558e-05,4.17269766330719e-05
29,29-2:233:23,inner_half,lt16,False,1.0,0.9999259428861059,0.9733536482781207,1.0,0.014284038916230202,0.014593105763196945,0.014593105763196945,0.01454738900065422,-0.00026335008442401886,4.571676254272461e-05,4.571676254272461e-05
29,29-2:233:24,all,lt16,False,1.0,0.9983572638444909,0.9468541027367815,1.0,0.024946607649326324,0.0250563882291317,0.024950802326202393,0.025119777768850327,-0.00017317011952400208,-6.338953971862793e-05,-0.00016897544264793396
29,29-2:233:24,inner_half,lt16,False,1.0,0.9983572638444909,0.9468541027367815,1.0,0.05676417052745819,0.056895993649959564,0.05651189386844635,0.057277221232652664,-0.0005130507051944733,-0.0003812275826931,-0.0007653273642063141
29,29-2:233:25,all,lt16,False,1.0,0.9998484863889893,0.9294967662069139,1.0,0.025079187005758286,0.024987928569316864,0.024917881935834885,0.024927012622356415,0.00015217438340187073,6.091594696044922e-05,-9.130686521530151e-06
29,29-2:233:25,inner_half,lt16,False,1.0,0.9998484863889893,0.9294967662069139,1.0,0.03340965509414673,0.033314093947410583,0.03319573029875755,0.03315874934196472,0.00025090575218200684,0.00015534460544586182,3.698095679283142e-05
29,29-2:233:26,all,lt16,False,1.0,0.9992799091120372,0.7459628758248924,1.0,0.009692836552858353,0.009723224677145481,0.009626122191548347,0.009719334542751312,-2.6497989892959595e-05,3.890134394168854e-06,-9.321235120296478e-05
29,29-2:233:26,inner_half,lt16,False,1.0,0.9992799091120372,0.7459628758248924,1.0,0.008344917558133602,0.008393744938075542,0.008359936065971851,0.00836065411567688,-1.573655754327774e-05,3.309082239866257e-05,-7.180497050285339e-07
29,29-2:233:27,all,lt16,False,1.0,0.9771539851247811,0.9488270104236819,1.0,0.010246685706079006,0.010183140635490417,0.010173328220844269,0.010148181580007076,9.850412607192993e-05,3.495905548334122e-05,2.5146640837192535e-05
29,29-2:233:27,inner_half,lt16,False,1.0,0.9771539851247811,0.9488270104236819,1.0,0.01111866720020771,0.011126824654638767,0.011128021404147148,0.011137416586279869,-1.8749386072158813e-05,-1.0591931641101837e-05,-9.395182132720947e-06
29,29-2:233:30,all,16to32,False,1.0,0.9999399049091219,0.9853117960485698,1.0,0.006889686919748783,0.006958651822060347,0.006957993842661381,0.006963707506656647,-7.402058690786362e-05,-5.055684596300125e-06,-5.713663995265961e-06
29,29-2:233:30,inner_half,16to32,False,1.0,0.9999399049091219,0.9853117960485698,1.0,0.010098807513713837,0.010170135647058487,0.010170135647058487,0.010170135647058487,-7.132813334465027e-05,0.0,0.0
29,29-2:233:31,all,16to32,False,1.0,0.9995514592435477,0.8474878429177068,1.0,0.011887723580002785,0.011914081871509552,0.01190616749227047,0.012008611112833023,-0.00012088753283023834,-9.452924132347107e-05,-0.0001024436205625534
29,29-2:233:31,inner_half,16to32,False,1.0,0.9995514592435477,0.8474878429177068,1.0,0.017025696113705635,0.017447037622332573,0.017241215333342552,0.017567871138453484,-0.0005421750247478485,-0.00012083351612091064,-0.0003266558051109314
29,29-2:233:32,all,lt16,False,1.0,0.9994108046913333,0.7476773014367464,1.0,0.01354542002081871,0.013464539311826229,0.013510918244719505,0.013571568764746189,-2.614874392747879e-05,-0.00010702945291996002,-6.065052002668381e-05
29,29-2:233:32,inner_half,lt16,False,1.0,0.9994108046913333,0.7476773014367464,1.0,0.020996350795030594,0.020839214324951172,0.02088269591331482,0.02088269591331482,0.00011365488171577454,-4.348158836364746e-05,0.0
29,29-2:233:33,all,16to32,False,1.0,0.9998931857432216,0.9844905348034618,1.0,0.012630482204258442,0.012827454134821892,0.01269192062318325,0.012716518715023994,-8.603651076555252e-05,0.00011093541979789734,-2.459809184074402e-05
29,29-2:233:33,inner_half,16to32,False,1.0,0.9998931857432216,0.9844905348034618,1.0,0.012647398747503757,0.012673649936914444,0.012428730726242065,0.012495330534875393,0.00015206821262836456,0.00017831940203905106,-6.659980863332748e-05
29,29-2:233:34,all,lt16,False,1.0,0.9997150007611767,0.7635700855057832,1.0,0.011692380532622337,0.011720703914761543,0.011690516956150532,0.011736666783690453,-4.4286251068115234e-05,-1.5962868928909302e-05,-4.614982753992081e-05
29,29-2:233:34,inner_half,lt16,False,1.0,0.9997150007611767,0.7635700855057832,1.0,0.014123871922492981,0.014008364640176296,0.014006329700350761,0.014066008850932121,5.786307156085968e-05,-5.764421075582504e-05,-5.967915058135986e-05
29,29-2:233:35,all,lt16,False,1.0,0.9995156010341328,0.8633028972916538,1.0,0.016782741993665695,0.01679733209311962,0.0168203953653574,0.01679663360118866,-1.3891607522964478e-05,6.984919309616089e-07,2.376176416873932e-05
29,29-2:233:35,inner_half,lt16,False,1.0,0.9995156010341328,0.8633028972916538,1.0,0.014765303581953049,0.01490981224924326,0.01490981224924326,0.01490981224924326,-0.00014450866729021072,0.0,0.0
29,29-2:233:36,all,16to32,False,1.0,0.9994695696019775,0.9095186514848849,1.0,0.014135945588350296,0.01417601853609085,0.014185462146997452,0.014172093942761421,-3.614835441112518e-05,3.9245933294296265e-06,1.3368204236030579e-05
29,29-2:233:36,inner_half,16to32,False,1.0,0.9994695696019775,0.9095186514848849,1.0,0.016420967876911163,0.01627681776881218,0.016366656869649887,0.016316011548042297,0.00010495632886886597,-3.91937792301178e-05,5.064532160758972e-05
29,29-2:233:37,all,lt16,False,1.0,0.9996911523305156,0.7067198833337124,1.0,0.012767798267304897,0.012967398390173912,0.012992046773433685,0.013002156279981136,-0.00023435801267623901,-3.4757889807224274e-05,-1.010950654745102e-05
29,29-2:233:37,inner_half,lt16,False,1.0,0.9996911523305156,0.7067198833337124,1.0,0.015990417450666428,0.01587456837296486,0.01591651700437069,0.015982259064912796,8.158385753631592e-06,-0.00010769069194793701,-6.574206054210663e-05
29,29-2:233:38,all,lt16,False,1.0,0.9235644660224634,0.9509325886103464,1.0,0.008867664262652397,0.008769918233156204,0.008756491355597973,0.00876108929514885,0.00010657496750354767,8.828938007354736e-06,-4.5979395508766174e-06
29,29-2:233:38,inner_half,lt16,False,1.0,0.9235644660224634,0.9509325886103464,1.0,0.008054906502366066,0.008335446938872337,0.008451694622635841,0.008292445912957191,-0.0002375394105911255,4.3001025915145874e-05,0.0001592487096786499
29,29-2:233:39,all,lt16,False,1.0,0.9961197484113424,0.9210336394898764,1.0,0.015314579010009766,0.015264473855495453,0.015377474948763847,0.015378143638372421,-6.356462836265564e-05,-0.00011366978287696838,-6.686896085739136e-07
29,29-2:233:39,inner_half,lt16,False,1.0,0.9961197484113424,0.9210336394898764,1.0,0.017853423953056335,0.017532648518681526,0.017853664234280586,0.017803996801376343,4.9427151679992676e-05,-0.0002713482826948166,4.966743290424347e-05
29,29-2:233:40,all,lt16,False,1.0,0.9286492412852908,0.90902720074791,1.0,0.010457555763423443,0.01025576051324606,0.010212551802396774,0.010281456634402275,0.00017609912902116776,-2.5696121156215668e-05,-6.89048320055008e-05
29,29-2:233:40,inner_half,lt16,False,1.0,0.9286492412852908,0.90902720074791,1.0,0.009053504094481468,0.008963348343968391,0.009024044498801231,0.008997396565973759,5.61075285077095e-05,-3.404822200536728e-05,2.6647932827472687e-05
29,29-2:233:41,all,lt16,False,1.0,0.9953236193740129,0.918223611191604,1.0,0.018186066299676895,0.017879225313663483,0.01795133575797081,0.017929453402757645,0.0002566128969192505,-5.022808909416199e-05,2.1882355213165283e-05
29,29-2:233:41,inner_half,lt16,False,1.0,0.9953236193740129,0.918223611191604,1.0,0.018798813223838806,0.018444687128067017,0.01857142522931099,0.018379703164100647,0.0004191100597381592,6.498396396636963e-05,0.0001917220652103424
29,29-2:233:42,all,lt16,False,1.0,0.999698581634243,0.8691088456510423,1.0,0.011951494961977005,0.011915313079953194,0.011885438114404678,0.011863771826028824,8.772313594818115e-05,5.154125392436981e-05,2.1666288375854492e-05
29,29-2:233:42,inner_half,lt16,False,1.0,0.999698581634243,0.8691088456510423,1.0,0.013957561925053596,0.013990452513098717,0.013830064795911312,0.013876978307962418,8.05836170911789e-05,0.00011347420513629913,-4.69135120511055e-05
29,29-2:233:43,all,lt16,False,1.0,0.9996027107399458,0.8336126318331916,1.0,0.012078278698027134,0.012073585763573647,0.01207481324672699,0.012067647650837898,1.0631047189235687e-05,5.938112735748291e-06,7.165595889091492e-06
29,29-2:233:43,inner_half,lt16,False,1.0,0.9996027107399458,0.8336126318331916,1.0,0.011438203975558281,0.011369612067937851,0.011369612067937851,0.0113760931417346,6.211083382368088e-05,-6.481073796749115e-06,-6.481073796749115e-06
29,29-2:233:44,all,lt16,False,1.0,0.9624240436739259,0.7791907893938381,1.0,0.01268765702843666,0.01275167241692543,0.013029724359512329,0.01271949615329504,-3.1839124858379364e-05,3.217626363039017e-05,0.00031022820621728897
29,29-2:233:44,inner_half,lt16,False,1.0,0.9624240436739259,0.7791907893938381,1.0,0.01822623237967491,0.018105577677488327,0.01896337978541851,0.017940985038876534,0.000285247340798378,0.00016459263861179352,0.001022394746541977
29,29-2:233:45,all,lt16,False,1.0,0.9979846325942374,0.7852412234049797,1.0,0.01096516102552414,0.010895643383264542,0.01112170796841383,0.011114317923784256,-0.00014915689826011658,-0.00021867454051971436,7.390044629573822e-06
29,29-2:233:45,inner_half,lt16,False,1.0,0.9979846325942374,0.7852412234049797,1.0,0.01033189706504345,0.01030850037932396,0.010472696274518967,0.010515660978853703,-0.00018376391381025314,-0.0002071605995297432,-4.296470433473587e-05
29,29-2:233:46,all,16to32,False,1.0,0.9987713360747601,0.8996787391173684,1.0,0.012311054393649101,0.01234237477183342,0.012308811768889427,0.012314526364207268,-3.471970558166504e-06,2.784840762615204e-05,-5.714595317840576e-06
29,29-2:233:46,inner_half,16to32,False,1.0,0.9987713360747601,0.8996787391173684,1.0,0.011617923155426979,0.011707081459462643,0.01172886323183775,0.011691863648593426,-7.394049316644669e-05,1.5217810869216919e-05,3.699958324432373e-05
29,29-2:233:47,all,16to32,False,1.0,0.9979794606729275,0.6746394880703657,1.0,0.01660226285457611,0.016611529514193535,0.016609614714980125,0.016697287559509277,-9.50247049331665e-05,-8.575804531574249e-05,-8.767284452915192e-05
29,29-2:233:47,inner_half,16to32,False,1.0,0.9979794606729275,0.6746394880703657,1.0,0.01423732377588749,0.013932587578892708,0.013932587578892708,0.013959156349301338,0.0002781674265861511,-2.656877040863037e-05,-2.656877040863037e-05
29,29-2:233:48,all,lt16,False,1.0,0.9346961569840754,0.9757413344694023,1.0,0.00868928711861372,0.008487476967275143,0.008428685367107391,0.008372836746275425,0.000316450372338295,0.00011464022099971771,5.58486208319664e-05
29,29-2:233:48,inner_half,lt16,False,1.0,0.9346961569840754,0.9757413344694023,1.0,0.009181044064462185,0.008985849097371101,0.009175857529044151,0.009137960150837898,4.308391362428665e-05,-0.00015211105346679688,3.789737820625305e-05
29,29-2:233:49,all,16to32,False,1.0,0.9986766954707879,0.89749278540785,1.0,0.0147774126380682,0.014932558871805668,0.014982350170612335,0.014943234622478485,-0.00016582198441028595,-1.067575067281723e-05,3.91155481338501e-05
29,29-2:233:49,inner_half,16to32,False,1.0,0.9986766954707879,0.89749278540785,1.0,0.012152857147157192,0.01226874440908432,0.012241397984325886,0.012255999259650707,-0.00010314211249351501,1.2745149433612823e-05,-1.4601275324821472e-05
29,29-2:233:50,all,16to32,False,1.0,0.9952322256538217,0.6748267415524001,1.0,0.011318995617330074,0.01128091849386692,0.011283157393336296,0.011314846575260162,4.149042069911957e-06,-3.392808139324188e-05,-3.168918192386627e-05
29,29-2:233:50,inner_half,16to32,False,1.0,0.9952322256538217,0.6748267415524001,1.0,0.013443098403513432,0.013321487233042717,0.013325395062565804,0.013157747685909271,0.0002853507176041603,0.00016373954713344574,0.0001676473766565323
29,29-2:233:51,all,lt16,False,1.0,0.9249880965719879,0.9558226291421964,1.0,0.009044686332345009,0.008958250284194946,0.008855902589857578,0.00884326919913292,0.00020141713321208954,0.00011498108506202698,1.2633390724658966e-05
29,29-2:233:51,inner_half,lt16,False,1.0,0.9249880965719879,0.9558226291421964,1.0,0.009443816728889942,0.009481236338615417,0.009430312551558018,0.009473156183958054,-2.933945506811142e-05,8.080154657363892e-06,-4.284363240003586e-05
29,29-2:233:55,all,lt16,False,1.0,0.9982613768182307,0.6998138462683217,1.0,0.012273052707314491,0.0121577437967062,0.011999750509858131,0.01198115199804306,0.00029190070927143097,0.00017659179866313934,1.8598511815071106e-05
29,29-2:233:55,inner_half,lt16,False,1.0,0.9982613768182307,0.6998138462683217,1.0,0.009102520532906055,0.008853493258357048,0.008753042668104172,0.008749732747673988,0.0003527877852320671,0.00010376051068305969,3.3099204301834106e-06
29,29-2:233:56,all,16to32,False,1.0,0.9984158333114598,0.770843448154505,1.0,0.011836821213364601,0.011783157475292683,0.011783157475292683,0.011813330464065075,2.3490749299526215e-05,-3.0172988772392273e-05,-3.0172988772392273e-05
29,29-2:233:56,inner_half,16to32,False,1.0,0.9984158333114598,0.770843448154505,1.0,0.011301897466182709,0.011189503595232964,0.011189503595232964,0.011136585846543312,0.00016531161963939667,5.291774868965149e-05,5.291774868965149e-05
29,29-2:233:59,all,ge32,False,0.9765625,0.9972974508377738,0.9571818153346144,0.9765625,0.012688818387687206,0.012121160514652729,0.01206437312066555,0.012295224703848362,0.0003935936838388443,-0.00017406418919563293,-0.00023085158318281174
29,29-2:233:59,inner_half,ge32,False,0.9765625,0.9972974508377738,0.9571818153346144,1.0,0.011307721957564354,0.011013476178050041,0.01156468503177166,0.01166421640664339,-0.0003564944490790367,-0.0006507402285933495,-9.95313748717308e-05
29,29-2:233:60,all,ge32,False,1.0,0.9972278367807607,0.7923119147133995,1.0,0.015043522231280804,0.015651753172278404,0.016038548201322556,0.016306929290294647,-0.0012634070590138435,-0.000655176118016243,-0.0002683810889720917
29,29-2:233:60,inner_half,ge32,False,1.0,0.9972278367807607,0.7923119147133995,1.0,0.01361413486301899,0.014168757945299149,0.014238806441426277,0.01419634185731411,-0.0005822069942951202,-2.7583912014961243e-05,4.246458411216736e-05
29,29-2:233:61,all,ge32,True,0.78515625,0.9999249924505348,0.999173124100296,0.83984375,0.025027666240930557,0.0218503400683403,0.02188141644001007,0.022030411288142204,0.002997254952788353,-0.00018007121980190277,-0.00014899484813213348
29,29-2:233:61,inner_half,ge32,True,0.78515625,0.9999249924505348,0.999173124100296,1.0,0.018915731459856033,0.01958313025534153,0.019754868000745773,0.019638698548078537,-0.0007229670882225037,-5.556829273700714e-05,0.00011616945266723633
29,29-2:233:62,all,ge32,True,0.609375,0.9974727838477917,0.9992733450467179,0.6484375,0.0180276557803154,0.021940018981695175,0.022100860252976418,0.024157550185918808,-0.006129894405603409,-0.002217531204223633,-0.0020566899329423904
29,29-2:233:62,inner_half,ge32,True,0.609375,0.9974727838477917,0.9992733450467179,0.953125,0.01423732377588749,0.011039642617106438,0.011073945090174675,0.01090223342180252,0.0033350903540849686,0.00013740919530391693,0.00017171166837215424
29,29-2:233:63,all,ge32,False,1.0,0.9955797778908443,0.9690971947440582,1.0,0.014012113213539124,0.013524387031793594,0.01222797017544508,0.01210525631904602,0.001906856894493103,0.0014191307127475739,0.0001227138563990593
29,29-2:233:63,inner_half,ge32,False,1.0,0.9955797778908443,0.9690971947440582,1.0,0.0124509921297431,0.013227714225649834,0.01242857240140438,0.012491603381931782,-4.0611252188682556e-05,0.0007361108437180519,-6.303098052740097e-05
29,29-2:233:64,all,ge32,False,1.0,0.9889805297568824,0.7836707488318344,1.0,0.013888569548726082,0.014298567548394203,0.014070164412260056,0.014096900820732117,-0.00020833127200603485,0.0002016667276620865,-2.6736408472061157e-05
29,29-2:233:64,inner_half,ge32,False,1.0,0.9889805297568824,0.7836707488318344,1.0,0.015388461761176586,0.015446005389094353,0.0154114393517375,0.015141109004616737,0.0002473527565598488,0.00030489638447761536,0.00027033034712076187
29,29-2:233:65,all,ge32,False,1.0,0.9816773250478043,0.7959878489891029,1.0,0.017017066478729248,0.01698528230190277,0.016989514231681824,0.01685938611626625,0.00015768036246299744,0.00012589618563652039,0.00013012811541557312
29,29-2:233:65,inner_half,ge32,False,1.0,0.9816773250478043,0.7959878489891029,1.0,0.015296220779418945,0.015208939090371132,0.015178680419921875,0.015280705876648426,1.5514902770519257e-05,-7.176678627729416e-05,-0.00010202545672655106
29,29-2:233:66,all,ge32,True,0.8203125,0.9998213948553261,0.9995097981282416,0.86328125,0.012499820441007614,0.01515033096075058,0.015047738328576088,0.015828566625714302,-0.003328746184706688,-0.0006782356649637222,-0.0007808282971382141
29,29-2:233:66,inner_half,ge32,True,0.8203125,0.9998213948553261,0.9995097981282416,1.0,0.009827638044953346,0.009099389426410198,0.009105593897402287,0.009121093899011612,0.0007065441459417343,-2.1704472601413727e-05,-1.550000160932541e-05
29,29-2:233:67,all,ge32,False,1.0,0.9905260551358663,0.7911456652469971,1.0,0.010995762422680855,0.010822724550962448,0.010736348107457161,0.01063419971615076,0.00036156270653009415,0.00018852483481168747,0.0001021483913064003
29,29-2:233:67,inner_half,ge32,False,1.0,0.9905260551358663,0.7911456652469971,1.0,0.01180268358439207,0.01112337876111269,0.011001368053257465,0.011140430346131325,0.000662253238260746,-1.7051585018634796e-05,-0.0001390622928738594
29,29-2:233:68,all,ge32,False,0.984375,0.9672921989859318,0.9677125999702901,0.98828125,0.026309438049793243,0.017742149531841278,0.017381208017468452,0.017289936542510986,0.009019501507282257,0.00045221298933029175,9.127147495746613e-05
29,29-2:233:68,inner_half,ge32,False,0.984375,0.9672921989859318,0.9677125999702901,1.0,0.03286156803369522,0.016366934403777122,0.017094869166612625,0.01932450756430626,0.013537060469388962,-0.0029575731605291367,-0.002229638397693634
29,29-2:233:69,all,ge32,False,1.0,0.9800263502267119,0.9261153628910552,1.0,0.011891040951013565,0.01229163445532322,0.011921758763492107,0.011895339004695415,-4.298053681850433e-06,0.0003962954506278038,2.6419758796691895e-05
29,29-2:233:69,inner_half,ge32,False,1.0,0.9800263502267119,0.9261153628910552,1.0,0.010296110063791275,0.010164707899093628,0.01015467569231987,0.010128882713615894,0.0001672273501753807,3.582518547773361e-05,2.5792978703975677e-05
29,29-2:233:70,all,ge32,False,1.0,0.9912363113378598,0.9216813290053433,1.0,0.015728166326880455,0.015653498470783234,0.016036532819271088,0.016059067100286484,-0.00033090077340602875,-0.0004055686295032501,-2.2534281015396118e-05
29,29-2:233:70,inner_half,ge32,False,1.0,0.9912363113378598,0.9216813290053433,1.0,0.014965584501624107,0.014727122150361538,0.015043431892991066,0.015051724389195442,-8.613988757133484e-05,-0.00032460223883390427,-8.29249620437622e-06
29,29-2:233:71,all,ge32,False,1.0,0.9952205520920201,0.8721868270164383,1.0,0.011446784250438213,0.011226184666156769,0.011272244155406952,0.011022345162928104,0.00042443908751010895,0.0002038395032286644,0.0002498989924788475
29,29-2:233:71,inner_half,ge32,False,1.0,0.9952205520920201,0.8721868270164383,1.0,0.00602173525840044,0.006051275879144669,0.006050757132470608,0.0059332698583602905,8.846540004014969e-05,0.00011800602078437805,0.00011748727411031723
29,29-2:233:72,all,ge32,False,1.0,0.9610632859006469,0.9142746976896163,1.0,0.014936983585357666,0.01464269682765007,0.014913680031895638,0.014870739541947842,6.624404340982437e-05,-0.00022804271429777145,4.294048994779587e-05
29,29-2:233:72,inner_half,ge32,False,1.0,0.9610632859006469,0.9142746976896163,1.0,0.011467067524790764,0.011020113714039326,0.011083999648690224,0.011143021285533905,0.0003240462392568588,-0.00012290757149457932,-5.9021636843681335e-05
29,29-2:233:73,all,ge32,False,1.0,0.9671511033467541,0.913596780529383,1.0,0.014556238427758217,0.01455123070627451,0.014590440317988396,0.014317862689495087,0.0002383757382631302,0.00023336801677942276,0.000272577628493309
29,29-2:233:73,inner_half,ge32,False,1.0,0.9671511033467541,0.913596780529383,1.0,0.01812053844332695,0.018527260050177574,0.01827855035662651,0.017729613929986954,0.00039092451333999634,0.0007976461201906204,0.0005489364266395569
29,29-2:233:74,all,ge32,False,1.0,0.9800540839056872,0.9511304255608284,1.0,0.019766226410865784,0.019553963094949722,0.01954403892159462,0.019595149904489517,0.00017107650637626648,-4.118680953979492e-05,-5.111098289489746e-05
29,29-2:233:74,inner_half,ge32,False,1.0,0.9800540839056872,0.9511304255608284,1.0,0.019681701436638832,0.0191730335354805,0.019085189327597618,0.01928018406033516,0.0004015173763036728,-0.00010715052485466003,-0.0001949947327375412
29,29-2:233:75,all,ge32,False,1.0,0.9954667256957035,0.7927752867892289,1.0,0.012915128841996193,0.012809024192392826,0.013072728179395199,0.013013612478971481,-9.848363697528839e-05,-0.00020458828657865524,5.91157004237175e-05
29,29-2:233:75,inner_half,ge32,False,1.0,0.9954667256957035,0.7927752867892289,1.0,0.016550302505493164,0.016549106687307358,0.016507739201188087,0.016682704910635948,-0.00013240240514278412,-0.0001335982233285904,-0.00017496570944786072
29,29-2:233:76,all,ge32,False,1.0,0.981574529347865,0.9387480305888217,1.0,0.017850061878561974,0.01731117069721222,0.017610818147659302,0.01819506473839283,-0.0003450028598308563,-0.0008838940411806107,-0.0005842465907335281
29,29-2:233:76,inner_half,ge32,False,1.0,0.981574529347865,0.9387480305888217,1.0,0.018369628116488457,0.017832638695836067,0.01883317530155182,0.019184786826372147,-0.0008151587098836899,-0.0013521481305360794,-0.00035161152482032776
29,29-2:233:77,all,ge32,False,1.0,0.9842811679051193,0.9280009464749626,1.0,0.015993598848581314,0.015785496681928635,0.01549682579934597,0.01570224016904831,0.00029135867953300476,8.325651288032532e-05,-0.00020541436970233917
29,29-2:233:77,inner_half,ge32,False,1.0,0.9842811679051193,0.9280009464749626,1.0,0.015709232538938522,0.015831362456083298,0.015601243823766708,0.015655817463994026,5.3415074944496155e-05,0.00017554499208927155,-5.457364022731781e-05
29,29-2:233:78,all,ge32,False,1.0,0.9980001940582006,0.819523312188893,1.0,0.011107493191957474,0.010997628793120384,0.010970188304781914,0.010830792598426342,0.00027670059353113174,0.0001668361946940422,0.00013939570635557175
29,29-2:233:78,inner_half,ge32,False,1.0,0.9980001940582006,0.819523312188893,1.0,0.0111306793987751,0.010630948469042778,0.010628373362123966,0.010807089507579803,0.00032358989119529724,-0.00017614103853702545,-0.00017871614545583725
29,29-2:233:79,all,16to32,False,1.0,0.9985216261761449,0.7416296167941603,1.0,0.013955697417259216,0.01398071926087141,0.013968870975077152,0.013894148170948029,6.154924631118774e-05,8.65710899233818e-05,7.472280412912369e-05
29,29-2:233:79,inner_half,16to32,False,1.0,0.9985216261761449,0.7416296167941603,1.0,0.01510028075426817,0.01518754567950964,0.015114900656044483,0.014869383536279202,0.0002308972179889679,0.00031816214323043823,0.0002455171197652817
29,29-2:233:80,all,ge32,False,1.0,0.9976349104958017,0.7321631396222732,1.0,0.013463026843965054,0.012981489300727844,0.013039201498031616,0.012826671823859215,0.0006363550201058388,0.00015481747686862946,0.00021252967417240143
29,29-2:233:80,inner_half,ge32,False,1.0,0.9976349104958017,0.7321631396222732,1.0,0.010613893158733845,0.01041016262024641,0.010319726541638374,0.010669223964214325,-5.5330805480480194e-05,-0.0002590613439679146,-0.0003494974225759506
29,29-2:233:81,all,16to32,False,1.0,0.9950120277345564,0.9584459686322421,1.0,0.011649642139673233,0.011678479611873627,0.011223562061786652,0.011294630356132984,0.00035501178354024887,0.00038384925574064255,-7.106829434633255e-05
29,29-2:233:81,inner_half,16to32,False,1.0,0.9950120277345564,0.9584459686322421,1.0,0.011964968405663967,0.012243371456861496,0.01171853020787239,0.012074330821633339,-0.0001093624159693718,0.00016904063522815704,-0.0003558006137609482
29,29-2:233:82,all,ge32,False,1.0,0.9927501296981681,0.92029708392293,1.0,0.013107620179653168,0.01329983863979578,0.013056391850113869,0.013116495683789253,-8.87550413608551e-06,0.00018334295600652695,-6.010383367538452e-05
29,29-2:233:82,inner_half,ge32,False,1.0,0.9927501296981681,0.92029708392293,1.0,0.01587376557290554,0.016672588884830475,0.015956122428178787,0.016140468418598175,-0.0002667028456926346,0.0005321204662322998,-0.00018434599041938782
29,29-2:233:83,all,ge32,False,0.80078125,0.9961281577046727,0.9917532479674497,0.875,0.033563923090696335,0.0254089143127203,0.025299271568655968,0.027573423460125923,0.005990499630570412,-0.0021645091474056244,-0.0022741518914699554
29,29-2:233:83,inner_half,ge32,False,0.80078125,0.9961281577046727,0.9917532479674497,0.921875,0.024575209245085716,0.010984626598656178,0.011006109416484833,0.011046440340578556,0.01352876890450716,-6.181374192237854e-05,-4.03309240937233e-05
29,29-2:233:84,all,ge32,False,1.0,0.9212828020231738,0.9707256478604579,1.0,0.018082980066537857,0.018928317353129387,0.018957912921905518,0.019156336784362793,-0.001073356717824936,-0.00022801943123340607,-0.0001984238624572754
29,29-2:233:84,inner_half,ge32,False,1.0,0.9212828020231738,0.9707256478604579,1.0,0.016994640231132507,0.01846245303750038,0.02021867223083973,0.020534979179501534,-0.003540338948369026,-0.002072526142001152,-0.0003163069486618042
29,29-2:233:85,all,ge32,False,1.0,0.996254160598602,0.9438814263969614,1.0,0.012295848689973354,0.012269245460629463,0.012463441118597984,0.012450108304619789,-0.00015425961464643478,-0.00018086284399032593,1.333281397819519e-05
29,29-2:233:85,inner_half,ge32,False,1.0,0.996254160598602,0.9438814263969614,1.0,0.014078399166464806,0.014021334238350391,0.013931352645158768,0.013928001746535301,0.0001503974199295044,9.333249181509018e-05,3.3508986234664917e-06
29,29-2:233:86,all,ge32,False,1.0,0.9811490068905737,0.9251357879860549,1.0,0.01301165483891964,0.013045413419604301,0.013019666075706482,0.013172733597457409,-0.00016107875853776932,-0.00012732017785310745,-0.00015306752175092697
29,29-2:233:86,inner_half,ge32,False,1.0,0.9811490068905737,0.9251357879860549,1.0,0.015348386019468307,0.015442036092281342,0.015231102705001831,0.015327641740441322,2.074427902698517e-05,0.00011439435184001923,-9.653903543949127e-05
29,29-2:233:87,all,ge32,True,0.7734375,0.999231313232019,0.9973655972572631,0.85546875,0.023517264053225517,0.031236400827765465,0.031126393005251884,0.030812345445156097,-0.00729508139193058,0.00042405538260936737,0.00031404756009578705
29,29-2:233:87,inner_half,ge32,True,0.7734375,0.999231313232019,0.9973655972572631,1.0,0.020323172211647034,0.020260602235794067,0.019826972857117653,0.018951335921883583,0.0013718362897634506,0.0013092663139104843,0.0008756369352340698
29,29-2:233:88,all,16to32,False,0.73828125,0.9960281646458378,0.9942503302264,0.796875,0.029505975544452667,0.03162246197462082,0.031994953751564026,0.034009672701358795,-0.004503697156906128,-0.002387210726737976,-0.0020147189497947693
29,29-2:233:88,inner_half,16to32,False,0.73828125,0.9960281646458378,0.9942503302264,0.921875,0.0160350501537323,0.018032899126410484,0.01815650798380375,0.018244311213493347,-0.0022092610597610474,-0.00021141208708286285,-8.780322968959808e-05
29,29-2:233:89,all,16to32,False,1.0,0.9924127653124419,0.954887713523139,1.0,0.01526117604225874,0.01521051675081253,0.015136064030230045,0.01519851479679346,6.266124546527863e-05,1.2001954019069672e-05,-6.245076656341553e-05
29,29-2:233:89,inner_half,16to32,False,1.0,0.9924127653124419,0.954887713523139,1.0,0.013257237151265144,0.01307514775544405,0.012873195111751556,0.01278214156627655,0.00047509558498859406,0.00029300618916749954,9.10535454750061e-05
29,29-2:233:90,all,16to32,False,0.89453125,0.9982869169241975,0.9978807827844799,0.9140625,0.0378035269677639,0.03864993155002594,0.03846139460802078,0.03824041411280632,-0.00043688714504241943,0.00040951743721961975,0.00022098049521446228
29,29-2:233:90,inner_half,16to32,False,0.89453125,0.9982869169241975,0.9978807827844799,1.0,0.0382855124771595,0.032395798712968826,0.03250762075185776,0.031752120703458786,0.006533391773700714,0.0006436780095100403,0.0007555000483989716
29,29-2:233:91,all,16to32,False,1.0,0.8133059444163037,0.7790287057543419,1.0,0.009898589923977852,0.00946797151118517,0.009799579158425331,0.009601733647286892,0.00029685627669095993,-0.00013376213610172272,0.00019784551113843918
29,29-2:233:91,inner_half,16to32,False,1.0,0.8133059444163037,0.7790287057543419,1.0,0.009423691779375076,0.009649138897657394,0.00945344939827919,0.009694657288491726,-0.00027096550911664963,-4.551839083433151e-05,-0.00024120789021253586
29,29-2:233:92,all,ge32,False,1.0,0.9978332373106892,0.830892596291861,1.0,0.013058295473456383,0.013090094551444054,0.012921915389597416,0.01297843735665083,7.985811680555344e-05,0.00011165719479322433,-5.652196705341339e-05
29,29-2:233:92,inner_half,ge32,False,1.0,0.9978332373106892,0.830892596291861,1.0,0.013046382926404476,0.012915635481476784,0.012536662630736828,0.012567037716507912,0.0004793452098965645,0.00034859776496887207,-3.0375085771083832e-05
29,29-2:233:93,all,16to32,False,1.0,0.9960808057790087,0.7457246010377141,1.0,0.01617169752717018,0.016132360324263573,0.016237828880548477,0.01630595698952675,-0.00013425946235656738,-0.00017359666526317596,-6.812810897827148e-05
29,29-2:233:93,inner_half,16to32,False,1.0,0.9960808057790087,0.7457246010377141,1.0,0.01953801140189171,0.019326962530612946,0.019648533314466476,0.01981542445719242,-0.0002774130553007126,-0.0004884619265794754,-0.00016689114272594452
29,29-2:233:94,all,16to32,False,0.58984375,0.9979475908825638,0.9910164852638034,0.91015625,0.03626685589551926,0.02927480824291706,0.029133787378668785,0.029156243428587914,0.007110612466931343,0.00011856481432914734,-2.2456049919128418e-05
29,29-2:233:94,inner_half,16to32,False,0.58984375,0.9979475908825638,0.9910164852638034,1.0,0.01609221287071705,0.015934616327285767,0.015636803582310677,0.015693310648202896,0.0003989022225141525,0.00024130567908287048,-5.6507065892219543e-05
29,29-2:233:95,all,16to32,False,0.90234375,0.9945101312609493,0.999048170163796,0.91796875,0.017270900309085846,0.017869150266051292,0.01723209209740162,0.017109548673033714,0.00016135163605213165,0.0007596015930175781,0.00012254342436790466
29,29-2:233:95,inner_half,16to32,False,0.90234375,0.9945101312609493,0.999048170163796,1.0,0.007743547670543194,0.007574121002107859,0.007815331220626831,0.008003844879567623,-0.0002602972090244293,-0.0004297238774597645,-0.00018851365894079208
29,29-2:233:96,all,16to32,False,1.0,0.8779634184980765,0.7357455558579712,1.0,0.007536517456173897,0.007457437925040722,0.007462882436811924,0.0074342889711260796,0.00010222848504781723,2.3148953914642334e-05,2.859346568584442e-05
29,29-2:233:96,inner_half,16to32,False,1.0,0.8779634184980765,0.7357455558579712,1.0,0.006788422353565693,0.006771707907319069,0.006750325672328472,0.006855721585452557,-6.729923188686371e-05,-8.40136781334877e-05,-0.00010539591312408447
29,29-2:233:97,all,16to32,False,0.88671875,0.9116513454553052,0.9896331532275368,0.953125,0.025796452537178993,0.02521396428346634,0.025022875517606735,0.024739254266023636,0.0010571982711553574,0.00047471001744270325,0.00028362125158309937
29,29-2:233:97,inner_half,16to32,False,0.88671875,0.9116513454553052,0.9896331532275368,1.0,0.017947223037481308,0.01650051213800907,0.01673153042793274,0.016659347340464592,0.001287875697016716,-0.00015883520245552063,7.218308746814728e-05
29,29-2:233:98,all,ge32,False,1.0,0.9983803465893676,0.8916901056334169,1.0,0.01739233359694481,0.017363080754876137,0.01733272336423397,0.017324579879641533,6.775371730327606e-05,3.850087523460388e-05,8.143484592437744e-06
29,29-2:233:98,inner_half,ge32,False,1.0,0.9983803465893676,0.8916901056334169,1.0,0.02215159311890602,0.02226652204990387,0.022744351997971535,0.022444061934947968,-0.0002924688160419464,-0.0001775398850440979,0.0003002900630235672
29,29-2:233:99,all,16to32,False,1.0,0.6296841466257377,0.650565350301199,1.0,0.009429171681404114,0.009237470105290413,0.009364966303110123,0.009348549880087376,8.062180131673813e-05,-0.00011107977479696274,1.641642302274704e-05
29,29-2:233:99,inner_half,16to32,False,1.0,0.6296841466257377,0.650565350301199,1.0,0.006754694506525993,0.006746736820787191,0.0067100562155246735,0.006771690212190151,-1.6995705664157867e-05,-2.4953391402959824e-05,-6.163399666547775e-05
29,29-2:467:0,all,16to32,False,1.0,0.9990482786847585,0.5170247843685717,1.0,0.013062437996268272,0.012867847457528114,0.012914372608065605,0.012902973219752312,0.0001594647765159607,-3.512576222419739e-05,1.1399388313293457e-05
29,29-2:467:0,inner_half,16to32,False,1.0,0.9990482786847585,0.5170247843685717,1.0,0.021364601328969002,0.020933205261826515,0.020897381007671356,0.02100425399839878,0.00036034733057022095,-7.104873657226562e-05,-0.00010687299072742462
29,29-2:467:1,all,16to32,False,1.0,0.9892766942830792,0.873002720672019,1.0,0.016454674303531647,0.016605917364358902,0.016328325495123863,0.016696300357580185,-0.0002416260540485382,-9.038299322128296e-05,-0.0003679748624563217
29,29-2:467:1,inner_half,16to32,False,1.0,0.9892766942830792,0.873002720672019,1.0,0.019601181149482727,0.019561730325222015,0.019599806517362595,0.019599806517362595,1.3746321201324463e-06,-3.8076192140579224e-05,0.0
29,29-2:467:2,all,16to32,False,1.0,0.9989980904422086,0.8597800006507017,1.0,0.019115084782242775,0.019109968096017838,0.01922575570642948,0.019274314865469933,-0.0001592300832271576,-0.00016434676945209503,-4.855915904045105e-05
29,29-2:467:2,inner_half,16to32,False,1.0,0.9989980904422086,0.8597800006507017,1.0,0.024591263383626938,0.024598384276032448,0.024688126519322395,0.02474796399474144,-0.00015670061111450195,-0.000149579718708992,-5.9837475419044495e-05
29,29-2:467:3,all,16to32,False,1.0,0.9982451647906839,0.793406410678869,1.0,0.02711847610771656,0.026752006262540817,0.027000844478607178,0.02652362920343876,0.0005948469042778015,0.0002283770591020584,0.0004772152751684189
29,29-2:467:3,inner_half,16to32,False,1.0,0.9982451647906839,0.793406410678869,1.0,0.04435877501964569,0.04300334304571152,0.04423864185810089,0.04251948744058609,0.0018392875790596008,0.00048385560512542725,0.001719154417514801
29,29-2:467:4,all,16to32,False,1.0,0.9976326677291146,0.7043926305435091,1.0,0.07115490734577179,0.07098501920700073,0.07110514491796494,0.07097972929477692,0.00017517805099487305,5.289912223815918e-06,0.0001254156231880188
29,29-2:467:4,inner_half,16to32,False,1.0,0.9976326677291146,0.7043926305435091,1.0,0.12320446223020554,0.12310509383678436,0.12324927747249603,0.12296371161937714,0.00024075061082839966,0.00014138221740722656,0.0002855658531188965
29,29-2:467:5,all,16to32,False,1.0,0.9966906697728228,0.8715164469080839,1.0,0.011778146959841251,0.011716962791979313,0.011714426800608635,0.011773169040679932,4.977919161319733e-06,-5.6206248700618744e-05,-5.874224007129669e-05
29,29-2:467:5,inner_half,16to32,False,1.0,0.9966906697728228,0.8715164469080839,1.0,0.017039814963936806,0.01713244616985321,0.01702820509672165,0.01704472117125988,-4.906207323074341e-06,8.772499859333038e-05,-1.6516074538230896e-05
29,29-2:467:6,all,16to32,False,1.0,0.992927168970644,0.980591358427659,1.0,0.029464764520525932,0.029799669981002808,0.029336830601096153,0.02938549406826496,7.927045226097107e-05,0.0004141759127378464,-4.8663467168807983e-05
29,29-2:467:6,inner_half,16to32,False,1.0,0.992927168970644,0.980591358427659,1.0,0.04469843953847885,0.04525848850607872,0.045131370425224304,0.04537062346935272,-0.0006721839308738708,-0.00011213496327400208,-0.00023925304412841797
29,29-2:467:7,all,16to32,True,1.0,0.9930942670819098,0.9882297804660406,1.0,0.0401180163025856,0.029983077198266983,0.029973169788718224,0.0303164292126894,0.009801587089896202,-0.0003333520144224167,-0.00034325942397117615
29,29-2:467:7,inner_half,16to32,True,1.0,0.9930942670819098,0.9882297804660406,1.0,0.05257674306631088,0.04662073031067848,0.046514514833688736,0.04676639288663864,0.005810350179672241,-0.0001456625759601593,-0.0002518780529499054
29,29-2:467:8,all,16to32,True,1.0,0.9997209395344642,0.9987806041950192,1.0,0.02850133553147316,0.020236682146787643,0.020231790840625763,0.020295334979891777,0.008206000551581383,-5.8652833104133606e-05,-6.35441392660141e-05
29,29-2:467:8,inner_half,16to32,True,1.0,0.9997209395344642,0.9987806041950192,1.0,0.05028773844242096,0.018252238631248474,0.018233031034469604,0.018047453835606575,0.032240284606814384,0.0002047847956418991,0.00018557719886302948
29,29-2:467:9,all,lt16,False,1.0,0.7591348710652964,0.9948324225472722,1.0,0.021013010293245316,0.020497359335422516,0.02067594602704048,0.020736966282129288,0.00027604401111602783,-0.00023960694670677185,-6.102025508880615e-05
29,29-2:467:9,inner_half,lt16,False,1.0,0.7591348710652964,0.9948324225472722,1.0,0.035460688173770905,0.03446868434548378,0.034326668828725815,0.03428226709365845,0.0011784210801124573,0.00018641725182533264,4.4401735067367554e-05
29,29-2:467:10,all,16to32,False,0.640625,0.9990923399838276,0.9974421646865766,0.640625,0.03843957185745239,0.021011780947446823,0.020961932837963104,0.020736301317811012,0.01770327053964138,0.00027547962963581085,0.00022563152015209198
29,29-2:467:10,inner_half,16to32,False,0.640625,0.9990923399838276,0.9974421646865766,0.375,0.10958355665206909,0.02469106949865818,0.02431481145322323,0.02415476180613041,0.08542879484593868,0.000536307692527771,0.00016004964709281921
29,29-2:467:11,all,lt16,False,1.0,0.9951428710914798,0.9170701916353832,1.0,0.016233012080192566,0.01623913086950779,0.01620439440011978,0.016183599829673767,4.941225051879883e-05,5.553103983402252e-05,2.0794570446014404e-05
29,29-2:467:11,inner_half,lt16,False,1.0,0.9951428710914798,0.9170701916353832,1.0,0.021965613588690758,0.022025216370821,0.02206566371023655,0.021852759644389153,0.00011285394430160522,0.00017245672643184662,0.00021290406584739685
29,29-2:467:12,all,lt16,False,1.0,0.8976329140061627,0.9844039511786903,1.0,0.06375187635421753,0.06355784088373184,0.06170018017292023,0.06190342456102371,0.0018484517931938171,0.0016544163227081299,-0.0002032443881034851
29,29-2:467:12,inner_half,lt16,False,1.0,0.8976329140061627,0.9844039511786903,1.0,0.06972435116767883,0.06698741763830185,0.06627725809812546,0.06642308831214905,0.003301262855529785,0.0005643293261528015,-0.0001458302140235901
29,29-2:467:13,all,16to32,False,1.0,0.9964783356164638,0.7962999283914238,1.0,0.013153381645679474,0.012917195446789265,0.013093288987874985,0.013120501302182674,3.288034349679947e-05,-0.00020330585539340973,-2.7212314307689667e-05
29,29-2:467:13,inner_half,16to32,False,1.0,0.9964783356164638,0.7962999283914238,1.0,0.018242809921503067,0.017897306010127068,0.017995841801166534,0.018159616738557816,8.319318294525146e-05,-0.000262310728430748,-0.00016377493739128113
29,29-2:467:14,all,16to32,False,0.80078125,0.9736044442116534,0.982349051929657,0.9296875,0.06324390321969986,0.048300303518772125,0.049001578241586685,0.04924095794558525,0.014002945274114609,-0.0009406544268131256,-0.00023937970399856567
29,29-2:467:14,inner_half,16to32,False,0.80078125,0.9736044442116534,0.982349051929657,0.78125,0.11432507634162903,0.07554546743631363,0.07671869546175003,0.07724778354167938,0.037077292799949646,-0.0017023161053657532,-0.0005290880799293518
29,29-2:467:15,all,lt16,False,1.0,0.9651025836011554,0.9764014131363719,1.0,0.056948792189359665,0.054825205355882645,0.05434129759669304,0.05441337078809738,0.0025354214012622833,0.00041183456778526306,-7.207319140434265e-05
29,29-2:467:15,inner_half,lt16,False,1.0,0.9651025836011554,0.9764014131363719,1.0,0.07629367709159851,0.0750858262181282,0.07439674437046051,0.07454219460487366,0.0017514824867248535,0.0005436316132545471,-0.00014545023441314697
29,29-2:467:16,all,16to32,False,1.0,0.9908230099338934,0.8265784791382005,1.0,0.019977930933237076,0.019925031810998917,0.019912509247660637,0.019971832633018494,6.098300218582153e-06,-4.6800822019577026e-05,-5.932338535785675e-05
29,29-2:467:16,inner_half,16to32,False,1.0,0.9908230099338934,0.8265784791382005,1.0,0.029203664511442184,0.029269607737660408,0.029148675501346588,0.02934320829808712,-0.0001395437866449356,-7.360056042671204e-05,-0.00019453279674053192
29,29-2:467:17,all,lt16,False,1.0,0.9999220909061654,0.96878495579549,1.0,0.01681646518409252,0.016975607722997665,0.016974471509456635,0.01704510860145092,-0.00022864341735839844,-6.95008784532547e-05,-7.063709199428558e-05
29,29-2:467:17,inner_half,lt16,False,1.0,0.9999220909061654,0.96878495579549,1.0,0.027918042615056038,0.02701328508555889,0.02701328508555889,0.027185680344700813,0.0007323622703552246,-0.000172395259141922,-0.000172395259141922
29,29-2:467:18,all,lt16,False,1.0,0.9993232832615757,0.9694412580136876,1.0,0.035275448113679886,0.03460147976875305,0.03451620042324066,0.03462441265583038,0.0006510354578495026,-2.2932887077331543e-05,-0.00010821223258972168
29,29-2:467:18,inner_half,lt16,False,1.0,0.9993232832615757,0.9694412580136876,1.0,0.02349604107439518,0.02281821519136429,0.022891197353601456,0.022845439612865448,0.0006506014615297318,-2.7224421501159668e-05,4.575774073600769e-05
29,29-2:467:19,all,16to32,False,1.0,0.9378743697268341,0.9174603863300163,1.0,0.02508568949997425,0.02520197257399559,0.02349940314888954,0.023640580475330353,0.001445109024643898,0.0015613920986652374,-0.00014117732644081116
29,29-2:467:19,inner_half,16to32,False,1.0,0.9378743697268341,0.9174603863300163,1.0,0.02899010293185711,0.02873782441020012,0.027761338278651237,0.027619902044534683,0.0013702008873224258,0.0011179223656654358,0.00014143623411655426
29,29-2:467:20,all,16to32,False,1.0,0.9964910312380443,0.7841349054213153,1.0,0.009217317216098309,0.009202386252582073,0.009239405393600464,0.009347009472548962,-0.00012969225645065308,-0.00014462321996688843,-0.00010760407894849777
29,29-2:467:20,inner_half,16to32,False,1.0,0.9964910312380443,0.7841349054213153,1.0,0.01135605201125145,0.011720748618245125,0.011952021159231663,0.011919569224119186,-0.0005635172128677368,-0.00019882060587406158,3.245193511247635e-05
29,29-2:467:21,all,16to32,False,1.0,0.9952127389899011,0.9087123163251227,1.0,0.019628390669822693,0.01966855116188526,0.019634751603007317,0.019672900438308716,-4.450976848602295e-05,-4.349276423454285e-06,-3.814883530139923e-05
29,29-2:467:21,inner_half,16to32,False,1.0,0.9952127389899011,0.9087123163251227,1.0,0.0229983888566494,0.02303377166390419,0.022950338199734688,0.023075897246599197,-7.750838994979858e-05,-4.2125582695007324e-05,-0.00012555904686450958
29,29-2:467:22,all,16to32,False,1.0,0.994033922819012,0.9397555476777342,1.0,0.00830685906112194,0.008469649590551853,0.008605597540736198,0.008648460730910301,-0.0003416016697883606,-0.00017881114035844803,-4.286319017410278e-05
29,29-2:467:22,inner_half,16to32,False,1.0,0.994033922819012,0.9397555476777342,1.0,0.010798776522278786,0.011083605699241161,0.010923357680439949,0.01114206574857235,-0.00034328922629356384,-5.84600493311882e-05,-0.0002187080681324005
29,29-2:467:23,all,16to32,False,1.0,0.9996621687958811,0.8331129790942091,1.0,0.01116015762090683,0.011174134910106659,0.011173825711011887,0.01127692125737667,-0.000116763636469841,-0.0001027863472700119,-0.00010309554636478424
29,29-2:467:23,inner_half,16to32,False,1.0,0.9996621687958811,0.8331129790942091,1.0,0.012577928602695465,0.012717951089143753,0.012641996145248413,0.0127885602414608,-0.00021063163876533508,-7.060915231704712e-05,-0.00014656409621238708
29,29-2:467:24,all,16to32,False,1.0,0.9971934324142641,0.6242486653509551,1.0,0.012629515491425991,0.01271969173103571,0.01271992176771164,0.012729139998555183,-9.962450712919235e-05,-9.44826751947403e-06,-9.218230843544006e-06
29,29-2:467:24,inner_half,16to32,False,1.0,0.9971934324142641,0.6242486653509551,1.0,0.01256562490016222,0.012728681787848473,0.012745737098157406,0.012841477990150452,-0.00027585308998823166,-0.00011279620230197906,-9.574089199304581e-05
29,29-2:467:25,all,16to32,False,1.0,0.9974708263528734,0.6658948049467921,1.0,0.01364508830010891,0.01375881489366293,0.013560216873884201,0.013576642610132694,6.844568997621536e-05,0.0001821722835302353,-1.6425736248493195e-05
29,29-2:467:25,inner_half,16to32,False,1.0,0.9974708263528734,0.6658948049467921,1.0,0.013678857125341892,0.013823146931827068,0.013809563592076302,0.013869660906493664,-0.00019080378115177155,-4.651397466659546e-05,-6.009731441736221e-05
29,29-2:467:26,all,lt16,False,1.0,0.9996888921326392,0.8416306285639513,1.0,0.008947614580392838,0.008998725563287735,0.00905628502368927,0.009105287492275238,-0.0001576729118824005,-0.00010656192898750305,-4.900246858596802e-05
29,29-2:467:26,inner_half,lt16,False,1.0,0.9996888921326392,0.8416306285639513,1.0,0.012012236751616001,0.012028712779283524,0.012028712779283524,0.012166700325906277,-0.00015446357429027557,-0.00013798754662275314,-0.00013798754662275314
29,29-2:467:27,all,16to32,False,1.0,0.9995722216111763,0.7223680846373985,1.0,0.013089663349092007,0.013037124648690224,0.013051370158791542,0.013008256442844868,8.140690624713898e-05,2.8868205845355988e-05,4.311371594667435e-05
29,29-2:467:27,inner_half,16to32,False,1.0,0.9995722216111763,0.7223680846373985,1.0,0.020810475572943687,0.020800940692424774,0.020800940692424774,0.02066797949373722,0.00014249607920646667,0.0001329611986875534,0.0001329611986875534
29,29-2:467:28,all,16to32,False,1.0,0.8946021774935918,0.9964172547115396,1.0,0.019594594836235046,0.021063994616270065,0.020830323919653893,0.020895788446068764,-0.0013011936098337173,0.00016820617020130157,-6.546452641487122e-05
29,29-2:467:28,inner_half,16to32,False,1.0,0.8946021774935918,0.9964172547115396,1.0,0.028228560462594032,0.03327654302120209,0.03325039520859718,0.03331851214170456,-0.005089951679110527,-4.1969120502471924e-05,-6.81169331073761e-05
29,29-2:467:29,all,lt16,False,1.0,0.9941595671027825,0.6783586899034502,1.0,0.014843618497252464,0.014954788610339165,0.014924554154276848,0.014838139526546001,5.47897070646286e-06,0.0001166490837931633,8.64146277308464e-05
29,29-2:467:29,inner_half,lt16,False,1.0,0.9941595671027825,0.6783586899034502,1.0,0.01691080629825592,0.01704586297273636,0.016816284507513046,0.016889449208974838,2.1357089281082153e-05,0.00015641376376152039,-7.316470146179199e-05
29,29-2:467:30,all,16to32,False,1.0,0.9966494004031394,0.9757767625503426,1.0,0.013092445209622383,0.012919911183416843,0.012891054153442383,0.012902069836854935,0.00019037537276744843,1.7841346561908722e-05,-1.101568341255188e-05
29,29-2:467:30,inner_half,16to32,False,1.0,0.9966494004031394,0.9757767625503426,1.0,0.014766019769012928,0.014751479029655457,0.01464085839688778,0.01464085839688778,0.00012516137212514877,0.00011062063276767731,0.0
29,29-2:467:31,all,16to32,False,1.0,0.9850628825467569,0.8693922807211871,1.0,0.02207304909825325,0.021914925426244736,0.02185455523431301,0.022100605070590973,-2.755597233772278e-05,-0.00018567964434623718,-0.00024604983627796173
29,29-2:467:31,inner_half,16to32,False,1.0,0.9850628825467569,0.8693922807211871,1.0,0.02515011467039585,0.02534196898341179,0.02521347627043724,0.025633424520492554,-0.0004833098500967026,-0.00029145553708076477,-0.0004199482500553131
29,29-2:467:32,all,16to32,False,1.0,0.9996975311412107,0.9162550871281867,1.0,0.012953989207744598,0.012929828837513924,0.012808295898139477,0.012845850549638271,0.00010813865810632706,8.397828787565231e-05,-3.7554651498794556e-05
29,29-2:467:32,inner_half,16to32,False,1.0,0.9996975311412107,0.9162550871281867,1.0,0.016253922134637833,0.01634307950735092,0.01618167571723461,0.01618299074470997,7.093138992786407e-05,0.00016008876264095306,-1.3150274753570557e-06
29,29-2:467:33,all,lt16,False,1.0,0.9948079152348198,0.6887091345242018,1.0,0.016071990132331848,0.015907708555459976,0.016020681709051132,0.016124127432703972,-5.213730037212372e-05,-0.00021641887724399567,-0.00010344572365283966
29,29-2:467:33,inner_half,lt16,False,1.0,0.9948079152348198,0.6887091345242018,1.0,0.019268913194537163,0.01917516626417637,0.019309502094984055,0.01918264664709568,8.626654744148254e-05,-7.4803829193115234e-06,0.00012685544788837433
29,29-2:467:34,all,16to32,False,1.0,0.9986426910487568,0.9359782234043666,1.0,0.01424597017467022,0.014339551329612732,0.014290479011833668,0.014179151505231857,6.681866943836212e-05,0.00016039982438087463,0.00011132750660181046
29,29-2:467:34,inner_half,16to32,False,1.0,0.9986426910487568,0.9359782234043666,1.0,0.01770325005054474,0.017914898693561554,0.01780284196138382,0.01762855239212513,7.469765841960907e-05,0.00028634630143642426,0.00017428956925868988
29,29-2:467:35,all,lt16,False,1.0,0.9997232716094085,0.843753259713048,1.0,0.023738866671919823,0.023677123710513115,0.02355475351214409,0.023463480174541473,0.0002753864973783493,0.00021364353597164154,9.127333760261536e-05
29,29-2:467:35,inner_half,lt16,False,1.0,0.9997232716094085,0.843753259713048,1.0,0.027363579720258713,0.02737371250987053,0.02739136293530464,0.027249746024608612,0.00011383369565010071,0.00012396648526191711,0.00014161691069602966
29,29-2:467:36,all,lt16,False,1.0,0.9984653433670166,0.6021348743216871,1.0,0.025741301476955414,0.026294220238924026,0.025640610605478287,0.02583693340420723,-9.56319272518158e-05,0.0004572868347167969,-0.00019632279872894287
29,29-2:467:36,inner_half,lt16,False,1.0,0.9984653433670166,0.6021348743216871,1.0,0.033052749931812286,0.03322424739599228,0.033085163682699203,0.03302919864654541,2.355128526687622e-05,0.0001950487494468689,5.5965036153793335e-05
29,29-2:467:37,all,16to32,False,1.0,0.99976289262026,0.9341344253072558,1.0,0.012822004966437817,0.012969360686838627,0.012979603372514248,0.012974063865840435,-0.0001520588994026184,-4.7031790018081665e-06,5.539506673812866e-06
29,29-2:467:37,inner_half,16to32,False,1.0,0.99976289262026,0.9341344253072558,1.0,0.012401467189192772,0.012300599366426468,0.012310292571783066,0.012313244864344597,8.822232484817505e-05,-1.2645497918128967e-05,-2.952292561531067e-06
29,29-2:467:38,all,16to32,False,1.0,0.9935014070329702,0.9788876491213256,1.0,0.021401427686214447,0.021265892311930656,0.020968275144696236,0.0209973007440567,0.00040412694215774536,0.0002685915678739548,-2.9025599360466003e-05
29,29-2:467:38,inner_half,16to32,False,1.0,0.9935014070329702,0.9788876491213256,1.0,0.02319866232573986,0.022951295599341393,0.02314574643969536,0.023086724802851677,0.0001119375228881836,-0.00013542920351028442,5.9021636843681335e-05
29,29-2:467:39,all,16to32,False,1.0,0.9993005571542097,0.7145906079304855,1.0,0.019343700259923935,0.019408756867051125,0.019405100494623184,0.019439049065113068,-9.534880518913269e-05,-3.0292198061943054e-05,-3.394857048988342e-05
29,29-2:467:39,inner_half,16to32,False,1.0,0.9993005571542097,0.7145906079304855,1.0,0.02163187973201275,0.021827252581715584,0.021588515490293503,0.02173539809882641,-0.00010351836681365967,9.185448288917542e-05,-0.00014688260853290558
29,29-2:467:40,all,lt16,False,1.0,0.9560800254210122,0.9179247442149935,1.0,0.028471868485212326,0.02840849943459034,0.028330843895673752,0.028336379677057266,0.00013548880815505981,7.211975753307343e-05,-5.535781383514404e-06
29,29-2:467:40,inner_half,lt16,False,1.0,0.9560800254210122,0.9179247442149935,1.0,0.03196382895112038,0.031550586223602295,0.03120511770248413,0.031358204782009125,0.0006056241691112518,0.00019238144159317017,-0.0001530870795249939
29,29-2:467:41,all,lt16,False,1.0,0.9109188756139669,0.9110947895340139,1.0,0.023856360465288162,0.023607954382896423,0.023373598232865334,0.0236048586666584,0.00025150179862976074,3.0957162380218506e-06,-0.00023126043379306793
29,29-2:467:41,inner_half,lt16,False,1.0,0.9109188756139669,0.9110947895340139,1.0,0.030547117814421654,0.02945185825228691,0.0297933928668499,0.02953413501381874,0.001012982800602913,-8.227676153182983e-05,0.00025925785303115845
29,29-2:467:42,all,ge32,False,1.0,0.9524519419204306,0.9396959429773687,1.0,0.011682266369462013,0.011608188971877098,0.01192378718405962,0.01201708521693945,-0.00033481884747743607,-0.0004088962450623512,-9.32980328798294e-05
29,29-2:467:42,inner_half,ge32,False,1.0,0.9524519419204306,0.9396959429773687,1.0,0.015020030550658703,0.01529449038207531,0.015231180004775524,0.01519541721791029,-0.00017538666725158691,9.907316416501999e-05,3.5762786865234375e-05
29,29-2:467:43,all,ge32,True,0.9296875,0.9869784341128058,0.9894570901407199,0.953125,0.03647247701883316,0.017311139032244682,0.017458368092775345,0.016787204891443253,0.019685272127389908,0.0005239341408014297,0.0006711632013320923
29,29-2:467:43,inner_half,ge32,True,0.9296875,0.9869784341128058,0.9894570901407199,1.0,0.04046215862035751,0.018097857013344765,0.018112078309059143,0.01976587250828743,0.020696286112070084,-0.001668015494942665,-0.0016537941992282867
29,29-2:467:44,all,ge32,False,1.0,0.6787343947469548,0.9934380979631114,1.0,0.013095399364829063,0.012532760389149189,0.012312576174736023,0.012286581099033356,0.0008088182657957077,0.0002461792901158333,2.5995075702667236e-05
29,29-2:467:44,inner_half,ge32,False,1.0,0.6787343947469548,0.9934380979631114,1.0,0.006057740654796362,0.006064221262931824,0.006294515915215015,0.006274790037423372,-0.00021704938262701035,-0.00021056877449154854,1.9725877791643143e-05
29,29-2:467:45,all,ge32,False,1.0,0.9978603545684152,0.8972873856581485,1.0,0.013152481988072395,0.01312052272260189,0.013057827949523926,0.0130873778834939,6.510410457849503e-05,3.3144839107990265e-05,-2.9549933969974518e-05
29,29-2:467:45,inner_half,ge32,False,1.0,0.9978603545684152,0.8972873856581485,1.0,0.014665313996374607,0.01500050537288189,0.014898959547281265,0.014804555103182793,-0.00013924110680818558,0.00019595026969909668,9.44044440984726e-05
29,29-2:467:46,all,ge32,False,1.0,0.9488872904352977,0.9782136665008418,1.0,0.015745706856250763,0.014963597059249878,0.01504423562437296,0.014844555407762527,0.0009011514484882355,0.00011904165148735046,0.00019968021661043167
29,29-2:467:46,inner_half,ge32,False,1.0,0.9488872904352977,0.9782136665008418,1.0,0.01840220019221306,0.018593624234199524,0.018725968897342682,0.018785007297992706,-0.00038280710577964783,-0.00019138306379318237,-5.9038400650024414e-05
29,29-2:467:47,all,ge32,False,1.0,0.9971618862077289,0.8582236126830796,1.0,0.011655541136860847,0.011370286345481873,0.011339892633259296,0.011380398645997047,0.00027514249086380005,-1.0112300515174866e-05,-4.050601273775101e-05
29,29-2:467:47,inner_half,ge32,False,1.0,0.9971618862077289,0.8582236126830796,1.0,0.012969769537448883,0.013013353571295738,0.01301624532788992,0.013313322328031063,-0.00034355279058218,-0.00029996875673532486,-0.0002970770001411438
29,29-2:467:48,all,ge32,True,0.640625,0.9985207686724996,0.99690657306671,0.68359375,0.031305570155382156,0.0332535095512867,0.03316058963537216,0.03551972284913063,-0.004214152693748474,-0.002266213297843933,-0.0023591332137584686
29,29-2:467:48,inner_half,ge32,True,0.640625,0.9985207686724996,0.99690657306671,0.75,0.030178597196936607,0.026004532352089882,0.02601083554327488,0.027053704485297203,0.0031248927116394043,-0.0010491721332073212,-0.0010428689420223236
29,29-2:467:49,all,ge32,False,1.0,0.9983313464541342,0.906470853878247,1.0,0.011401588097214699,0.011235417798161507,0.01125284656882286,0.011198518797755241,0.0002030692994594574,3.689900040626526e-05,5.4327771067619324e-05
29,29-2:467:49,inner_half,ge32,False,1.0,0.9983313464541342,0.906470853878247,1.0,0.015831559896469116,0.015614364296197891,0.015606585890054703,0.015738053247332573,9.350664913654327e-05,-0.0001236889511346817,-0.00013146735727787018
29,29-2:467:50,all,ge32,False,1.0,0.9577672399050627,0.9768280982613605,1.0,0.020372554659843445,0.02130286768078804,0.021212011575698853,0.021461406722664833,-0.0010888520628213882,-0.0001585390418767929,-0.00024939514696598053
29,29-2:467:50,inner_half,ge32,False,1.0,0.9577672399050627,0.9768280982613605,1.0,0.01978418417274952,0.020392805337905884,0.020262597128748894,0.020804014056921005,-0.001019829884171486,-0.00041120871901512146,-0.0005414169281721115
29,29-2:467:51,all,ge32,True,0.984375,0.9988238370560762,0.9956601160828393,1.0,0.0176677368581295,0.02002834342420101,0.019843794405460358,0.02018165960907936,-0.0025139227509498596,-0.0001533161848783493,-0.0003378652036190033
29,29-2:467:51,inner_half,ge32,True,0.984375,0.9988238370560762,0.9956601160828393,1.0,0.006174189038574696,0.0059518469497561455,0.0059501538053154945,0.006080760154873133,9.342888370156288e-05,-0.00012891320511698723,-0.00013060634955763817
29,29-2:467:52,all,ge32,False,1.0,0.9728885577492065,0.8708268681109417,1.0,0.010528584942221642,0.0105616245418787,0.010645236819982529,0.010371198877692223,0.00015738606452941895,0.00019042566418647766,0.0002740379422903061
29,29-2:467:52,inner_half,ge32,False,1.0,0.9728885577492065,0.8708268681109417,1.0,0.009269783273339272,0.009030111134052277,0.009403340518474579,0.009019119665026665,0.0002506636083126068,1.0991469025611877e-05,0.0003842208534479141
29,29-2:467:53,all,ge32,True,0.76953125,0.9992373646231902,0.9983382149879981,0.8046875,0.024376114830374718,0.01970124989748001,0.019277170300483704,0.02030324749648571,0.004072867333889008,-0.0006019975990056992,-0.0010260771960020065
29,29-2:467:53,inner_half,ge32,True,0.76953125,0.9992373646231902,0.9983382149879981,1.0,0.015825476497411728,0.01361855398863554,0.01350344531238079,0.014006489887833595,0.0018189866095781326,-0.00038793589919805527,-0.0005030445754528046
29,29-2:467:54,all,ge32,False,1.0,0.9634313458522952,0.811371099972705,1.0,0.021293088793754578,0.02175692468881607,0.020924098789691925,0.02074602246284485,0.000547066330909729,0.001010902225971222,0.00017807632684707642
29,29-2:467:54,inner_half,ge32,False,1.0,0.9634313458522952,0.811371099972705,1.0,0.0279247984290123,0.028675749897956848,0.02790302038192749,0.027590760961174965,0.0003340374678373337,0.0010849889367818832,0.00031225942075252533
29,29-2:467:55,all,ge32,False,1.0,0.9068307495325553,0.9857283270575912,1.0,0.015636391937732697,0.015502335503697395,0.015778951346874237,0.01571337878704071,-7.698684930801392e-05,-0.00021104328334331512,6.557255983352661e-05
29,29-2:467:55,inner_half,ge32,False,1.0,0.9068307495325553,0.9857283270575912,1.0,0.01950831152498722,0.019707374274730682,0.018579978495836258,0.01885884627699852,0.0006494652479887009,0.0008485279977321625,-0.00027886778116226196
29,29-2:467:56,all,ge32,False,1.0,0.9990638973241958,0.933026989025179,1.0,0.014317196793854237,0.014256522059440613,0.014263743534684181,0.014271914958953857,4.528183490037918e-05,-1.539289951324463e-05,-8.171424269676208e-06
29,29-2:467:56,inner_half,ge32,False,1.0,0.9990638973241958,0.933026989025179,1.0,0.01576615869998932,0.015692617744207382,0.015733027830719948,0.015787001699209213,-2.084299921989441e-05,-9.438395500183105e-05,-5.397386848926544e-05
29,29-2:467:57,all,ge32,False,1.0,0.9935422505770425,0.9523976647173171,1.0,0.017776239663362503,0.017772633582353592,0.017309140413999557,0.017399776726961136,0.0003764629364013672,0.00037285685539245605,-9.063631296157837e-05
29,29-2:467:57,inner_half,ge32,False,1.0,0.9935422505770425,0.9523976647173171,1.0,0.015139210969209671,0.015015686862170696,0.014813771471381187,0.01501680351793766,0.0001224074512720108,-1.1166557669639587e-06,-0.00020303204655647278
29,29-2:467:58,all,ge32,False,1.0,0.97396568543815,0.9550931304030659,1.0,0.012524144724011421,0.012621353380382061,0.012448519468307495,0.01243797317147255,8.617155253887177e-05,0.00018338020890951157,1.0546296834945679e-05
29,29-2:467:58,inner_half,ge32,False,1.0,0.97396568543815,0.9550931304030659,1.0,0.011843673884868622,0.011823390610516071,0.011767341755330563,0.011894319206476212,-5.064532160758972e-05,-7.092859596014023e-05,-0.00012697745114564896
29,29-2:467:59,all,ge32,False,1.0,0.9602064300427537,0.9247783594364816,1.0,0.012433597818017006,0.012379187159240246,0.012427309527993202,0.0124634625390172,-2.986472100019455e-05,-8.427537977695465e-05,-3.615301102399826e-05
29,29-2:467:59,inner_half,ge32,False,1.0,0.9602064300427537,0.9247783594364816,1.0,0.014539653435349464,0.014054805971682072,0.014953316189348698,0.015044551342725754,-0.0005048979073762894,-0.000989745371043682,-9.123515337705612e-05
29,29-2:467:60,all,16to32,False,1.0,0.9708302942307205,0.9027896941742352,1.0,0.013489905744791031,0.013470180332660675,0.013295302167534828,0.013398827984929085,9.10777598619461e-05,7.135234773159027e-05,-0.00010352581739425659
29,29-2:467:60,inner_half,16to32,False,1.0,0.9708302942307205,0.9027896941742352,1.0,0.010972985997796059,0.010940073058009148,0.010904712602496147,0.010856520384550095,0.00011646561324596405,8.355267345905304e-05,4.819221794605255e-05
29,29-2:467:61,all,ge32,False,1.0,0.9533816719596382,0.9682758385627942,1.0,0.01458519883453846,0.014129914343357086,0.014101414009928703,0.0142295453697443,0.00035565346479415894,-9.963102638721466e-05,-0.00012813135981559753
29,29-2:467:61,inner_half,ge32,False,1.0,0.9533816719596382,0.9682758385627942,1.0,0.01761452853679657,0.017807049676775932,0.018394162878394127,0.018549542874097824,-0.0009350143373012543,-0.0007424931973218918,-0.0001553799957036972
29,29-2:467:62,all,ge32,True,0.828125,0.9984949393862447,0.9875925065340392,0.85546875,0.02358919568359852,0.024746641516685486,0.024779481813311577,0.027214135974645615,-0.0036249402910470963,-0.002467494457960129,-0.0024346541613340378
29,29-2:467:62,inner_half,ge32,True,0.828125,0.9984949393862447,0.9875925065340392,1.0,0.014130320399999619,0.012124156579375267,0.012144660577178001,0.013007570058107376,0.0011227503418922424,-0.0008834134787321091,-0.0008629094809293747
29,29-2:467:63,all,16to32,False,1.0,0.8988513411182153,0.9484830133264036,1.0,0.021190650761127472,0.02110285498201847,0.021024832502007484,0.020904457196593285,0.0002861935645341873,0.00019839778542518616,0.00012037530541419983
29,29-2:467:63,inner_half,16to32,False,1.0,0.8988513411182153,0.9484830133264036,1.0,0.02176222950220108,0.021840516477823257,0.02196701616048813,0.02215341478586197,-0.00039118528366088867,-0.00031289830803871155,-0.00018639862537384033
29,29-2:467:64,all,16to32,False,1.0,0.9920241202648811,0.9266188777388732,1.0,0.015082674100995064,0.015049407258629799,0.015300799161195755,0.01525326818227768,-0.00017059408128261566,-0.00020386092364788055,4.753097891807556e-05
29,29-2:467:64,inner_half,16to32,False,1.0,0.9920241202648811,0.9266188777388732,1.0,0.015119786374270916,0.014966657385230064,0.01564081758260727,0.015507237985730171,-0.0003874516114592552,-0.0005405806005001068,0.00013357959687709808
29,29-2:467:65,all,16to32,False,1.0,0.9967337441255555,0.8090170732728565,1.0,0.019795596599578857,0.019503336399793625,0.019517507404088974,0.019523829221725464,0.00027176737785339355,-2.049282193183899e-05,-6.321817636489868e-06
29,29-2:467:65,inner_half,16to32,False,1.0,0.9967337441255555,0.8090170732728565,1.0,0.02302096225321293,0.021963978186249733,0.022463766857981682,0.022521331906318665,0.0004996303468942642,-0.0005573537200689316,-5.756504833698273e-05
29,29-2:467:66,all,ge32,False,1.0,0.983159094108589,0.6118411632036355,1.0,0.02427367866039276,0.0237056165933609,0.02377047762274742,0.02365291863679886,0.0006207600235939026,5.2697956562042236e-05,0.00011755898594856262
29,29-2:467:66,inner_half,ge32,False,1.0,0.983159094108589,0.6118411632036355,1.0,0.02154495194554329,0.021657826378941536,0.02167368307709694,0.021478969603776932,6.598234176635742e-05,0.0001788567751646042,0.00019471347332000732
29,29-2:467:67,all,16to32,False,1.0,0.9425571262439629,0.9320025483541226,1.0,0.008913126774132252,0.008948028087615967,0.00891860667616129,0.008889001794159412,2.4124979972839355e-05,5.902629345655441e-05,2.960488200187683e-05
29,29-2:467:67,inner_half,16to32,False,1.0,0.9425571262439629,0.9320025483541226,1.0,0.008260032162070274,0.008187208324670792,0.00808669812977314,0.008118672296404839,0.0001413598656654358,6.853602826595306e-05,-3.197416663169861e-05
29,29-2:467:68,all,ge32,False,1.0,0.9987999249197819,0.9564632611285839,1.0,0.01699843630194664,0.01725463941693306,0.017209481447935104,0.017204878851771355,-0.00020644254982471466,4.976056516170502e-05,4.602596163749695e-06
29,29-2:467:68,inner_half,ge32,False,1.0,0.9987999249197819,0.9564632611285839,1.0,0.018000885844230652,0.018262479454278946,0.0181515384465456,0.01818251609802246,-0.00018163025379180908,7.996335625648499e-05,-3.0977651476860046e-05
29,29-2:467:69,all,16to32,False,1.0,0.9990427434494686,0.9563564654123446,1.0,0.014921938069164753,0.014971783384680748,0.014970621094107628,0.014918352477252483,3.5855919122695923e-06,5.343090742826462e-05,5.22686168551445e-05
29,29-2:467:69,inner_half,16to32,False,1.0,0.9990427434494686,0.9563564654123446,1.0,0.013826556503772736,0.013851388357579708,0.013799428939819336,0.013815066777169704,1.1489726603031158e-05,3.632158041000366e-05,-1.56378373503685e-05
29,29-2:467:70,all,ge32,True,0.578125,0.9996053690074757,0.9990561200736009,0.78515625,0.05999627709388733,0.05227795988321304,0.05227818712592125,0.053047165274620056,0.006949111819267273,-0.0007692053914070129,-0.0007689781486988068
29,29-2:467:70,inner_half,ge32,True,0.578125,0.9996053690074757,0.9990561200736009,0.90625,0.03661558777093887,0.03401641920208931,0.03442126139998436,0.03528337553143501,0.0013322122395038605,-0.0012669563293457031,-0.0008621141314506531
29,29-2:467:71,all,ge32,True,0.80859375,0.9995530830070001,0.9983182817893332,0.8125,0.012939322739839554,0.01666432060301304,0.016653450205922127,0.017110534012317657,-0.004171211272478104,-0.00044621340930461884,-0.0004570838063955307
29,29-2:467:71,inner_half,ge32,True,0.80859375,0.9995530830070001,0.9983182817893332,1.0,0.016314975917339325,0.016523931175470352,0.01652686297893524,0.018010636791586876,-0.001695660874247551,-0.0014867056161165237,-0.0014837738126516342
29,29-2:467:72,all,16to32,False,1.0,0.9712867816028857,0.9139770738180382,1.0,0.014865150675177574,0.014730655588209629,0.014855818822979927,0.01486915722489357,-4.0065497159957886e-06,-0.0001385016366839409,-1.3338401913642883e-05
29,29-2:467:72,inner_half,16to32,False,1.0,0.9712867816028857,0.9139770738180382,1.0,0.015436206012964249,0.014684117399156094,0.014460444450378418,0.014412415213882923,0.0010237907990813255,0.00027170218527317047,4.802923649549484e-05
29,29-2:467:73,all,16to32,False,1.0,0.970504770328969,0.9026510205536207,1.0,0.023350903764367104,0.023737139999866486,0.024144431576132774,0.024128831923007965,-0.0007779281586408615,-0.0003916919231414795,1.5599653124809265e-05
29,29-2:467:73,inner_half,16to32,False,1.0,0.970504770328969,0.9026510205536207,1.0,0.025260137394070625,0.02496980130672455,0.024978995323181152,0.025041308254003525,0.00021882914006710052,-7.150694727897644e-05,-6.231293082237244e-05
29,29-2:467:74,all,ge32,True,0.703125,0.9995477371907334,0.9981291851017291,0.8125,0.020786264911293983,0.018793094903230667,0.019004106521606445,0.019893374294042587,0.0008928906172513962,-0.0011002793908119202,-0.000889267772436142
29,29-2:467:74,inner_half,ge32,True,0.703125,0.9995477371907334,0.9981291851017291,1.0,0.013693852350115776,0.012970369309186935,0.012890663929283619,0.01441961620002985,-0.0007257638499140739,-0.0014492468908429146,-0.001528952270746231
29,29-2:467:75,all,16to32,False,1.0,0.9950944300454319,0.904615758118292,1.0,0.020581945776939392,0.020698552951216698,0.020743826404213905,0.02061472460627556,-3.277882933616638e-05,8.382834494113922e-05,0.00012910179793834686
29,29-2:467:75,inner_half,16to32,False,1.0,0.9950944300454319,0.904615758118292,1.0,0.023783843964338303,0.024071048945188522,0.02407519891858101,0.02392747811973095,-0.0001436341553926468,0.00014357082545757294,0.0001477207988500595
29,29-2:467:76,all,16to32,True,0.91015625,0.9989027554413702,0.9937632393031417,0.9296875,0.03426526114344597,0.032265592366456985,0.03217282518744469,0.032595444470644,0.0016698166728019714,-0.0003298521041870117,-0.0004226192831993103
29,29-2:467:76,inner_half,16to32,True,0.91015625,0.9989027554413702,0.9937632393031417,1.0,0.02154012769460678,0.02062162384390831,0.020527198910713196,0.02071928232908249,0.000820845365524292,-9.765848517417908e-05,-0.0001920834183692932
29,29-2:467:77,all,16to32,True,0.62890625,0.9961968117954186,0.9970282308821989,0.6953125,0.011053507216274738,0.012893952429294586,0.012939507141709328,0.01248930674046278,-0.0014357995241880417,0.0004046456888318062,0.0004502004012465477
29,29-2:467:77,inner_half,16to32,True,0.62890625,0.9961968117954186,0.9970282308821989,0.90625,0.007788026239722967,0.00852177757769823,0.008377574384212494,0.008834071457386017,-0.0010460452176630497,-0.0003122938796877861,-0.00045649707317352295
29,29-2:467:78,all,16to32,False,1.0,0.9886706774744779,0.9164781124963365,1.0,0.014271466061472893,0.014553212560713291,0.01454447116702795,0.0147194042801857,-0.0004479382187128067,-0.0001661917194724083,-0.00017493311315774918
29,29-2:467:78,inner_half,16to32,False,1.0,0.9886706774744779,0.9164781124963365,1.0,0.014834797009825706,0.01501726545393467,0.01501726545393467,0.01503643300384283,-0.00020163599401712418,-1.9167549908161163e-05,-1.9167549908161163e-05
29,29-2:467:79,all,ge32,False,1.0,0.8863742566507081,0.9613310539165826,1.0,0.01948598399758339,0.019455380737781525,0.019452139735221863,0.01931888423860073,0.00016709975898265839,0.00013649649918079376,0.0001332554966211319
29,29-2:467:79,inner_half,ge32,False,1.0,0.8863742566507081,0.9613310539165826,1.0,0.02437134087085724,0.023988014087080956,0.023707274347543716,0.023725062608718872,0.0006462782621383667,0.00026295147836208344,-1.778826117515564e-05
29,29-2:467:80,all,16to32,False,1.0,0.9942593519936567,0.8204588168167428,1.0,0.017194142565131187,0.0172325037419796,0.01745343580842018,0.017374664545059204,-0.00018052197992801666,-0.0001421608030796051,7.877126336097717e-05
29,29-2:467:80,inner_half,16to32,False,1.0,0.9942593519936567,0.8204588168167428,1.0,0.01844107359647751,0.01825394108891487,0.018441451713442802,0.018463868647813797,-2.2795051336288452e-05,-0.00020992755889892578,-2.2416934370994568e-05
29,29-2:467:81,all,16to32,False,1.0,0.9920213315551144,0.7602731049436086,1.0,0.02194106951355934,0.021603047847747803,0.021411161869764328,0.0219012089073658,3.986060619354248e-05,-0.0002981610596179962,-0.000490047037601471
29,29-2:467:81,inner_half,16to32,False,1.0,0.9920213315551144,0.7602731049436086,1.0,0.027784399688243866,0.027035564184188843,0.027945183217525482,0.027998680248856544,-0.00021428056061267853,-0.0009631160646677017,-5.349703133106232e-05
29,29-2:467:82,all,ge32,False,1.0,0.9900777912026795,0.9351106361597088,1.0,0.014585230499505997,0.014617109671235085,0.01467425562441349,0.014651507139205933,-6.627663969993591e-05,-3.4397467970848083e-05,2.2748485207557678e-05
29,29-2:467:82,inner_half,ge32,False,1.0,0.9900777912026795,0.9351106361597088,1.0,0.010167865082621574,0.010330784134566784,0.010212922468781471,0.01021324098110199,-4.5375898480415344e-05,0.00011754315346479416,-3.1851232051849365e-07
29,29-2:467:83,all,16to32,False,1.0,0.9977831226256665,0.9222789473914098,1.0,0.01901981420814991,0.018820570781826973,0.018633101135492325,0.018564272671937943,0.00045554153621196747,0.00025629810988903046,6.882846355438232e-05
29,29-2:467:83,inner_half,16to32,False,1.0,0.9977831226256665,0.9222789473914098,1.0,0.022702209651470184,0.02292809635400772,0.023028267547488213,0.02288208156824112,-0.00017987191677093506,4.601478576660156e-05,0.0001461859792470932
29,29-2:467:84,all,ge32,False,1.0,0.9737435870710909,0.9237561445906984,1.0,0.014346467331051826,0.014373579993844032,0.014452418312430382,0.01433480903506279,1.165829598903656e-05,3.877095878124237e-05,0.00011760927736759186
29,29-2:467:84,inner_half,ge32,False,1.0,0.9737435870710909,0.9237561445906984,1.0,0.017951279878616333,0.017977070063352585,0.017762091010808945,0.01770584098994732,0.000245438888669014,0.0002712290734052658,5.625002086162567e-05
29,29-2:467:85,all,16to32,False,1.0,0.9991807065730638,0.8794983632348573,1.0,0.017295850440859795,0.017460037022829056,0.017289940267801285,0.01742495410144329,-0.0001291036605834961,3.5082921385765076e-05,-0.00013501383364200592
29,29-2:467:85,inner_half,16to32,False,1.0,0.9991807065730638,0.8794983632348573,1.0,0.02523292601108551,0.02593211829662323,0.025363853201270103,0.025886163115501404,-0.0006532371044158936,4.595518112182617e-05,-0.0005223099142313004
29,29-2:467:86,all,16to32,False,1.0,0.996734271853222,0.8512991984391565,1.0,0.017106179147958755,0.017236901447176933,0.016883470118045807,0.016899416223168373,0.00020676292479038239,0.0003374852240085602,-1.5946105122566223e-05
29,29-2:467:86,inner_half,16to32,False,1.0,0.996734271853222,0.8512991984391565,1.0,0.014072570018470287,0.014401303604245186,0.013945273123681545,0.013935761526226997,0.00013680849224328995,0.0004655420780181885,9.511597454547882e-06
29,29-2:467:87,all,16to32,False,1.0,0.9804660132591408,0.7131892779280635,1.0,0.01995645835995674,0.020023254677653313,0.019880831241607666,0.020000740885734558,-4.428252577781677e-05,2.2513791918754578e-05,-0.00011990964412689209
29,29-2:467:87,inner_half,16to32,False,1.0,0.9804660132591408,0.7131892779280635,1.0,0.02603938989341259,0.025691572576761246,0.025645814836025238,0.025321252644062042,0.0007181372493505478,0.0003703199326992035,0.0003245621919631958
29,29-2:467:88,all,16to32,False,1.0,0.9966925047853071,0.909708493338331,1.0,0.01635034941136837,0.016309799626469612,0.016398221254348755,0.016437066718935966,-8.671730756759644e-05,-0.00012726709246635437,-3.884546458721161e-05
29,29-2:467:88,inner_half,16to32,False,1.0,0.9966925047853071,0.909708493338331,1.0,0.018582550808787346,0.01866704225540161,0.018640993162989616,0.018761049956083298,-0.00017849914729595184,-9.40077006816864e-05,-0.00012005679309368134
29,29-2:467:89,all,16to32,False,1.0,0.9953406269960473,0.969264019693339,1.0,0.023928001523017883,0.02404731884598732,0.023968759924173355,0.023954572156071663,-2.6570633053779602e-05,9.274668991565704e-05,1.41877681016922e-05
29,29-2:467:89,inner_half,16to32,False,1.0,0.9953406269960473,0.969264019693339,1.0,0.03438092768192291,0.03431724011898041,0.03367646411061287,0.033659376204013824,0.0007215514779090881,0.0006578639149665833,1.70879065990448e-05
29,29-2:467:90,all,16to32,False,0.9375,0.9984957665480462,0.8265158980837408,1.0,0.01865445449948311,0.018325386568903923,0.018356218934059143,0.018577516078948975,7.693842053413391e-05,-0.0002521295100450516,-0.00022129714488983154
29,29-2:467:90,inner_half,16to32,False,0.9375,0.9984957665480462,0.8265158980837408,1.0,0.01773129589855671,0.017531950026750565,0.017784448340535164,0.017989275977015495,-0.000257980078458786,-0.0004573259502649307,-0.00020482763648033142
29,29-2:467:91,all,16to32,True,0.84375,0.9991725819582672,0.9963756534282825,0.88671875,0.02059882879257202,0.021984657272696495,0.021944496780633926,0.02158072590827942,-0.0009818971157073975,0.0004039313644170761,0.00036377087235450745
29,29-2:467:91,inner_half,16to32,True,0.84375,0.9991725819582672,0.9963756534282825,1.0,0.018215838819742203,0.014758533798158169,0.01473010890185833,0.015145329758524895,0.003070509061217308,-0.0003867959603667259,-0.00041522085666656494
29,29-2:467:92,all,16to32,False,1.0,0.9991165449149548,0.8037072451902854,1.0,0.015500016510486603,0.015288421884179115,0.015401692129671574,0.015413384884595871,8.663162589073181e-05,-0.00012496300041675568,-1.1692754924297333e-05
29,29-2:467:92,inner_half,16to32,False,1.0,0.9991165449149548,0.8037072451902854,1.0,0.014902627095580101,0.015006665140390396,0.015132825821638107,0.01473916880786419,0.00016345828771591187,0.00026749633252620697,0.00039365701377391815
29,29-2:467:93,all,ge32,False,1.0,0.8969298013928462,0.9794876622134456,1.0,0.013741681352257729,0.014077460393309593,0.013430211693048477,0.013475310057401657,0.00026637129485607147,0.0006021503359079361,-4.509836435317993e-05
29,29-2:467:93,inner_half,ge32,False,1.0,0.8969298013928462,0.9794876622134456,1.0,0.016766779124736786,0.016706859692931175,0.01667843386530876,0.016650410369038582,0.00011636875569820404,5.6449323892593384e-05,2.802349627017975e-05
29,29-2:467:94,all,16to32,False,1.0,0.9993415685733662,0.6269086457824671,1.0,0.022443361580371857,0.022327668964862823,0.022238604724407196,0.02223498933017254,0.00020837225019931793,9.267963469028473e-05,3.6153942346572876e-06
29,29-2:467:94,inner_half,16to32,False,1.0,0.9993415685733662,0.6269086457824671,1.0,0.02232642099261284,0.02201438695192337,0.022162066772580147,0.02196262590587139,0.00036379508674144745,5.1761046051979065e-05,0.0001994408667087555
29,29-2:467:95,all,16to32,False,1.0,0.9977250606794666,0.9357395445467419,1.0,0.01672464981675148,0.016724903136491776,0.016711954027414322,0.016743943095207214,-1.9293278455734253e-05,-1.9039958715438843e-05,-3.1989067792892456e-05
29,29-2:467:95,inner_half,16to32,False,1.0,0.9977250606794666,0.9357395445467419,1.0,0.018030226230621338,0.01821018010377884,0.018032679334282875,0.018135840073227882,-0.0001056138426065445,7.434003055095673e-05,-0.00010316073894500732
29,29-2:467:96,all,16to32,False,1.0,0.9897243060319799,0.9901506648128264,1.0,0.024694792926311493,0.023602530360221863,0.023897696286439896,0.02385512739419937,0.0008396655321121216,-0.00025259703397750854,4.256889224052429e-05
29,29-2:467:96,inner_half,16to32,False,1.0,0.9897243060319799,0.9901506648128264,1.0,0.021475836634635925,0.02147330529987812,0.020816000178456306,0.0207571592181921,0.0007186774164438248,0.0007161460816860199,5.884096026420593e-05
29,29-2:467:97,all,16to32,False,1.0,0.9772584379615464,0.8775610910157684,1.0,0.02171613648533821,0.02171359211206436,0.0219352375715971,0.021784666925668716,-6.853044033050537e-05,-7.107481360435486e-05,0.00015057064592838287
29,29-2:467:97,inner_half,16to32,False,1.0,0.9772584379615464,0.8775610910157684,1.0,0.03421236574649811,0.03401295840740204,0.03467836230993271,0.034725673496723175,-0.0005133077502250671,-0.0007127150893211365,-4.731118679046631e-05
29,29-2:467:98,all,16to32,False,1.0,0.9979238626797022,0.8618613329772131,1.0,0.015124298632144928,0.015298987738788128,0.015264409594237804,0.015432675369083881,-0.0003083767369389534,-0.00013368763029575348,-0.00016826577484607697
29,29-2:467:98,inner_half,16to32,False,1.0,0.9979238626797022,0.8618613329772131,1.0,0.013756750151515007,0.01350759994238615,0.01398790255188942,0.01362994872033596,0.00012680143117904663,-0.00012234877794981003,0.00035795383155345917
29,29-2:467:99,all,16to32,False,1.0,0.9886418692209245,0.9762316599073805,1.0,0.019296199083328247,0.01876121386885643,0.01881825551390648,0.01908857561647892,0.0002076234668493271,-0.00032736174762248993,-0.0002703201025724411
29,29-2:467:99,inner_half,16to32,False,1.0,0.9886418692209245,0.9762316599073805,1.0,0.027229297906160355,0.02615075372159481,0.02618885040283203,0.02653844654560089,0.0006908513605594635,-0.00038769282400608063,-0.00034959614276885986
69,69-1:233:0,all,lt16,False,0.0,0.9994483874292385,0.9911028962938829,0.16015625,0.05276542156934738,0.05020304024219513,0.05057255178689957,0.05226507410407066,0.0005003474652767181,-0.002062033861875534,-0.0016925223171710968
69,69-1:233:1,all,lt16,False,1.0,0.7482642643088928,0.9405789904930305,1.0,0.05383036285638809,0.05374732241034508,0.05367673188447952,0.05375805124640465,7.231160998344421e-05,-1.0728836059570312e-05,-8.131936192512512e-05
69,69-1:233:1,inner_half,lt16,False,1.0,0.7482642643088928,0.9405789904930305,1.0,0.06993427872657776,0.06978461146354675,0.0698929876089096,0.06993723660707474,-2.9578804969787598e-06,-0.00015262514352798462,-4.4248998165130615e-05
69,69-1:233:2,all,lt16,False,1.0,0.9361095519944322,0.8565887159841998,1.0,0.01616276055574417,0.016208361834287643,0.01620369963347912,0.01628430001437664,-0.00012153945863246918,-7.593818008899689e-05,-8.060038089752197e-05
69,69-1:233:2,inner_half,lt16,False,1.0,0.9361095519944322,0.8565887159841998,1.0,0.021010058000683784,0.021176988258957863,0.021176988258957863,0.021176988258957863,-0.00016693025827407837,0.0,0.0
69,69-1:233:3,all,lt16,True,0.61328125,0.9997741533262516,0.99351465143884,0.61328125,0.02054031938314438,0.026793884113430977,0.0273661520332098,0.0282294861972332,-0.007689166814088821,-0.0014356020838022232,-0.0008633341640233994
69,69-1:233:3,inner_half,lt16,True,0.61328125,0.9997741533262516,0.99351465143884,1.0,0.02113058976829052,0.02611331269145012,0.026223596185445786,0.026430636644363403,-0.005300046876072884,-0.0003173239529132843,-0.0002070404589176178
69,69-1:233:4,all,lt16,False,1.0,0.6775598457448053,0.6829405354346746,1.0,0.020198248326778412,0.02011500671505928,0.02025822550058365,0.020311616361141205,-0.00011336803436279297,-0.00019660964608192444,-5.339086055755615e-05
69,69-1:233:4,inner_half,lt16,False,1.0,0.6775598457448053,0.6829405354346746,1.0,0.021652240306138992,0.02151002362370491,0.021921195089817047,0.021937888115644455,-0.00028564780950546265,-0.0004278644919395447,-1.6693025827407837e-05
69,69-1:233:5,all,lt16,False,1.0,0.7630735543778312,0.97813696813579,1.0,0.02131088264286518,0.02293207496404648,0.02552635222673416,0.025359299033880234,-0.004048416391015053,-0.0024272240698337555,0.0001670531928539276
69,69-1:233:5,inner_half,lt16,False,1.0,0.7630735543778312,0.97813696813579,1.0,0.031923145055770874,0.03402075916528702,0.038008105009794235,0.03779643774032593,-0.005873292684555054,-0.00377567857503891,0.0002116672694683075
69,69-1:233:6,all,lt16,False,1.0,0.9944002083420082,0.9122305775347971,1.0,0.022312473505735397,0.022324128076434135,0.022117577493190765,0.022129420191049576,0.00018305331468582153,0.00019470788538455963,-1.1842697858810425e-05
69,69-1:233:6,inner_half,lt16,False,1.0,0.9944002083420082,0.9122305775347971,1.0,0.02322443388402462,0.023413166403770447,0.02308271825313568,0.02307601273059845,0.00014842115342617035,0.00033715367317199707,6.705522537231445e-06
69,69-1:233:7,all,lt16,False,0.4609375,0.686769797357128,0.9966345592674953,0.4609375,0.0366143099963665,0.02787064202129841,0.02930711954832077,0.02933785505592823,0.007276454940438271,-0.0014672130346298218,-3.073550760746002e-05
69,69-1:233:8,all,lt16,True,1.0,0.9974170516858916,0.9986413274669446,1.0,0.10026182234287262,0.09152764081954956,0.09142708778381348,0.09135159850120544,0.008910223841667175,0.0001760423183441162,7.548928260803223e-05
69,69-1:233:8,inner_half,lt16,True,1.0,0.9974170516858916,0.9986413274669446,1.0,0.1274990439414978,0.1070718914270401,0.10703663527965546,0.10692379623651505,0.020575247704982758,0.00014809519052505493,0.00011283904314041138
69,69-1:233:9,all,lt16,False,0.16015625,0.9993549344712017,0.9998106699906935,0.40234375,0.07478572428226471,0.0427035391330719,0.04371638968586922,0.04388391599059105,0.03090180829167366,-0.0011803768575191498,-0.00016752630472183228
69,69-1:233:9,inner_half,lt16,False,0.16015625,0.9993549344712017,0.9998106699906935,0.5625,0.1095210611820221,0.01609884947538376,0.01632189191877842,0.01716778427362442,0.09235327690839767,-0.0010689347982406616,-0.0008458923548460007
69,69-1:233:10,all,lt16,False,1.0,0.9957730361377368,0.7827737516649298,1.0,0.02278083935379982,0.02277819626033306,0.022829607129096985,0.022804096341133118,-2.325698733329773e-05,-2.5900080800056458e-05,2.5510787963867188e-05
69,69-1:233:10,inner_half,lt16,False,1.0,0.9957730361377368,0.7827737516649298,1.0,0.021388335153460503,0.021210316568613052,0.021200302988290787,0.021200302988290787,0.00018803216516971588,1.0013580322265625e-05,0.0
69,69-1:233:11,all,lt16,False,1.0,0.6834545483792211,0.9782053099716436,1.0,0.04037339240312576,0.04116332530975342,0.04004281759262085,0.04002554714679718,0.00034784525632858276,0.0011377781629562378,1.7270445823669434e-05
69,69-1:233:11,inner_half,lt16,False,1.0,0.6834545483792211,0.9782053099716436,1.0,0.050381287932395935,0.05157638341188431,0.04801597818732262,0.048184584826231,0.0021967031061649323,0.003391798585653305,-0.00016860663890838623
69,69-1:233:12,all,lt16,False,1.0,0.9920093356262482,0.9225214340648888,1.0,0.0875338762998581,0.08757093548774719,0.08747886121273041,0.08748546242713928,4.8413872718811035e-05,8.547306060791016e-05,-6.601214408874512e-06
69,69-1:233:12,inner_half,lt16,False,1.0,0.9920093356262482,0.9225214340648888,1.0,0.11751656234264374,0.11731845885515213,0.11728619039058685,0.11731894314289093,0.00019761919975280762,-4.842877388000488e-07,-3.275275230407715e-05
69,69-1:233:13,all,16to32,True,0.52734375,0.999442532491232,0.9976809449116071,0.56640625,0.0893864631652832,0.10104546695947647,0.10105374455451965,0.10447455942630768,-0.015088096261024475,-0.0034290924668312073,-0.003420814871788025
69,69-1:233:13,inner_half,16to32,True,0.52734375,0.999442532491232,0.9976809449116071,1.0,0.12358227372169495,0.10701575875282288,0.10721345990896225,0.11380916833877563,0.009773105382919312,-0.006793409585952759,-0.006595708429813385
69,69-1:233:14,all,lt16,False,1.0,0.885914470930021,0.8200094245060814,1.0,0.018736612051725388,0.0186733677983284,0.018559381365776062,0.018535584211349487,0.00020102784037590027,0.00013778358697891235,2.3797154426574707e-05
69,69-1:233:14,inner_half,lt16,False,1.0,0.885914470930021,0.8200094245060814,1.0,0.025160152465105057,0.025162026286125183,0.02465301752090454,0.02464248798787594,0.0005176644772291183,0.0005195382982492447,1.05295330286026e-05
69,69-1:233:15,all,lt16,False,0.48046875,0.7610964449480676,0.9162512485499376,0.48828125,0.03391611948609352,0.033763960003852844,0.03402695059776306,0.033905062824487686,1.1056661605834961e-05,-0.00014110282063484192,0.00012188777327537537
69,69-1:233:15,inner_half,lt16,False,0.48046875,0.7610964449480676,0.9162512485499376,0.1875,0.023945674300193787,0.02321069873869419,0.023536110296845436,0.02401801012456417,-7.233582437038422e-05,-0.0008073113858699799,-0.00048189982771873474
69,69-1:233:16,all,lt16,False,1.0,0.9624230247810034,0.8983205823637559,1.0,0.05922222137451172,0.05647179111838341,0.05618853121995926,0.05600185692310333,0.0032203644514083862,0.0004699341952800751,0.00018667429685592651
69,69-1:233:16,inner_half,lt16,False,1.0,0.9624230247810034,0.8983205823637559,1.0,0.08668790757656097,0.08094832301139832,0.08100366592407227,0.08104477822780609,0.005643129348754883,-9.645521640777588e-05,-4.1112303733825684e-05
69,69-1:233:17,all,lt16,False,0.5859375,0.9746607763839347,0.8782585429604183,1.0,0.09148133546113968,0.0911514163017273,0.09155666828155518,0.09110686182975769,0.0003744736313819885,4.455447196960449e-05,0.00044980645179748535
69,69-1:233:17,inner_half,lt16,False,0.5859375,0.9746607763839347,0.8782585429604183,1.0,0.16080988943576813,0.1603873372077942,0.16003280878067017,0.1600411832332611,0.000768706202507019,0.00034615397453308105,-8.374452590942383e-06
69,69-1:233:18,all,16to32,False,0.31640625,0.9978834476430332,0.9971910849985616,0.31640625,0.02953474223613739,0.03317825868725777,0.033193591982126236,0.033320602029561996,-0.0037858597934246063,-0.00014234334230422974,-0.0001270100474357605
69,69-1:233:19,all,lt16,True,0.51953125,0.9861925617797969,0.981269365005298,0.765625,0.06886494904756546,0.05333298072218895,0.05334324762225151,0.053004078567028046,0.015860870480537415,0.00032890215516090393,0.00033916905522346497
69,69-1:233:19,inner_half,lt16,True,0.51953125,0.9861925617797969,0.981269365005298,0.609375,0.15569457411766052,0.1170516237616539,0.11719454079866409,0.11263100057840347,0.04306357353925705,0.004420623183250427,0.00456354022026062
69,69-1:233:20,all,lt16,False,1.0,0.986311657671129,0.684237488802353,1.0,0.11800166964530945,0.11793936043977737,0.11807878315448761,0.11805986613035202,-5.819648504257202e-05,-0.000120505690574646,1.89170241355896e-05
69,69-1:233:20,inner_half,lt16,False,1.0,0.986311657671129,0.684237488802353,1.0,0.2695443034172058,0.26950064301490784,0.2694501280784607,0.2695106267929077,3.36766242980957e-05,-9.98377799987793e-06,-6.0498714447021484e-05
69,69-1:233:21,all,lt16,False,1.0,0.9660295457737833,0.9413244555435444,1.0,0.057481929659843445,0.05773653835058212,0.05760202929377556,0.05760218948125839,-0.00012025982141494751,0.00013434886932373047,-1.601874828338623e-07
69,69-1:233:21,inner_half,lt16,False,1.0,0.9660295457737833,0.9413244555435444,1.0,0.10705740004777908,0.10699724406003952,0.10706069320440292,0.10700506716966629,5.233287811279297e-05,-7.82310962677002e-06,5.56260347366333e-05
69,69-1:233:22,all,lt16,True,0.7421875,0.996629071758467,0.9964746185397445,0.7421875,0.060362525284290314,0.046681951731443405,0.046876486390829086,0.04723552241921425,0.013127002865076065,-0.0005535706877708435,-0.00035903602838516235
69,69-1:233:22,inner_half,lt16,True,0.7421875,0.996629071758467,0.9964746185397445,0.515625,0.1214171051979065,0.09407444298267365,0.0949741005897522,0.095911905169487,0.025505200028419495,-0.0018374621868133545,-0.0009378045797348022
69,69-1:233:23,all,lt16,True,0.91015625,0.9695475013414292,0.9988031684677096,0.91015625,0.07499347627162933,0.06279362738132477,0.06363780051469803,0.0634610503911972,0.011532425880432129,-0.0006674230098724365,0.00017675012350082397
69,69-1:233:23,inner_half,lt16,True,0.91015625,0.9695475013414292,0.9988031684677096,0.953125,0.10736309736967087,0.08797744661569595,0.08834672719240189,0.08786530792713165,0.019497789442539215,0.00011213868856430054,0.00048141926527023315
69,69-1:233:24,all,lt16,False,0.40625,0.9473499785903144,0.9947848293752728,0.484375,0.05616651847958565,0.04655083268880844,0.0473986491560936,0.04773848503828049,0.00842803344130516,-0.001187652349472046,-0.00033983588218688965
69,69-1:233:24,inner_half,lt16,False,0.40625,0.9473499785903144,0.9947848293752728,0.125,0.07204925268888474,0.06607818603515625,0.06490248441696167,0.0655447468161583,0.00650450587272644,0.0005334392189979553,-0.0006422623991966248
69,69-1:233:25,all,lt16,True,0.828125,0.9999801383099172,0.9980857899242558,0.94921875,0.036786019802093506,0.03448597714304924,0.034436143934726715,0.03450697287917137,0.0022790469229221344,-2.0995736122131348e-05,-7.082894444465637e-05
69,69-1:233:25,inner_half,lt16,True,0.828125,0.9999801383099172,0.9980857899242558,1.0,0.0664779394865036,0.06163082644343376,0.06159336492419243,0.061947308480739594,0.004530631005764008,-0.0003164820373058319,-0.0003539435565471649
69,69-1:233:26,all,lt16,False,1.0,0.9955464181404876,0.8944573585512793,1.0,0.03687487542629242,0.0366765558719635,0.03655438497662544,0.036618996411561966,0.0002558790147304535,5.7559460401535034e-05,-6.461143493652344e-05
69,69-1:233:26,inner_half,lt16,False,1.0,0.9955464181404876,0.8944573585512793,1.0,0.04781394451856613,0.04739788919687271,0.047378022223711014,0.04737090319395065,0.0004430413246154785,2.6986002922058105e-05,7.119029760360718e-06
69,69-1:233:27,all,lt16,False,1.0,0.9532238135733615,0.9129220815136734,1.0,0.15116555988788605,0.1505242884159088,0.15050473809242249,0.15037861466407776,0.0007869452238082886,0.0001456737518310547,0.00012612342834472656
69,69-1:233:27,inner_half,lt16,False,1.0,0.9532238135733615,0.9129220815136734,1.0,0.22425183653831482,0.22371754050254822,0.22471007704734802,0.22411903738975525,0.0001327991485595703,-0.00040149688720703125,0.0005910396575927734
69,69-1:233:28,all,lt16,False,1.0,0.9727410543763546,0.9802863018623994,1.0,0.05281715467572212,0.05185731127858162,0.05085846036672592,0.05131792649626732,0.0014992281794548035,0.0005393847823143005,-0.0004594661295413971
69,69-1:233:28,inner_half,lt16,False,1.0,0.9727410543763546,0.9802863018623994,1.0,0.08029776811599731,0.07951993495225906,0.07959131896495819,0.0796080157160759,0.0006897523999214172,-8.80807638168335e-05,-1.66967511177063e-05
69,69-1:233:29,all,lt16,False,1.0,0.9799774095233929,0.6100313571581248,1.0,0.03643826022744179,0.036427780985832214,0.03635794669389725,0.03648762404918671,-4.936382174491882e-05,-5.984306335449219e-05,-0.00012967735528945923
69,69-1:233:29,inner_half,lt16,False,1.0,0.9799774095233929,0.6100313571581248,1.0,0.05796507000923157,0.05796507000923157,0.05801433324813843,0.058101996779441833,-0.0001369267702102661,-0.0001369267702102661,-8.766353130340576e-05
69,69-1:233:30,all,lt16,False,0.1875,0.9961259002202075,0.997779894763714,0.1875,0.018180448561906815,0.01696362905204296,0.017145907506346703,0.01715170592069626,0.001028742641210556,-0.00018807686865329742,-5.798414349555969e-06
69,69-1:233:31,all,lt16,False,1.0,0.9658199353717449,0.9800041414893707,1.0,0.071907639503479,0.07165820151567459,0.07185323536396027,0.07182496041059494,8.267909288406372e-05,-0.00016675889492034912,2.8274953365325928e-05
69,69-1:233:31,inner_half,lt16,False,1.0,0.9658199353717449,0.9800041414893707,1.0,0.13527178764343262,0.1349429190158844,0.1355181634426117,0.1354897916316986,-0.0002180039882659912,-0.000546872615814209,2.8371810913085938e-05
69,69-1:233:32,all,lt16,True,0.63671875,0.9706957336140833,0.9615098483134736,0.7109375,0.08147141337394714,0.07055715471506119,0.07085197418928146,0.0715661495923996,0.009905263781547546,-0.0010089948773384094,-0.0007141754031181335
69,69-1:233:32,inner_half,lt16,True,0.63671875,0.9706957336140833,0.9615098483134736,0.625,0.1138177141547203,0.10427932441234589,0.10501451790332794,0.1044548749923706,0.009362839162349701,-0.00017555058002471924,0.0005596429109573364
69,69-1:233:33,all,lt16,False,1.0,0.9998374958035123,0.7801150221249592,1.0,0.03891205042600632,0.0387745127081871,0.03878461569547653,0.03875305503606796,0.0001589953899383545,2.1457672119140625e-05,3.1560659408569336e-05
69,69-1:233:33,inner_half,lt16,False,1.0,0.9998374958035123,0.7801150221249592,1.0,0.03941301256418228,0.03900465741753578,0.03899935260415077,0.03904068097472191,0.0003723315894603729,-3.602355718612671e-05,-4.1328370571136475e-05
69,69-1:233:34,all,lt16,False,1.0,0.9396797883268364,0.8944755607251049,1.0,0.05309362709522247,0.05315233767032623,0.05278560146689415,0.05303439497947693,5.9232115745544434e-05,0.0001179426908493042,-0.00024879351258277893
69,69-1:233:34,inner_half,lt16,False,1.0,0.9396797883268364,0.8944755607251049,1.0,0.03962705284357071,0.039816681295633316,0.03937254101037979,0.039616260677576065,1.0792165994644165e-05,0.00020042061805725098,-0.0002437196671962738
69,69-1:233:35,all,lt16,True,0.875,0.9994874218966061,0.9996237603220255,0.96875,0.07579291611909866,0.04186100512742996,0.042017243802547455,0.041496820747852325,0.03429609537124634,0.0003641843795776367,0.0005204230546951294
69,69-1:233:35,inner_half,lt16,True,0.875,0.9994874218966061,0.9996237603220255,0.875,0.13168957829475403,0.05256037786602974,0.052696697413921356,0.05214342474937439,0.07954615354537964,0.00041695311665534973,0.0005532726645469666
69,69-1:233:36,all,lt16,True,0.51171875,0.9452594222969147,0.9942272849490051,0.51171875,0.08005285263061523,0.07579810917377472,0.07654061913490295,0.07551631331443787,0.004536539316177368,0.00028179585933685303,0.0010243058204650879
69,69-1:233:37,all,lt16,False,0.3125,0.9892960346470525,0.9946056533447415,0.3359375,0.030460795387625694,0.018633434548974037,0.01886541210114956,0.018813904374837875,0.011646891012787819,-0.0001804698258638382,5.1507726311683655e-05
69,69-1:233:37,inner_half,lt16,False,0.3125,0.9892960346470525,0.9946056533447415,0.21875,0.04159810021519661,0.013309517875313759,0.01317839790135622,0.01357403863221407,0.02802406158298254,-0.0002645207569003105,-0.0003956407308578491
69,69-1:233:38,all,lt16,False,1.0,0.9990234279500712,0.7069431939774435,1.0,0.02066918835043907,0.020807625725865364,0.020458152517676353,0.020524991676211357,0.00014419667422771454,0.00028263404965400696,-6.683915853500366e-05
69,69-1:233:38,inner_half,lt16,False,1.0,0.9990234279500712,0.7069431939774435,1.0,0.014721201732754707,0.014759039506316185,0.014721201732754707,0.014759039506316185,-3.783777356147766e-05,0.0,-3.783777356147766e-05
69,69-1:233:39,all,lt16,False,1.0,0.9653045264003469,0.9825662169595987,1.0,0.09132818877696991,0.09137237817049026,0.09167156368494034,0.09168136119842529,-0.0003531724214553833,-0.0003089830279350281,-9.797513484954834e-06
69,69-1:233:39,inner_half,lt16,False,1.0,0.9653045264003469,0.9825662169595987,1.0,0.07438813149929047,0.07434439659118652,0.0743846669793129,0.07442386448383331,-3.573298454284668e-05,-7.946789264678955e-05,-3.919750452041626e-05
69,69-1:233:40,all,lt16,True,0.66015625,0.9942969506003319,0.9971098091238664,0.83984375,0.05812333524227142,0.06009651720523834,0.06042195111513138,0.0601489320397377,-0.002025596797466278,-5.241483449935913e-05,0.00027301907539367676
69,69-1:233:40,inner_half,lt16,True,0.66015625,0.9942969506003319,0.9971098091238664,0.859375,0.08122026175260544,0.08304938673973083,0.08353231847286224,0.08332958072423935,-0.002109318971633911,-0.0002801939845085144,0.0002027377486228943
69,69-1:233:41,all,lt16,True,0.640625,0.999104371392356,0.7778505964657538,0.640625,0.04501109570264816,0.04405464604496956,0.042107418179512024,0.04174504801630974,0.0032660476863384247,0.0023095980286598206,0.00036237016320228577
69,69-1:233:41,inner_half,lt16,True,0.640625,0.999104371392356,0.7778505964657538,0.953125,0.050301291048526764,0.04691657796502113,0.043793000280857086,0.043193817138671875,0.007107473909854889,0.0037227608263492584,0.0005991831421852112
69,69-1:233:42,all,lt16,False,0.20703125,0.8227882029449399,0.9930995662840959,0.20703125,0.11200575530529022,0.11182428151369095,0.10812796652317047,0.10805471986532211,0.003951035439968109,0.0037695616483688354,7.324665784835815e-05
69,69-1:233:43,all,lt16,True,0.8359375,0.9945700604139704,0.9962506483729422,0.890625,0.06387993693351746,0.061001360416412354,0.061518847942352295,0.06182047352194786,0.0020594634115695953,-0.0008191131055355072,-0.0003016255795955658
69,69-1:233:43,inner_half,lt16,True,0.8359375,0.9945700604139704,0.9962506483729422,1.0,0.07087399065494537,0.07206125557422638,0.07217171788215637,0.07177776098251343,-0.0009037703275680542,0.00028349459171295166,0.00039395689964294434
69,69-1:233:44,all,lt16,False,1.0,0.7449679011915812,0.9806219394861513,1.0,0.04740644246339798,0.04769774153828621,0.04720320552587509,0.04723721370100975,0.00016922876238822937,0.00046052783727645874,-3.4008175134658813e-05
69,69-1:233:44,inner_half,lt16,False,1.0,0.7449679011915812,0.9806219394861513,1.0,0.06275030970573425,0.06177232414484024,0.060665592551231384,0.0603337287902832,0.00241658091545105,0.0014385953545570374,0.00033186376094818115
69,69-1:233:45,all,lt16,False,1.0,0.705216204751397,0.978900196110343,1.0,0.04767024889588356,0.048456862568855286,0.047714412212371826,0.047902196645736694,-0.00023194774985313416,0.0005546659231185913,-0.00018778443336486816
69,69-1:233:45,inner_half,lt16,False,1.0,0.705216204751397,0.978900196110343,1.0,0.048420026898384094,0.0476841926574707,0.046681541949510574,0.04712219163775444,0.001297835260629654,0.0005620010197162628,-0.00044064968824386597
69,69-1:233:46,all,lt16,False,0.41796875,0.7938438762814699,0.9939493258231025,0.4765625,0.039382342249155045,0.03782108798623085,0.039051931351423264,0.03847917541861534,0.0009031668305397034,-0.000658087432384491,0.0005727559328079224
69,69-1:233:46,inner_half,lt16,False,0.41796875,0.7938438762814699,0.9939493258231025,0.171875,0.19289565086364746,0.1843929886817932,0.19310779869556427,0.18846088647842407,0.004434764385223389,-0.004067897796630859,0.004646912217140198
69,69-1:233:47,all,lt16,False,0.19921875,0.9922398804956479,0.9984221465916704,0.19921875,0.017777299508452415,0.018935982137918472,0.019038280472159386,0.018976330757141113,-0.0011990312486886978,-4.034861922264099e-05,6.19497150182724e-05
69,69-1:233:48,all,lt16,True,0.97265625,0.9951675678773537,0.9861487292821465,0.97265625,0.04701150953769684,0.040353305637836456,0.04024225100874901,0.04032332822680473,0.006688181310892105,2.9977411031723022e-05,-8.10772180557251e-05
69,69-1:233:48,inner_half,lt16,True,0.97265625,0.9951675678773537,0.9861487292821465,1.0,0.04401197284460068,0.031390901654958725,0.03126312792301178,0.03164982423186302,0.012362148612737656,-0.0002589225769042969,-0.00038669630885124207
69,69-1:233:57,all,lt16,False,1.0,0.9991499890797536,0.8159132170677679,1.0,0.017989110201597214,0.017983486875891685,0.017990034073591232,0.017987022176384926,2.088025212287903e-06,-3.5353004932403564e-06,3.0118972063064575e-06
69,69-1:233:57,inner_half,lt16,False,1.0,0.9991499890797536,0.8159132170677679,1.0,0.019014807417988777,0.01891162618994713,0.01891162618994713,0.01891162618994713,0.00010318122804164886,0.0,0.0
69,69-1:233:58,all,16to32,False,1.0,0.994045738726387,0.8175103267583983,1.0,0.01894274726510048,0.018810903653502464,0.01901189237833023,0.01890561729669571,3.71299684047699e-05,-9.471364319324493e-05,0.00010627508163452148
69,69-1:233:58,inner_half,16to32,False,1.0,0.994045738726387,0.8175103267583983,1.0,0.02177279070019722,0.021527212113142014,0.021809611469507217,0.021750371903181076,2.24187970161438e-05,-0.0002231597900390625,5.923956632614136e-05
69,69-1:233:59,all,lt16,False,1.0,0.9972224514720844,0.5346070456524875,1.0,0.01691296696662903,0.016821419820189476,0.016841774806380272,0.016834210604429245,7.875636219978333e-05,-1.2790784239768982e-05,7.5642019510269165e-06
69,69-1:233:59,inner_half,lt16,False,1.0,0.9972224514720844,0.5346070456524875,1.0,0.019160952419042587,0.019160952419042587,0.019160952419042587,0.019160952419042587,0.0,0.0,0.0
69,69-1:233:60,all,16to32,False,1.0,0.9963009416530729,0.8203621712840419,1.0,0.014456935226917267,0.014444669708609581,0.014490879140794277,0.014493197202682495,-3.626197576522827e-05,-4.8527494072914124e-05,-2.318061888217926e-06
69,69-1:233:60,inner_half,16to32,False,1.0,0.9963009416530729,0.8203621712840419,1.0,0.01638219878077507,0.016360018402338028,0.01648097299039364,0.016391614452004433,-9.415671229362488e-06,-3.1596049666404724e-05,8.935853838920593e-05
69,69-1:233:61,all,16to32,False,1.0,0.9892537446430464,0.8819683572436787,1.0,0.013292510993778706,0.013313563540577888,0.013280767016112804,0.013274036347866058,1.8474645912647247e-05,3.952719271183014e-05,6.730668246746063e-06
69,69-1:233:61,inner_half,16to32,False,1.0,0.9892537446430464,0.8819683572436787,1.0,0.016854502260684967,0.017011858522892,0.016979623585939407,0.017032600939273834,-0.0001780986785888672,-2.0742416381835938e-05,-5.297735333442688e-05
69,69-1:233:62,all,lt16,False,1.0,0.9940491760962118,0.9036958336256679,1.0,0.016912324354052544,0.016959328204393387,0.01693001575767994,0.016894228756427765,1.8095597624778748e-05,6.509944796562195e-05,3.578700125217438e-05
69,69-1:233:62,inner_half,lt16,False,1.0,0.9940491760962118,0.9036958336256679,1.0,0.02073962800204754,0.020685851573944092,0.02066909894347191,0.020648673176765442,9.095482528209686e-05,3.71783971786499e-05,2.0425766706466675e-05
69,69-1:233:63,all,16to32,False,1.0,0.9896990390138409,0.5052698901668038,1.0,0.01615433394908905,0.016077157109975815,0.016188159584999084,0.01610478386282921,4.955008625984192e-05,-2.7626752853393555e-05,8.33757221698761e-05
69,69-1:233:63,inner_half,16to32,False,1.0,0.9896990390138409,0.5052698901668038,1.0,0.021116012707352638,0.020960571244359016,0.021237481385469437,0.021059084683656693,5.692802369594574e-05,-9.851343929767609e-05,0.00017839670181274414
69,69-1:233:64,all,16to32,False,1.0,0.9966173326294945,0.8645429018423596,1.0,0.018653426319360733,0.018855147063732147,0.01882859691977501,0.01884419657289982,-0.0001907702535390854,1.0950490832328796e-05,-1.5599653124809265e-05
69,69-1:233:64,inner_half,16to32,False,1.0,0.9966173326294945,0.8645429018423596,1.0,0.021587956696748734,0.021587956696748734,0.02145657315850258,0.021595317870378494,-7.361173629760742e-06,-7.361173629760742e-06,-0.00013874471187591553
69,69-1:233:65,all,lt16,False,1.0,0.9925150994295152,0.6929142735987195,1.0,0.016808025538921356,0.016808215528726578,0.016726315021514893,0.01680893823504448,-9.126961231231689e-07,-7.227063179016113e-07,-8.262321352958679e-05
69,69-1:233:65,inner_half,lt16,False,1.0,0.9925150994295152,0.6929142735987195,1.0,0.01932157762348652,0.019226836040616035,0.01929267682135105,0.019336797297000885,-1.521967351436615e-05,-0.00010996125638484955,-4.412047564983368e-05
69,69-1:233:66,all,lt16,False,1.0,0.9975273375351151,0.98303748375608,1.0,0.022342175245285034,0.021584853529930115,0.021621793508529663,0.021481167525053024,0.0008610077202320099,0.00010368600487709045,0.0001406259834766388
69,69-1:233:66,inner_half,lt16,False,1.0,0.9975273375351151,0.98303748375608,1.0,0.028030337765812874,0.02772149071097374,0.027760066092014313,0.027733776718378067,0.0002965610474348068,-1.2286007404327393e-05,2.6289373636245728e-05
69,69-1:233:67,all,16to32,False,1.0,0.9989448561923001,0.8016562441041705,1.0,0.021335268393158913,0.02120719477534294,0.02128446102142334,0.021102502942085266,0.00023276545107364655,0.00010469183325767517,0.00018195807933807373
69,69-1:233:67,inner_half,16to32,False,1.0,0.9989448561923001,0.8016562441041705,1.0,0.03008185513317585,0.03016616776585579,0.029999518766999245,0.029913771897554398,0.00016808323562145233,0.0002523958683013916,8.574686944484711e-05
69,69-1:233:68,all,16to32,False,1.0,0.9984812216382263,0.7637411153265,1.0,0.01667141355574131,0.01664666458964348,0.016629265621304512,0.016621068120002747,5.034543573856354e-05,2.559646964073181e-05,8.197501301765442e-06
69,69-1:233:68,inner_half,16to32,False,1.0,0.9984812216382263,0.7637411153265,1.0,0.020701689645648003,0.020701689645648003,0.020701689645648003,0.020646000280976295,5.568936467170715e-05,5.568936467170715e-05,5.568936467170715e-05
69,69-1:233:69,all,lt16,False,1.0,0.99710850304867,0.5570994098296684,1.0,0.023600436747074127,0.02361423522233963,0.02339709736406803,0.02341816946864128,0.00018226727843284607,0.000196065753698349,-2.1072104573249817e-05
69,69-1:233:69,inner_half,lt16,False,1.0,0.99710850304867,0.5570994098296684,1.0,0.03079870156943798,0.03078296408057213,0.030512554571032524,0.03052164986729622,0.0002770517021417618,0.0002613142132759094,-9.095296263694763e-06
69,69-1:233:70,all,lt16,False,1.0,0.9993195309083226,0.9877826311743547,1.0,0.023814033716917038,0.0242339838296175,0.0242339838296175,0.024241633713245392,-0.0004275999963283539,-7.64988362789154e-06,-7.64988362789154e-06
69,69-1:233:70,inner_half,lt16,False,1.0,0.9993195309083226,0.9877826311743547,1.0,0.02092793583869934,0.021665826439857483,0.021665826439857483,0.02211076393723488,-0.0011828280985355377,-0.00044493749737739563,-0.00044493749737739563
69,69-1:233:71,all,lt16,False,1.0,0.9921414267101112,0.7317878090529439,1.0,0.016561418771743774,0.01640552282333374,0.01651352271437645,0.016542790457606316,1.86283141374588e-05,-0.00013726763427257538,-2.9267743229866028e-05
69,69-1:233:71,inner_half,lt16,False,1.0,0.9921414267101112,0.7317878090529439,1.0,0.013478557579219341,0.013395421206951141,0.013442175462841988,0.013650713488459587,-0.00017215590924024582,-0.00025529228150844574,-0.0002085380256175995
69,69-1:233:72,all,lt16,False,1.0,0.9950078374657176,0.9827343323558938,1.0,0.03320141136646271,0.030532149598002434,0.03031422756612301,0.03030349500477314,0.0028979163616895676,0.00022865459322929382,1.0732561349868774e-05
69,69-1:233:72,inner_half,lt16,False,1.0,0.9950078374657176,0.9827343323558938,1.0,0.028733279556035995,0.029424455016851425,0.029044736176729202,0.028909003362059593,-0.00017572380602359772,0.000515451654791832,0.00013573281466960907
69,69-1:233:73,all,16to32,False,1.0,0.9985985424857486,0.7390626877056232,1.0,0.01693807542324066,0.01687345840036869,0.01692427694797516,0.016864243894815445,7.383152842521667e-05,9.214505553245544e-06,6.0033053159713745e-05
69,69-1:233:73,inner_half,16to32,False,1.0,0.9985985424857486,0.7390626877056232,1.0,0.01634914241731167,0.016310546547174454,0.016445301473140717,0.01640670746564865,-5.756504833698273e-05,-9.616091847419739e-05,3.859400749206543e-05
69,69-1:233:74,all,16to32,False,1.0,0.9987240939421241,0.6771738403651123,1.0,0.013422232121229172,0.013458255678415298,0.013379624113440514,0.01343480497598648,-1.257285475730896e-05,2.345070242881775e-05,-5.51808625459671e-05
69,69-1:233:74,inner_half,16to32,False,1.0,0.9987240939421241,0.6771738403651123,1.0,0.013986228033900261,0.014005495235323906,0.013721682131290436,0.013915898278355598,7.032975554466248e-05,8.95969569683075e-05,-0.00019421614706516266
69,69-1:233:75,all,lt16,False,1.0,0.9863862434319748,0.576761164077811,1.0,0.016117412596940994,0.01622173562645912,0.016093695536255836,0.016187284141778946,-6.987154483795166e-05,3.445148468017578e-05,-9.358860552310944e-05
69,69-1:233:75,inner_half,lt16,False,1.0,0.9863862434319748,0.576761164077811,1.0,0.019098060205578804,0.019426334649324417,0.019220110028982162,0.019295288249850273,-0.00019722804427146912,0.00013104639947414398,-7.517822086811066e-05
69,69-1:233:76,all,lt16,False,1.0,0.9882110762854737,0.7573210553285288,1.0,0.015164952725172043,0.015162913128733635,0.015101703815162182,0.015137134119868279,2.7818605303764343e-05,2.5779008865356445e-05,-3.543030470609665e-05
69,69-1:233:76,inner_half,lt16,False,1.0,0.9882110762854737,0.7573210553285288,1.0,0.013733649626374245,0.013661205768585205,0.013598774559795856,0.013702556490898132,3.1093135476112366e-05,-4.1350722312927246e-05,-0.00010378193110227585
69,69-1:233:77,all,16to32,False,1.0,0.9986860677476644,0.7077578030335046,1.0,0.016844790428876877,0.01681612804532051,0.0168074369430542,0.01676628366112709,7.850676774978638e-05,4.984438419342041e-05,4.1153281927108765e-05
69,69-1:233:77,inner_half,16to32,False,1.0,0.9986860677476644,0.7077578030335046,1.0,0.015235108323395252,0.015253320336341858,0.015307135879993439,0.015275979414582253,-4.0871091187000275e-05,-2.2659078240394592e-05,3.115646541118622e-05
69,69-1:233:78,all,16to32,False,1.0,0.9979296305138406,0.6023327774846603,1.0,0.01479771826416254,0.014603033661842346,0.014707202091813087,0.014624864794313908,0.0001728534698486328,-2.1831132471561432e-05,8.233729749917984e-05
69,69-1:233:78,inner_half,16to32,False,1.0,0.9979296305138406,0.6023327774846603,1.0,0.016635727137327194,0.01639336347579956,0.016487967222929,0.016487967222929,0.00014775991439819336,-9.460374712944031e-05,0.0
69,69-1:233:79,all,lt16,False,1.0,0.9957424026693552,0.6549814506796297,1.0,0.017545731738209724,0.017529839649796486,0.017501436173915863,0.017531191930174828,1.453980803489685e-05,-1.3522803783416748e-06,-2.975575625896454e-05
69,69-1:233:79,inner_half,lt16,False,1.0,0.9957424026693552,0.6549814506796297,1.0,0.014651427045464516,0.014730672352015972,0.01460327673703432,0.014742002822458744,-9.057577699422836e-05,-1.1330470442771912e-05,-0.00013872608542442322
69,69-1:233:80,all,16to32,False,1.0,0.9974892921015209,0.8267053547230989,1.0,0.020395321771502495,0.020366569980978966,0.020311273634433746,0.020322173833847046,7.314793765544891e-05,4.439614713191986e-05,-1.090019941329956e-05
69,69-1:233:80,inner_half,16to32,False,1.0,0.9974892921015209,0.8267053547230989,1.0,0.02243470773100853,0.02243693917989731,0.02243133634328842,0.02251746505498886,-8.275732398033142e-05,-8.052587509155273e-05,-8.612871170043945e-05
69,69-1:233:81,all,lt16,False,1.0,0.9950220596147039,0.6942238855704432,1.0,0.02695481665432453,0.02726111374795437,0.027020707726478577,0.02703327313065529,-7.845647633075714e-05,0.0002278406172990799,-1.2565404176712036e-05
69,69-1:233:81,inner_half,lt16,False,1.0,0.9950220596147039,0.6942238855704432,1.0,0.032440945506095886,0.03286563605070114,0.032617028802633286,0.03259444981813431,-0.00015350431203842163,0.0002711862325668335,2.257898449897766e-05
69,69-1:233:82,all,lt16,False,1.0,0.9962717133402691,0.6924616858630692,1.0,0.024166719987988472,0.024090789258480072,0.024170678108930588,0.024107523262500763,5.9196725487709045e-05,-1.6734004020690918e-05,6.315484642982483e-05
69,69-1:233:82,inner_half,lt16,False,1.0,0.9962717133402691,0.6924616858630692,1.0,0.026810169219970703,0.026626266539096832,0.02692745253443718,0.02652023173868656,0.00028993748128414154,0.00010603480041027069,0.000407220795750618
69,69-1:233:83,all,16to32,False,1.0,0.9766231187359428,0.8141820708432652,1.0,0.02662230283021927,0.026682984083890915,0.02656802162528038,0.026459218934178352,0.00016308389604091644,0.00022376514971256256,0.00010880269110202789
69,69-1:233:83,inner_half,16to32,False,1.0,0.9766231187359428,0.8141820708432652,1.0,0.03426471725106239,0.03426471725106239,0.0342877134680748,0.03411446511745453,0.00015025213360786438,0.00015025213360786438,0.00017324835062026978
69,69-1:233:84,all,lt16,False,1.0,0.9865470694620907,0.6162228950472255,1.0,0.023498594760894775,0.023452812805771828,0.02349153347313404,0.023511838167905807,-1.3243407011032104e-05,-5.90253621339798e-05,-2.0304694771766663e-05
69,69-1:233:84,inner_half,lt16,False,1.0,0.9865470694620907,0.6162228950472255,1.0,0.020464051514863968,0.020358994603157043,0.020416956394910812,0.020459143444895744,4.908069968223572e-06,-0.00010014884173870087,-4.2187049984931946e-05
69,69-1:233:85,all,16to32,False,1.0,0.9697651771418223,0.8444890939952505,1.0,0.02207932248711586,0.022212756797671318,0.02211667038500309,0.02195553481578827,0.00012378767132759094,0.000257221981883049,0.00016113556921482086
69,69-1:233:85,inner_half,16to32,False,1.0,0.9697651771418223,0.8444890939952505,1.0,0.024287842214107513,0.02437560446560383,0.02407653070986271,0.02432127110660076,-3.3428892493247986e-05,5.4333359003067017e-05,-0.00024474039673805237
69,69-1:233:86,all,lt16,False,1.0,0.9983331267760672,0.8668767744940299,1.0,0.02131124772131443,0.0212746262550354,0.021356023848056793,0.021246828138828278,6.441958248615265e-05,2.7798116207122803e-05,0.00010919570922851562
69,69-1:233:86,inner_half,lt16,False,1.0,0.9983331267760672,0.8668767744940299,1.0,0.02317197620868683,0.023310523480176926,0.02344328537583351,0.02336597442626953,-0.00019399821758270264,-5.545094609260559e-05,7.73109495639801e-05
69,69-1:233:87,all,16to32,False,1.0,0.9954677001925614,0.8426003460504942,1.0,0.01810913160443306,0.018192024901509285,0.0181693397462368,0.018130965530872345,-2.183392643928528e-05,6.105937063694e-05,3.837421536445618e-05
69,69-1:233:87,inner_half,16to32,False,1.0,0.9954677001925614,0.8426003460504942,1.0,0.014927903190255165,0.015134265646338463,0.015136858448386192,0.01532349456101656,-0.0003955913707613945,-0.00018922891467809677,-0.00018663611263036728
69,69-1:233:92,all,ge32,False,1.0,0.8788093221191613,0.8042606418008447,1.0,0.01259392686188221,0.012569751590490341,0.012758292257785797,0.012702574022114277,-0.00010864716023206711,-0.0001328224316239357,5.571823567152023e-05
69,69-1:233:92,inner_half,ge32,False,1.0,0.8788093221191613,0.8042606418008447,1.0,0.009006155654788017,0.00932718999683857,0.00983399897813797,0.009808867238461971,-0.000802711583673954,-0.00048167724162340164,2.5131739675998688e-05
69,69-1:233:93,all,ge32,False,1.0,0.9983107949380386,0.649616472278606,1.0,0.020806405693292618,0.02089114859700203,0.02095533348619938,0.020868483930826187,-6.207823753356934e-05,2.2664666175842285e-05,8.684955537319183e-05
69,69-1:233:93,inner_half,ge32,False,1.0,0.9983107949380386,0.649616472278606,1.0,0.01584935374557972,0.015776310116052628,0.01583465188741684,0.015841055661439896,8.298084139823914e-06,-6.474554538726807e-05,-6.40377402305603e-06
69,69-1:233:94,all,ge32,False,1.0,0.9771090003072755,0.7230555681834545,1.0,0.02444716915488243,0.024499772116541862,0.024470586329698563,0.024410758167505264,3.641098737716675e-05,8.90139490365982e-05,5.982816219329834e-05
69,69-1:233:94,inner_half,ge32,False,1.0,0.9771090003072755,0.7230555681834545,1.0,0.024071069434285164,0.0240632314234972,0.023899592459201813,0.02374088205397129,0.0003301873803138733,0.0003223493695259094,0.00015871040523052216
69,69-1:233:95,all,ge32,False,1.0,0.9635036277811189,0.6711166633978021,1.0,0.02137395739555359,0.021434132009744644,0.021667080000042915,0.021752996370196342,-0.0003790389746427536,-0.0003188643604516983,-8.591637015342712e-05
69,69-1:233:95,inner_half,ge32,False,1.0,0.9635036277811189,0.6711166633978021,1.0,0.01925702765583992,0.019258782267570496,0.019126340746879578,0.01922198012471199,3.504753112792969e-05,3.680214285850525e-05,-9.563937783241272e-05
69,69-1:233:96,all,ge32,True,0.9296875,0.9993586996231802,0.9978723151929754,0.95703125,0.034816205501556396,0.0390869602560997,0.03902503475546837,0.03984317183494568,-0.005026966333389282,-0.0007562115788459778,-0.0008181370794773102
69,69-1:233:96,inner_half,ge32,True,0.9296875,0.9993586996231802,0.9978723151929754,1.0,0.033049777150154114,0.035159267485141754,0.03496303781867027,0.03518243879079819,-0.0021326616406440735,-2.3171305656433105e-05,-0.00021940097212791443
69,69-1:233:97,all,ge32,False,1.0,0.9909040053186859,0.6032088523507191,1.0,0.031151769682765007,0.0312393419444561,0.03058983013033867,0.03071504458785057,0.00043672509491443634,0.0005242973566055298,-0.00012521445751190186
69,69-1:233:97,inner_half,ge32,False,1.0,0.9909040053186859,0.6032088523507191,1.0,0.02825057879090309,0.02885514684021473,0.027762599289417267,0.028020638972520828,0.00022993981838226318,0.0008345078676939011,-0.0002580396831035614
69,69-1:233:98,all,ge32,False,1.0,0.8666006276822883,0.7343837421074342,1.0,0.024513758718967438,0.024612877517938614,0.0245869979262352,0.02469780296087265,-0.0001840442419052124,-8.492544293403625e-05,-0.00011080503463745117
69,69-1:233:98,inner_half,ge32,False,1.0,0.8666006276822883,0.7343837421074342,1.0,0.024097999557852745,0.024132907390594482,0.024226192384958267,0.024124447256326675,-2.644769847393036e-05,8.460134267807007e-06,0.0001017451286315918
69,69-1:233:99,all,ge32,False,1.0,0.9935668914741831,0.6965271535882034,1.0,0.019446609541773796,0.019489098340272903,0.019438989460468292,0.019397370517253876,4.923902451992035e-05,9.172782301902771e-05,4.1618943214416504e-05
69,69-1:233:99,inner_half,ge32,False,1.0,0.9935668914741831,0.6965271535882034,1.0,0.01582629606127739,0.015948744490742683,0.016079112887382507,0.015938851982355118,-0.00011255592107772827,9.892508387565613e-06,0.00014026090502738953
69,69-1:467:0,all,16to32,False,1.0,0.9899264491376055,0.7187867825994527,1.0,0.014392195269465446,0.014395864680409431,0.014352750964462757,0.01436140201985836,3.079324960708618e-05,3.446266055107117e-05,-8.65105539560318e-06
69,69-1:467:0,inner_half,16to32,False,1.0,0.9899264491376055,0.7187867825994527,1.0,0.01960267685353756,0.019572658464312553,0.019574852660298347,0.01960357464849949,-8.977949619293213e-07,-3.0916184186935425e-05,-2.8721988201141357e-05
69,69-1:467:1,all,lt16,False,1.0,0.9916901057194926,0.7666117469652738,1.0,0.012468043714761734,0.012442681938409805,0.01245204173028469,0.01249401830136776,-2.5974586606025696e-05,-5.133636295795441e-05,-4.197657108306885e-05
69,69-1:467:1,inner_half,lt16,False,1.0,0.9916901057194926,0.7666117469652738,1.0,0.014361114241182804,0.014157703146338463,0.0141465337947011,0.014239282347261906,0.00012183189392089844,-8.157920092344284e-05,-9.274855256080627e-05
69,69-1:467:2,all,lt16,False,0.44921875,0.9992123358840921,0.9991109421448132,0.65625,0.05694977939128876,0.06162493675947189,0.06129654869437218,0.06065772846341133,-0.003707949072122574,0.0009672082960605621,0.000638820230960846
69,69-1:467:2,inner_half,lt16,False,0.44921875,0.9992123358840921,0.9991109421448132,0.859375,0.08422240614891052,0.10979297757148743,0.10919395089149475,0.1081082671880722,-0.023885861039161682,0.0016847103834152222,0.0010856837034225464
69,69-1:467:3,all,lt16,True,0.76953125,0.9994605538757219,0.9989726842343034,0.76953125,0.08625748753547668,0.10418742150068283,0.10446571558713913,0.10445822030305862,-0.01820073276758194,-0.00027079880237579346,7.495284080505371e-06
69,69-1:467:3,inner_half,lt16,True,0.76953125,0.9994605538757219,0.9989726842343034,0.296875,0.10118329524993896,0.05930955708026886,0.060047946870326996,0.06051845848560333,0.04066483676433563,-0.0012089014053344727,-0.00047051161527633667
69,69-1:467:4,all,lt16,False,0.015625,0.9999694385917254,0.9976500809203717,0.640625,0.0621267631649971,0.06687965989112854,0.0668322890996933,0.06709903478622437,-0.004972271621227264,-0.0002193748950958252,-0.0002667456865310669
69,69-1:467:4,inner_half,lt16,False,0.015625,0.9999694385917254,0.9976500809203717,0.90625,0.06765134632587433,0.07746392488479614,0.07741497457027435,0.07751592993736267,-0.009864583611488342,-5.200505256652832e-05,-0.00010095536708831787
69,69-1:467:5,all,lt16,False,1.0,0.9830530364455696,0.9351868935543116,1.0,0.1718997359275818,0.17149224877357483,0.1714852750301361,0.17152923345565796,0.0003705024719238281,-3.698468208312988e-05,-4.3958425521850586e-05
69,69-1:467:5,inner_half,lt16,False,1.0,0.9830530364455696,0.9351868935543116,1.0,0.2608445882797241,0.2611374855041504,0.26103675365448,0.26102226972579956,-0.00017768144607543945,0.00011521577835083008,1.4483928680419922e-05
69,69-1:467:6,all,lt16,True,0.7578125,0.9992828930194096,0.9985590043606876,0.9609375,0.07990815490484238,0.05919458717107773,0.05934518203139305,0.05892697721719742,0.02098117768764496,0.00026760995388031006,0.00041820481419563293
69,69-1:467:6,inner_half,lt16,True,0.7578125,0.9992828930194096,0.9985590043606876,1.0,0.08774952590465546,0.052650436758995056,0.052471961826086044,0.05222742259502411,0.03552210330963135,0.00042301416397094727,0.0002445392310619354
69,69-1:467:7,all,16to32,True,0.6796875,0.9993181367146846,0.9991166920569019,0.69140625,0.04182584211230278,0.05318506062030792,0.05311785265803337,0.053382642567157745,-0.011556800454854965,-0.000197581946849823,-0.0002647899091243744
69,69-1:467:7,inner_half,16to32,True,0.6796875,0.9993181367146846,0.9991166920569019,0.671875,0.06549327075481415,0.05823545157909393,0.05823720246553421,0.059091076254844666,0.006402194499969482,-0.0008556246757507324,-0.0008538737893104553
69,69-1:467:8,all,lt16,True,0.94140625,0.997053753802546,0.9980027896380863,0.96484375,0.06466363370418549,0.0643603578209877,0.06474155932664871,0.06498660892248154,-0.000322975218296051,-0.0006262511014938354,-0.0002450495958328247
69,69-1:467:8,inner_half,lt16,True,0.94140625,0.997053753802546,0.9980027896380863,0.859375,0.09844648092985153,0.07992089539766312,0.08016304671764374,0.08096067607402802,0.017485804855823517,-0.0010397806763648987,-0.0007976293563842773
69,69-1:467:9,all,lt16,False,1.0,0.9957508747267707,0.8920099770475926,1.0,0.029910413548350334,0.029931414872407913,0.029949987307190895,0.03001466579735279,-0.00010425224900245667,-8.325092494487762e-05,-6.467849016189575e-05
69,69-1:467:9,inner_half,lt16,False,1.0,0.9957508747267707,0.8920099770475926,1.0,0.0539909191429615,0.05406200513243675,0.05410232022404671,0.0539923757314682,-1.4565885066986084e-06,6.962940096855164e-05,0.00010994449257850647
69,69-1:467:10,all,lt16,False,1.0,0.9983164834567256,0.9927291830179311,1.0,0.12317557632923126,0.11648859083652496,0.11651311814785004,0.11641035228967667,0.006765224039554596,7.823854684829712e-05,0.00010276585817337036
69,69-1:467:10,inner_half,lt16,False,1.0,0.9983164834567256,0.9927291830179311,1.0,0.13128021359443665,0.12758135795593262,0.1275494247674942,0.128051295876503,0.003228917717933655,-0.00046993792057037354,-0.0005018711090087891
69,69-1:467:11,all,lt16,True,0.90234375,0.9952656246479342,0.9954546572696616,0.9609375,0.09432069957256317,0.08808225393295288,0.08797389268875122,0.08779355138540268,0.006527148187160492,0.0002887025475502014,0.00018034130334854126
69,69-1:467:11,inner_half,lt16,True,0.90234375,0.9952656246479342,0.9954546572696616,1.0,0.12953779101371765,0.11104652285575867,0.11039504408836365,0.10850977897644043,0.02102801203727722,0.0025367438793182373,0.0018852651119232178
69,69-1:467:12,all,16to32,True,1.0,0.9942909135710222,0.9964189869666473,1.0,0.07971055060625076,0.06251686811447144,0.06334467977285385,0.06259126961231232,0.017119280993938446,-7.440149784088135e-05,0.0007534101605415344
69,69-1:467:12,inner_half,16to32,True,1.0,0.9942909135710222,0.9964189869666473,1.0,0.1270093023777008,0.08662113547325134,0.08656205236911774,0.08774234354496002,0.039266958832740784,-0.0011212080717086792,-0.0011802911758422852
69,69-1:467:13,all,16to32,True,0.59765625,0.9998124300173917,0.9998252507558528,0.65234375,0.0623130239546299,0.07303132861852646,0.07348291575908661,0.0749259740114212,-0.012612950056791306,-0.0018946453928947449,-0.0014430582523345947
69,69-1:467:13,inner_half,16to32,True,0.59765625,0.9998124300173917,0.9998252507558528,0.953125,0.09149350970983505,0.09139225631952286,0.09159038960933685,0.09280812740325928,-0.0013146176934242249,-0.0014158710837364197,-0.0012177377939224243
69,69-1:467:14,all,lt16,False,1.0,0.9929289965788198,0.8292916241902852,1.0,0.013480526395142078,0.013501739129424095,0.013506111688911915,0.013465207070112228,1.5319325029850006e-05,3.653205931186676e-05,4.090461879968643e-05
69,69-1:467:14,inner_half,lt16,False,1.0,0.9929289965788198,0.8292916241902852,1.0,0.01810360513627529,0.018056850880384445,0.017993483692407608,0.01802421733736992,7.938779890537262e-05,3.263354301452637e-05,-3.073364496231079e-05
69,69-1:467:15,all,lt16,True,0.9921875,0.999065360348899,0.9996844487028436,0.9921875,0.0834498181939125,0.08313340693712234,0.08319907635450363,0.08304207026958466,0.00040774792432785034,9.133666753768921e-05,0.00015700608491897583
69,69-1:467:15,inner_half,lt16,True,0.9921875,0.999065360348899,0.9996844487028436,1.0,0.12286204099655151,0.115862175822258,0.11585244536399841,0.11668696999549866,0.0061750710010528564,-0.0008247941732406616,-0.0008345246315002441
69,69-1:467:16,all,lt16,True,0.9296875,0.9989636934965159,0.9963068636541839,1.0,0.07312382757663727,0.07663584500551224,0.07656595855951309,0.07664192467927933,-0.0035180971026420593,-6.079673767089844e-06,-7.596611976623535e-05
69,69-1:467:16,inner_half,lt16,True,0.9296875,0.9989636934965159,0.9963068636541839,1.0,0.07979688048362732,0.08513392508029938,0.08532106131315231,0.08549995720386505,-0.005703076720237732,-0.00036603212356567383,-0.00017889589071273804
69,69-1:467:17,all,16to32,False,1.0,0.9835884582461671,0.7238740508322405,1.0,0.016454899683594704,0.016277674585580826,0.016259077936410904,0.016449280083179474,5.619600415229797e-06,-0.00017160549759864807,-0.00019020214676856995
69,69-1:467:17,inner_half,16to32,False,1.0,0.9835884582461671,0.7238740508322405,1.0,0.01297394186258316,0.012886177748441696,0.012886177748441696,0.012874869629740715,9.907223284244537e-05,1.130811870098114e-05,1.130811870098114e-05
69,69-1:467:18,all,lt16,False,1.0,0.9969479924262472,0.8101889252584488,1.0,0.02313127927482128,0.023135408759117126,0.023069914430379868,0.023139476776123047,-8.197501301765442e-06,-4.06801700592041e-06,-6.956234574317932e-05
69,69-1:467:18,inner_half,lt16,False,1.0,0.9969479924262472,0.8101889252584488,1.0,0.033782124519348145,0.03381703048944473,0.03342588618397713,0.033824607729911804,-4.248321056365967e-05,-7.577240467071533e-06,-0.0003987215459346771
69,69-1:467:19,all,lt16,False,1.0,0.96071265998868,0.9340106169689675,1.0,0.024924609810113907,0.024647478014230728,0.024957062676548958,0.024867359548807144,5.7250261306762695e-05,-0.00021988153457641602,8.970312774181366e-05
69,69-1:467:19,inner_half,lt16,False,1.0,0.96071265998868,0.9340106169689675,1.0,0.021491754800081253,0.021493809297680855,0.021547645330429077,0.02156362310051918,-7.186830043792725e-05,-6.98138028383255e-05,-1.597777009010315e-05
69,69-1:467:20,all,lt16,True,0.58984375,0.996590720007063,0.997948431875448,1.0,0.10081715881824493,0.11539702117443085,0.11646924912929535,0.11641271412372589,-0.015595555305480957,-0.001015692949295044,5.653500556945801e-05
69,69-1:467:20,inner_half,lt16,True,0.58984375,0.996590720007063,0.997948431875448,1.0,0.1031443327665329,0.11879220604896545,0.11877194046974182,0.11888370662927628,-0.015739373862743378,-9.150058031082153e-05,-0.00011176615953445435
69,69-1:467:21,all,lt16,False,1.0,0.9960291398168577,0.7992758294107423,1.0,0.024953331798315048,0.024738483130931854,0.024748599156737328,0.024702537804841995,0.000250793993473053,3.594532608985901e-05,4.6061351895332336e-05
69,69-1:467:21,inner_half,lt16,False,1.0,0.9960291398168577,0.7992758294107423,1.0,0.023245736956596375,0.023245736956596375,0.022864606231451035,0.02302616834640503,0.00021956861019134521,0.00021956861019134521,-0.00016156211495399475
69,69-1:467:22,all,lt16,False,1.0,0.8373753829242474,0.9985968421780929,1.0,0.05582080036401749,0.052435681223869324,0.05215423181653023,0.052154019474983215,0.0036667808890342712,0.0002816617488861084,2.123415470123291e-07
69,69-1:467:22,inner_half,lt16,False,1.0,0.8373753829242474,0.9985968421780929,1.0,0.11461061984300613,0.10535244643688202,0.10432278364896774,0.10434755682945251,0.01026306301355362,0.0010048896074295044,-2.477318048477173e-05
69,69-1:467:23,all,lt16,False,1.0,0.9151256185344495,0.7958877179909265,1.0,0.01980132795870304,0.01989108696579933,0.01988188549876213,0.019930407404899597,-0.0001290794461965561,-3.93204391002655e-05,-4.852190613746643e-05
69,69-1:467:23,inner_half,lt16,False,1.0,0.9151256185344495,0.7958877179909265,1.0,0.0164034366607666,0.016457293182611465,0.016198212280869484,0.016417181119322777,-1.3744458556175232e-05,4.011206328868866e-05,-0.00021896883845329285
69,69-1:467:24,all,lt16,False,1.0,0.9969758347611174,0.8193658559218603,1.0,0.026222798973321915,0.026240317150950432,0.02621588297188282,0.026229513809084892,-6.7148357629776e-06,1.080334186553955e-05,-1.3630837202072144e-05
69,69-1:467:24,inner_half,lt16,False,1.0,0.9969758347611174,0.8193658559218603,1.0,0.024746164679527283,0.02467990666627884,0.024582169950008392,0.024582169950008392,0.00016399472951889038,9.773671627044678e-05,0.0
69,69-1:467:25,all,lt16,False,0.33203125,0.999664557320513,0.9988343266784567,0.65625,0.11124352365732193,0.08818327635526657,0.08818700164556503,0.08911670744419098,0.02212681621313095,-0.000933431088924408,-0.000929705798625946
69,69-1:467:25,inner_half,lt16,False,0.33203125,0.999664557320513,0.9988343266784567,0.59375,0.16399447619915009,0.18450678884983063,0.18464048206806183,0.18415826559066772,-0.02016378939151764,0.00034852325916290283,0.000482216477394104
69,69-1:467:26,all,lt16,True,0.546875,0.9998994134003221,0.9997062459422853,0.73828125,0.033345215022563934,0.04134811460971832,0.04134858772158623,0.04121658578515053,-0.007871370762586594,0.0001315288245677948,0.00013200193643569946
69,69-1:467:26,inner_half,lt16,True,0.546875,0.9998994134003221,0.9997062459422853,0.90625,0.028216516599059105,0.03483203053474426,0.03483203053474426,0.035567235201597214,-0.007350718602538109,-0.000735204666852951,-0.000735204666852951
69,69-1:467:27,all,lt16,False,1.0,0.9992938969429432,0.7860330493214213,1.0,0.05417211726307869,0.05405297875404358,0.05405599623918533,0.0540718212723732,0.00010029599070549011,-1.884251832962036e-05,-1.582503318786621e-05
69,69-1:467:27,inner_half,lt16,False,1.0,0.9992938969429432,0.7860330493214213,1.0,0.08457359671592712,0.08419889211654663,0.08419889211654663,0.0842139720916748,0.00035962462425231934,-1.5079975128173828e-05,-1.5079975128173828e-05
69,69-1:467:28,all,lt16,True,0.625,0.9919652197452968,0.9979648931490266,1.0,0.12674446403980255,0.1106545701622963,0.11174572259187698,0.11015583574771881,0.01658862829208374,0.0004987344145774841,0.0015898868441581726
69,69-1:467:28,inner_half,lt16,True,0.625,0.9919652197452968,0.9979648931490266,1.0,0.16119909286499023,0.1135893166065216,0.11389211565256119,0.11010435223579407,0.05109474062919617,0.003484964370727539,0.0037877634167671204
69,69-1:467:29,all,lt16,True,0.62109375,0.9999293169060275,0.9998225574037143,0.6796875,0.07063227891921997,0.08079742640256882,0.08089230209589005,0.08109701424837112,-0.010464735329151154,-0.00029958784580230713,-0.0002047121524810791
69,69-1:467:29,inner_half,lt16,True,0.62109375,0.9999293169060275,0.9998225574037143,0.984375,0.09579041600227356,0.09671308845281601,0.09683901816606522,0.09920784831047058,-0.0034174323081970215,-0.0024947598576545715,-0.002368830144405365
69,69-1:467:30,all,lt16,False,0.43359375,0.9994505717903419,0.9989742624395911,0.6953125,0.1107325404882431,0.05469118431210518,0.05465027317404747,0.05596074089407921,0.054771799594163895,-0.0012695565819740295,-0.0013104677200317383
69,69-1:467:30,inner_half,lt16,False,0.43359375,0.9994505717903419,0.9989742624395911,0.4375,0.29119065403938293,0.08277411013841629,0.08277411013841629,0.08577022701501846,0.20542042702436447,-0.002996116876602173,-0.002996116876602173
69,69-1:467:31,all,16to32,False,1.0,0.9730472421507632,0.9534637722220307,1.0,0.062006860971450806,0.06251177191734314,0.06263542175292969,0.06265653669834137,-0.000649675726890564,-0.00014476478099822998,-2.111494541168213e-05
69,69-1:467:31,inner_half,16to32,False,1.0,0.9730472421507632,0.9534637722220307,1.0,0.0407848097383976,0.0408768430352211,0.040872830897569656,0.040769271552562714,1.5538185834884644e-05,0.00010757148265838623,0.00010355934500694275
69,69-1:467:32,all,lt16,True,0.609375,0.9998697807102976,0.9997839044988036,0.69140625,0.02301802672445774,0.02939336933195591,0.029315771535038948,0.028688926249742508,-0.005670899525284767,0.0007044430822134018,0.0006268452852964401
69,69-1:467:32,inner_half,lt16,True,0.609375,0.9998697807102976,0.9997839044988036,0.96875,0.03135490417480469,0.03015119582414627,0.03022466041147709,0.029224567115306854,0.0021303370594978333,0.0009266287088394165,0.0010000932961702347
69,69-1:467:33,all,lt16,True,0.61328125,0.9996554143688405,0.9997593547472465,0.7109375,0.1372433602809906,0.10656675696372986,0.10820583999156952,0.10843207687139511,0.02881128340959549,-0.0018653199076652527,-0.00022623687982559204
69,69-1:467:33,inner_half,lt16,True,0.61328125,0.9996554143688405,0.9997593547472465,0.6875,0.11140885204076767,0.09754978865385056,0.09754978865385056,0.09792856872081757,0.013480283319950104,-0.0003787800669670105,-0.0003787800669670105
69,69-1:467:34,all,lt16,False,1.0,0.9959264984425191,0.8033422117732666,1.0,0.024472922086715698,0.02433372661471367,0.02433372661471367,0.024472013115882874,9.08970832824707e-07,-0.0001382865011692047,-0.0001382865011692047
69,69-1:467:34,inner_half,lt16,False,1.0,0.9959264984425191,0.8033422117732666,1.0,0.026260672137141228,0.026061348617076874,0.026061348617076874,0.026387866586446762,-0.00012719444930553436,-0.0003265179693698883,-0.0003265179693698883
69,69-1:467:35,all,lt16,False,1.0,0.9993536955525211,0.9619829839024893,1.0,0.012364417314529419,0.012452667579054832,0.012435125187039375,0.012404149398207664,-3.9732083678245544e-05,4.851818084716797e-05,3.0975788831710815e-05
69,69-1:467:35,inner_half,lt16,False,1.0,0.9993536955525211,0.9619829839024893,1.0,0.010819260030984879,0.010728904977440834,0.010736742988228798,0.010738578625023365,8.068140596151352e-05,-9.673647582530975e-06,-1.8356367945671082e-06
69,69-1:467:36,all,lt16,False,1.0,0.996684956517336,0.7146140426936707,1.0,0.1028086245059967,0.10310805588960648,0.10276076197624207,0.1027599573135376,4.8667192459106445e-05,0.0003480985760688782,8.046627044677734e-07
69,69-1:467:36,inner_half,lt16,False,1.0,0.996684956517336,0.7146140426936707,1.0,0.1585656702518463,0.15913359820842743,0.15856285393238068,0.15856285393238068,2.816319465637207e-06,0.0005707442760467529,0.0
69,69-1:467:52,all,lt16,False,1.0,0.9860382976917953,0.5668606343635385,1.0,0.024630453437566757,0.024830523878335953,0.024877246469259262,0.025036200881004333,-0.0004057474434375763,-0.00020567700266838074,-0.0001589544117450714
69,69-1:467:52,inner_half,lt16,False,1.0,0.9860382976917953,0.5668606343635385,1.0,0.03196389228105545,0.032156553119421005,0.03218413516879082,0.032741572707891464,-0.0007776804268360138,-0.000585019588470459,-0.000557437539100647
69,69-1:467:53,all,lt16,False,1.0,0.8339503064058384,0.9595502188241477,1.0,0.03185253590345383,0.03189000487327576,0.031799301505088806,0.031904853880405426,-5.231797695159912e-05,-1.484900712966919e-05,-0.00010555237531661987
69,69-1:467:53,inner_half,lt16,False,1.0,0.8339503064058384,0.9595502188241477,1.0,0.039977408945560455,0.04021664336323738,0.039022888988256454,0.039802081882953644,0.00017532706260681152,0.0004145614802837372,-0.0007791928946971893
69,69-1:467:54,all,lt16,False,1.0,0.9967586148768073,0.9654860821517992,1.0,0.014812745153903961,0.014821890741586685,0.014771437272429466,0.014746509492397308,6.623566150665283e-05,7.538124918937683e-05,2.4927780032157898e-05
69,69-1:467:54,inner_half,lt16,False,1.0,0.9967586148768073,0.9654860821517992,1.0,0.017757799476385117,0.017770864069461823,0.017733445391058922,0.017733445391058922,2.4354085326194763e-05,3.7418678402900696e-05,0.0
69,69-1:467:55,all,16to32,False,1.0,0.9982073649708949,0.8827812721062764,1.0,0.01793116331100464,0.018214233219623566,0.018129754811525345,0.01821363903582096,-0.0002824757248163223,5.941838026046753e-07,-8.388422429561615e-05
69,69-1:467:55,inner_half,16to32,False,1.0,0.9982073649708949,0.8827812721062764,1.0,0.02182164415717125,0.022372614592313766,0.021907949820160866,0.02251509018242359,-0.0006934460252523422,-0.00014247559010982513,-0.0006071403622627258
69,69-1:467:56,all,lt16,False,1.0,0.9809022730824674,0.5749667409468874,1.0,0.027958713471889496,0.028073154389858246,0.027865102514624596,0.028155617415905,-0.00019690394401550293,-8.246302604675293e-05,-0.00029051490128040314
69,69-1:467:56,inner_half,lt16,False,1.0,0.9809022730824674,0.5749667409468874,1.0,0.025315405800938606,0.025326155126094818,0.02505931816995144,0.02537522464990616,-5.9818848967552185e-05,-4.906952381134033e-05,-0.00031590647995471954
69,69-1:467:57,all,16to32,False,1.0,0.9670431774628333,0.8100648735758453,1.0,0.017283573746681213,0.017245372757315636,0.017488401383161545,0.017537858337163925,-0.0002542845904827118,-0.0002924855798482895,-4.945695400238037e-05
69,69-1:467:57,inner_half,16to32,False,1.0,0.9670431774628333,0.8100648735758453,1.0,0.02384910359978676,0.023768022656440735,0.024458756670355797,0.024571292102336884,-0.0007221885025501251,-0.0008032694458961487,-0.00011253543198108673
69,69-1:467:58,all,lt16,False,1.0,0.9869105133531264,0.9015052619070077,1.0,0.024367311969399452,0.024446118623018265,0.02449725568294525,0.024566756561398506,-0.00019944459199905396,-0.0001206379383802414,-6.95008784532547e-05
69,69-1:467:58,inner_half,lt16,False,1.0,0.9869105133531264,0.9015052619070077,1.0,0.018846221268177032,0.01879284530878067,0.019045701250433922,0.019189752638339996,-0.00034353137016296387,-0.00039690732955932617,-0.00014405138790607452
69,69-1:467:59,all,lt16,False,1.0,0.9929804267986178,0.7487063328767952,1.0,0.02015528455376625,0.020121993497014046,0.019923174753785133,0.019963476806879044,0.00019180774688720703,0.00015851669013500214,-4.030205309391022e-05
69,69-1:467:59,inner_half,lt16,False,1.0,0.9929804267986178,0.7487063328767952,1.0,0.021352112293243408,0.021689239889383316,0.021275639533996582,0.021479785442352295,-0.00012767314910888672,0.00020945444703102112,-0.0002041459083557129
69,69-1:467:60,all,lt16,False,1.0,0.9531922501677004,0.9468378219474162,1.0,0.02647392824292183,0.026764733716845512,0.026667829602956772,0.026780053973197937,-0.0003061257302761078,-1.532025635242462e-05,-0.00011222437024116516
69,69-1:467:60,inner_half,lt16,False,1.0,0.9531922501677004,0.9468378219474162,1.0,0.020119164139032364,0.02032470889389515,0.020844964310526848,0.0207010917365551,-0.0005819275975227356,-0.00037638284265995026,0.00014387257397174835
69,69-1:467:61,all,lt16,False,1.0,0.9938990194113296,0.7853577680556604,1.0,0.02451997622847557,0.024469733238220215,0.024158896878361702,0.02427409030497074,0.0002458859235048294,0.00019564293324947357,-0.0001151934266090393
69,69-1:467:61,inner_half,lt16,False,1.0,0.9938990194113296,0.7853577680556604,1.0,0.0272979736328125,0.0274876207113266,0.027117857709527016,0.027388107031583786,-9.013339877128601e-05,9.951367974281311e-05,-0.0002702493220567703
69,69-1:467:62,all,lt16,False,1.0,0.9961118914753795,0.8587292768303418,1.0,0.026614122092723846,0.02652687393128872,0.026519929990172386,0.026542430743575096,7.16913491487503e-05,-1.5556812286376953e-05,-2.250075340270996e-05
69,69-1:467:62,inner_half,lt16,False,1.0,0.9961118914753795,0.8587292768303418,1.0,0.03234035521745682,0.032417867332696915,0.03240823373198509,0.03217986971139908,0.00016048550605773926,0.0002379976212978363,0.0002283640205860138
69,69-1:467:63,all,lt16,False,1.0,0.9911140239493003,0.7526845168849999,1.0,0.028839606791734695,0.028790242969989777,0.028795592486858368,0.028759483247995377,8.012354373931885e-05,3.0759721994400024e-05,3.610923886299133e-05
69,69-1:467:63,inner_half,lt16,False,1.0,0.9911140239493003,0.7526845168849999,1.0,0.034498825669288635,0.034510716795921326,0.0344047024846077,0.03452591598033905,-2.709031105041504e-05,-1.519918441772461e-05,-0.00012121349573135376
69,69-1:467:64,all,lt16,False,1.0,0.9987618851480136,0.7477882306558924,1.0,0.015081619843840599,0.015033839270472527,0.01503842230886221,0.015062352642416954,1.926720142364502e-05,-2.851337194442749e-05,-2.393033355474472e-05
69,69-1:467:64,inner_half,lt16,False,1.0,0.9987618851480136,0.7477882306558924,1.0,0.017662718892097473,0.017635731026530266,0.017602181062102318,0.01764843612909317,1.4282763004302979e-05,-1.2705102562904358e-05,-4.6255066990852356e-05
69,69-1:467:65,all,16to32,False,1.0,0.9943791725933333,0.8347924178317422,1.0,0.021053943783044815,0.021035747602581978,0.021021120250225067,0.02107495814561844,-2.1014362573623657e-05,-3.9210543036460876e-05,-5.383789539337158e-05
69,69-1:467:65,inner_half,16to32,False,1.0,0.9943791725933333,0.8347924178317422,1.0,0.0285831056535244,0.028887305408716202,0.028887305408716202,0.028598127886652946,-1.5022233128547668e-05,0.0002891775220632553,0.0002891775220632553
69,69-1:467:66,all,lt16,False,1.0,0.9996590720429267,0.8700291441127656,1.0,0.022954890504479408,0.022715527564287186,0.022766510024666786,0.02279648929834366,0.00015840120613574982,-8.096173405647278e-05,-2.9979273676872253e-05
69,69-1:467:66,inner_half,lt16,False,1.0,0.9996590720429267,0.8700291441127656,1.0,0.03311673924326897,0.03249118849635124,0.03270018473267555,0.03270108252763748,0.000415656715631485,-0.00020989403128623962,-8.977949619293213e-07
69,69-1:467:67,all,lt16,False,1.0,0.9722144851082964,0.9420811508731557,1.0,0.025585778057575226,0.025499610230326653,0.0257057324051857,0.025658415630459785,-7.263757288455963e-05,-0.00015880540013313293,4.7316774725914e-05
69,69-1:467:67,inner_half,lt16,False,1.0,0.9722144851082964,0.9420811508731557,1.0,0.03945876657962799,0.03944963216781616,0.03940698876976967,0.03940698876976967,5.1777809858322144e-05,4.264339804649353e-05,0.0
69,69-1:467:68,all,lt16,False,1.0,0.9883701575713818,0.8964408078634882,1.0,0.020451121032238007,0.020337603986263275,0.02034800872206688,0.020403988659381866,4.713237285614014e-05,-6.638467311859131e-05,-5.597993731498718e-05
69,69-1:467:68,inner_half,lt16,False,1.0,0.9883701575713818,0.8964408078634882,1.0,0.02251317724585533,0.022495105862617493,0.022360609844326973,0.022417057305574417,9.61199402809143e-05,7.804855704307556e-05,-5.644746124744415e-05
69,69-1:467:69,all,lt16,False,1.0,0.9833516322513299,0.7012365039959271,1.0,0.016192367300391197,0.016154229640960693,0.015888044610619545,0.015429242514073849,0.0007631247863173485,0.0007249871268868446,0.00045880209654569626
69,69-1:467:69,inner_half,lt16,False,1.0,0.9833516322513299,0.7012365039959271,1.0,0.015233080834150314,0.015139095485210419,0.014965244568884373,0.015055520460009575,0.00017756037414073944,8.357502520084381e-05,-9.027589112520218e-05
69,69-1:467:70,all,lt16,False,1.0,0.9998766774255426,0.9747632424949465,1.0,0.02052328549325466,0.02078673429787159,0.020771341398358345,0.02081163600087166,-0.00028835050761699677,-2.4901703000068665e-05,-4.0294602513313293e-05
69,69-1:467:70,inner_half,lt16,False,1.0,0.9998766774255426,0.9747632424949465,1.0,0.02488124556839466,0.025116868317127228,0.02509133704006672,0.025207385420799255,-0.0003261398524045944,-9.051710367202759e-05,-0.00011604838073253632
69,69-1:467:71,all,16to32,False,1.0,0.9957399784159182,0.5886147561911075,1.0,0.016339877620339394,0.01622585952281952,0.016303375363349915,0.0162850059568882,5.487166345119476e-05,-5.914643406867981e-05,1.8369406461715698e-05
69,69-1:467:71,inner_half,16to32,False,1.0,0.9957399784159182,0.5886147561911075,1.0,0.02075869031250477,0.02002234011888504,0.02032514289021492,0.019989151507616043,0.0007695388048887253,3.318861126899719e-05,0.00033599138259887695
69,69-1:467:72,all,lt16,False,1.0,0.98502196378132,0.6533530015975151,1.0,0.014926858246326447,0.014845622703433037,0.014832323417067528,0.014800235629081726,0.00012662261724472046,4.538707435131073e-05,3.20877879858017e-05
69,69-1:467:72,inner_half,lt16,False,1.0,0.98502196378132,0.6533530015975151,1.0,0.011970971710979939,0.012046568095684052,0.011956650763750076,0.01192108727991581,4.9884431064128876e-05,0.00012548081576824188,3.556348383426666e-05
69,69-1:467:73,all,lt16,False,1.0,0.9919396550547166,0.6971757406631329,1.0,0.03138335794210434,0.031430862843990326,0.03141417354345322,0.03129814192652702,8.521601557731628e-05,0.0001327209174633026,0.00011603161692619324
69,69-1:467:73,inner_half,lt16,False,1.0,0.9919396550547166,0.6971757406631329,1.0,0.05015822872519493,0.05052589625120163,0.05033690482378006,0.05083829537034035,-0.0006800666451454163,-0.00031239911913871765,-0.0005013905465602875
69,69-1:467:74,all,lt16,False,1.0,0.9834117072098103,0.5593405054671561,1.0,0.015771720558404922,0.015898890793323517,0.01593644544482231,0.016014255583286285,-0.00024253502488136292,-0.00011536478996276855,-7.7810138463974e-05
69,69-1:467:74,inner_half,lt16,False,1.0,0.9834117072098103,0.5593405054671561,1.0,0.016102248802781105,0.01620074175298214,0.016111822798848152,0.01617136225104332,-6.911344826221466e-05,2.9379501938819885e-05,-5.953945219516754e-05
69,69-1:467:75,all,lt16,False,1.0,0.9734940198649781,0.8015444902113312,1.0,0.013319741003215313,0.013430476188659668,0.013045920059084892,0.012413837015628815,0.0009059039875864983,0.0010166391730308533,0.0006320830434560776
69,69-1:467:75,inner_half,lt16,False,1.0,0.9734940198649781,0.8015444902113312,1.0,0.008918732404708862,0.008939376100897789,0.008780984207987785,0.008867490105330944,5.1242299377918243e-05,7.188599556684494e-05,-8.650589734315872e-05
69,69-1:467:87,all,ge32,False,1.0,0.9317970564070556,0.6041499467811627,1.0,0.014982795342803001,0.015270333737134933,0.015473250299692154,0.0154249407351017,-0.0004421453922986984,-0.00015460699796676636,4.83095645904541e-05
69,69-1:467:87,inner_half,ge32,False,1.0,0.9317970564070556,0.6041499467811627,1.0,0.009868372231721878,0.010288753546774387,0.010284166783094406,0.010303553193807602,-0.0004351809620857239,-1.4799647033214569e-05,-1.93864107131958e-05
69,69-1:467:88,all,16to32,False,1.0,0.9945250128723654,0.6788212955165494,1.0,0.025330130010843277,0.02512422204017639,0.025115709751844406,0.02496505156159401,0.0003650784492492676,0.0001591704785823822,0.00015065819025039673
69,69-1:467:88,inner_half,16to32,False,1.0,0.9945250128723654,0.6788212955165494,1.0,0.03432578593492508,0.034170445054769516,0.034170445054769516,0.03389153629541397,0.0004342496395111084,0.00027890875935554504,0.00027890875935554504
69,69-1:467:89,all,16to32,False,1.0,0.9913466410416282,0.783129724792451,1.0,0.02121981978416443,0.021323369815945625,0.021605562418699265,0.02161804959177971,-0.00039822980761528015,-0.00029467977583408356,-1.2487173080444336e-05
69,69-1:467:89,inner_half,16to32,False,1.0,0.9913466410416282,0.783129724792451,1.0,0.017053205519914627,0.017022229731082916,0.01699198968708515,0.017053645104169846,-4.3958425521850586e-07,-3.141537308692932e-05,-6.165541708469391e-05
69,69-1:467:90,all,ge32,False,1.0,0.9780506769697104,0.7726365306430714,1.0,0.025058258324861526,0.02523554489016533,0.025080248713493347,0.025131329894065857,-7.307156920433044e-05,0.00010421499609947205,-5.1081180572509766e-05
69,69-1:467:90,inner_half,ge32,False,1.0,0.9780506769697104,0.7726365306430714,1.0,0.019714396446943283,0.019569426774978638,0.019734283909201622,0.019672848284244537,4.154816269874573e-05,-0.00010342150926589966,6.143562495708466e-05
69,69-1:467:91,all,16to32,False,1.0,0.997044503553343,0.6732966150658054,1.0,0.027181778103113174,0.027156835421919823,0.027036430314183235,0.027014661580324173,0.00016711652278900146,0.00014217384159564972,2.1768733859062195e-05
69,69-1:467:91,inner_half,16to32,False,1.0,0.997044503553343,0.6732966150658054,1.0,0.027280542999505997,0.027427665889263153,0.027301903814077377,0.027452655136585236,-0.0001721121370792389,-2.498924732208252e-05,-0.00015075132250785828
69,69-1:467:92,all,ge32,False,1.0,0.9866034071218098,0.8630566338022168,1.0,0.027062244713306427,0.027363846078515053,0.02707638218998909,0.027231339365243912,-0.00016909465193748474,0.00013250671327114105,-0.00015495717525482178
69,69-1:467:92,inner_half,ge32,False,1.0,0.9866034071218098,0.8630566338022168,1.0,0.03105137124657631,0.031586743891239166,0.03151131048798561,0.03155423328280449,-0.0005028620362281799,3.2510608434677124e-05,-4.2922794818878174e-05
69,69-1:467:93,all,16to32,False,0.921875,0.9995709532778305,0.8136727450862797,0.953125,0.023259785026311874,0.02362675406038761,0.023297857493162155,0.023489171639084816,-0.0002293866127729416,0.0001375824213027954,-0.00019131414592266083
69,69-1:467:93,inner_half,16to32,False,0.921875,0.9995709532778305,0.8136727450862797,1.0,0.017661157995462418,0.01803915575146675,0.018193360418081284,0.018353167921304703,-0.0006920099258422852,-0.00031401216983795166,-0.0001598075032234192
69,69-1:467:94,all,ge32,True,0.7734375,0.9999396605054561,0.9987287639329239,0.8125,0.037509314715862274,0.03281981870532036,0.03293335437774658,0.032659318298101425,0.004849996417760849,0.0001605004072189331,0.00027403607964515686
69,69-1:467:94,inner_half,ge32,True,0.7734375,0.9999396605054561,0.9987287639329239,1.0,0.016526881605386734,0.015586644411087036,0.015587961301207542,0.015419135801494122,0.0011077458038926125,0.00016750860959291458,0.00016882549971342087
69,69-1:467:95,all,ge32,False,1.0,0.9876029798858886,0.7533612813610582,1.0,0.01227492280304432,0.012088286690413952,0.012220550328493118,0.012118225917220116,0.0001566968858242035,-2.9939226806163788e-05,0.00010232441127300262
69,69-1:467:95,inner_half,ge32,False,1.0,0.9876029798858886,0.7533612813610582,1.0,0.013429708778858185,0.013307260349392891,0.013302132487297058,0.013413291424512863,1.6417354345321655e-05,-0.00010603107511997223,-0.00011115893721580505
69,69-2:233:0,all,lt16,True,0.8359375,0.7053030172320846,0.9989322812973179,0.8359375,0.04657910391688347,0.046259090304374695,0.04778333380818367,0.04788598418235779,-0.0013068802654743195,-0.0016268938779830933,-0.00010265037417411804
69,69-2:233:0,inner_half,lt16,True,0.8359375,0.7053030172320846,0.9989322812973179,0.71875,0.08487286418676376,0.08202807605266571,0.08467598259449005,0.08508801460266113,-0.00021515041589736938,-0.0030599385499954224,-0.00041203200817108154
69,69-2:233:1,all,lt16,False,1.0,0.9989376276632937,0.8725530773759728,1.0,0.03280286490917206,0.032722488045692444,0.0327199250459671,0.032778576016426086,2.428889274597168e-05,-5.608797073364258e-05,-5.8650970458984375e-05
69,69-2:233:1,inner_half,lt16,False,1.0,0.9989376276632937,0.8725530773759728,1.0,0.041919104754924774,0.04171731323003769,0.041675765067338943,0.041744381189346313,0.0001747235655784607,-2.7067959308624268e-05,-6.861612200737e-05
69,69-2:233:2,all,lt16,False,1.0,0.9984595974236548,0.849311399374205,1.0,0.03441242501139641,0.03449356555938721,0.03401942178606987,0.034502141177654266,-8.971616625785828e-05,-8.575618267059326e-06,-0.00048271939158439636
69,69-2:233:2,inner_half,lt16,False,1.0,0.9984595974236548,0.849311399374205,1.0,0.050478383898735046,0.05049823224544525,0.048889197409152985,0.050588786602020264,-0.00011040270328521729,-9.055435657501221e-05,-0.001699589192867279
69,69-2:233:3,all,lt16,False,1.0,0.999768595413972,0.7041543125656551,1.0,0.08317521959543228,0.08321917057037354,0.08322746306657791,0.08306709676980972,0.0001081228256225586,0.00015207380056381226,0.00016036629676818848
69,69-2:233:3,inner_half,lt16,False,1.0,0.999768595413972,0.7041543125656551,1.0,0.09874223172664642,0.09874088317155838,0.09872572124004364,0.09850536286830902,0.00023686885833740234,0.00023552030324935913,0.00022035837173461914
69,69-2:233:4,all,lt16,False,1.0,0.9945729468110892,0.881162184727612,1.0,0.05584237724542618,0.05590203031897545,0.05577465146780014,0.055880047380924225,-3.7670135498046875e-05,2.1982938051223755e-05,-0.00010539591312408447
69,69-2:233:4,inner_half,lt16,False,1.0,0.9945729468110892,0.881162184727612,1.0,0.06569359451532364,0.06440669298171997,0.06430941820144653,0.06431318819522858,0.0013804063200950623,9.350478649139404e-05,-3.769993782043457e-06
69,69-2:233:5,all,lt16,True,0.59765625,0.998297231260729,0.9921190809293776,0.78125,0.08735551685094833,0.0794626846909523,0.07957550138235092,0.07878073304891586,0.00857478380203247,0.000681951642036438,0.0007947683334350586
69,69-2:233:5,inner_half,lt16,True,0.59765625,0.998297231260729,0.9921190809293776,0.9375,0.16254743933677673,0.1249534860253334,0.12480887025594711,0.12452176213264465,0.03802567720413208,0.0004317238926887512,0.0002871081233024597
69,69-2:233:6,all,lt16,False,1.0,0.9998389233378772,0.8533731636953586,1.0,0.05568521469831467,0.05567228049039841,0.055682215839624405,0.055486902594566345,0.00019831210374832153,0.00018537789583206177,0.0001953132450580597
69,69-2:233:6,inner_half,lt16,False,1.0,0.9998389233378772,0.8533731636953586,1.0,0.0801333338022232,0.0801333338022232,0.0801333338022232,0.0801333338022232,0.0,0.0,0.0
69,69-2:233:7,all,lt16,False,1.0,0.9998676706879904,0.6848874876912552,1.0,0.028055313974618912,0.02822817675769329,0.028272463008761406,0.028202202171087265,-0.00014688819646835327,2.5974586606025696e-05,7.026083767414093e-05
69,69-2:233:7,inner_half,lt16,False,1.0,0.9998676706879904,0.6848874876912552,1.0,0.03900912404060364,0.03898608684539795,0.03898458927869797,0.03893297165632248,7.615238428115845e-05,5.311518907546997e-05,5.161762237548828e-05
69,69-2:233:8,all,lt16,True,1.0,0.9973547672273374,0.9983762046137544,1.0,0.0937306135892868,0.07838314771652222,0.07901683449745178,0.07937436550855637,0.014356248080730438,-0.0009912177920341492,-0.00035753101110458374
69,69-2:233:8,inner_half,lt16,True,1.0,0.9973547672273374,0.9983762046137544,1.0,0.18796616792678833,0.14511024951934814,0.14282472431659698,0.14152030646800995,0.04644586145877838,0.003589943051338196,0.0013044178485870361
69,69-2:233:9,all,lt16,False,1.0,0.9987261204217018,0.6705782104324708,1.0,0.038391776382923126,0.03838676959276199,0.038480617105960846,0.03858768194913864,-0.00019590556621551514,-0.00020091235637664795,-0.00010706484317779541
69,69-2:233:9,inner_half,lt16,False,1.0,0.9987261204217018,0.6705782104324708,1.0,0.03229587525129318,0.03216778486967087,0.03216778486967087,0.03216778486967087,0.00012809038162231445,0.0,0.0
69,69-2:233:10,all,lt16,False,1.0,0.9998630756854046,0.9956612825515517,1.0,0.04467754811048508,0.0444113090634346,0.04438095539808273,0.04438258334994316,0.0002949647605419159,2.872571349143982e-05,-1.6279518604278564e-06
69,69-2:233:10,inner_half,lt16,False,1.0,0.9998630756854046,0.9956612825515517,1.0,0.05789022892713547,0.057530924677848816,0.05744080990552902,0.05744080990552902,0.0004494190216064453,9.01147723197937e-05,0.0
69,69-2:233:11,all,lt16,False,1.0,0.9967617478513847,0.7562751193236456,1.0,0.048410508781671524,0.04880485311150551,0.048772115260362625,0.04899758845567703,-0.0005870796740055084,-0.00019273534417152405,-0.00022547319531440735
69,69-2:233:11,inner_half,lt16,False,1.0,0.9967617478513847,0.7562751193236456,1.0,0.03368829935789108,0.03440440446138382,0.03445985168218613,0.03451414406299591,-0.0008258447051048279,-0.00010973960161209106,-5.4292380809783936e-05
69,69-2:233:12,all,lt16,False,1.0,0.979852152159714,0.9788274129918462,1.0,0.06903363764286041,0.06920119374990463,0.0688537210226059,0.06908291578292847,-4.92781400680542e-05,0.00011827796697616577,-0.0002291947603225708
69,69-2:233:12,inner_half,lt16,False,1.0,0.979852152159714,0.9788274129918462,1.0,0.11249256134033203,0.10984062403440475,0.10927698016166687,0.10984165966510773,0.002650901675224304,-1.0356307029724121e-06,-0.0005646795034408569
69,69-2:233:13,all,lt16,False,1.0,0.9999298583397552,0.9102662347899679,1.0,0.029632553458213806,0.02962925285100937,0.029630903154611588,0.02977161854505539,-0.00013906508684158325,-0.0001423656940460205,-0.00014071539044380188
69,69-2:233:13,inner_half,lt16,False,1.0,0.9999298583397552,0.9102662347899679,1.0,0.04390630125999451,0.043938133865594864,0.04393945261836052,0.04423445463180542,-0.0003281533718109131,-0.00029632076621055603,-0.0002950020134449005
69,69-2:233:14,all,lt16,False,1.0,0.9937823574057154,0.9702867061431216,1.0,0.10822869837284088,0.10859131813049316,0.10874198377132416,0.10863189399242401,-0.0004031956195831299,-4.057586193084717e-05,0.00011008977890014648
69,69-2:233:14,inner_half,lt16,False,1.0,0.9937823574057154,0.9702867061431216,1.0,0.2044820785522461,0.20522785186767578,0.20543262362480164,0.204951211810112,-0.00046913325786590576,0.00027664005756378174,0.00048141181468963623
69,69-2:233:15,all,lt16,False,0.90625,0.9995112133827967,0.9994448872243683,0.94921875,0.0734592154622078,0.0691361278295517,0.06925974041223526,0.06956250220537186,0.0038967132568359375,-0.0004263743758201599,-0.0003027617931365967
69,69-2:233:15,inner_half,lt16,False,0.90625,0.9995112133827967,0.9994448872243683,1.0,0.13961774110794067,0.13253143429756165,0.13216719031333923,0.13263365626335144,0.006984084844589233,-0.00010222196578979492,-0.00046646595001220703
69,69-2:233:16,all,lt16,False,1.0,0.9985677801137194,0.7990805319796503,1.0,0.0284956656396389,0.02849370241165161,0.028498558327555656,0.028497660532593727,-1.994892954826355e-06,-3.958120942115784e-06,8.977949619293213e-07
69,69-2:233:16,inner_half,lt16,False,1.0,0.9985677801137194,0.7990805319796503,1.0,0.03144337981939316,0.03144337981939316,0.03144337981939316,0.03144337981939316,0.0,0.0,0.0
69,69-2:233:17,all,lt16,False,0.01953125,0.9998836979874572,0.9991868472013838,0.33203125,0.03672204166650772,0.04248332604765892,0.042853109538555145,0.041943468153476715,-0.005221426486968994,0.0005398578941822052,0.0009096413850784302
69,69-2:233:17,inner_half,lt16,False,0.01953125,0.9998836979874572,0.9991868472013838,0.5625,0.032692115753889084,0.03223935514688492,0.03200915455818176,0.03189739212393761,0.000794723629951477,0.0003419630229473114,0.00011176243424415588
69,69-2:233:18,all,lt16,False,0.84765625,0.9828135634443128,0.977404156306414,1.0,0.1441572606563568,0.1449926793575287,0.1452631801366806,0.14510463178157806,-0.0009473711252212524,-0.00011195242404937744,0.00015854835510253906
69,69-2:233:18,inner_half,lt16,False,0.84765625,0.9828135634443128,0.977404156306414,1.0,0.22101256251335144,0.21554450690746307,0.21533183753490448,0.21399515867233276,0.007017403841018677,0.00154934823513031,0.0013366788625717163
69,69-2:233:19,all,lt16,False,1.0,0.9984117880085377,0.9879969839482151,1.0,0.036414310336112976,0.03614407405257225,0.03646605834364891,0.03640800714492798,6.303191184997559e-06,-0.00026393309235572815,5.805119872093201e-05
69,69-2:233:19,inner_half,lt16,False,1.0,0.9984117880085377,0.9879969839482151,1.0,0.038949765264987946,0.03928294777870178,0.039599768817424774,0.0395079180598259,-0.0005581527948379517,-0.000224970281124115,9.185075759887695e-05
69,69-2:233:20,all,lt16,False,1.0,0.9990809404857012,0.9787300174627905,1.0,0.08036413788795471,0.08074173331260681,0.08071453869342804,0.08075995743274689,-0.0003958195447921753,-1.8224120140075684e-05,-4.5418739318847656e-05
69,69-2:233:20,inner_half,lt16,False,1.0,0.9990809404857012,0.9787300174627905,1.0,0.11453849077224731,0.11491793394088745,0.11495854705572128,0.11492595076560974,-0.00038745999336242676,-8.016824722290039e-06,3.259629011154175e-05
69,69-2:233:21,all,lt16,False,1.0,0.9994051975266205,0.8233624580095322,1.0,0.029079826548695564,0.02914748340845108,0.02909952774643898,0.02910503000020981,-2.520345151424408e-05,4.245340824127197e-05,-5.502253770828247e-06
69,69-2:233:21,inner_half,lt16,False,1.0,0.9994051975266205,0.8233624580095322,1.0,0.030912773683667183,0.030918298289179802,0.031134173274040222,0.031190980225801468,-0.000278206542134285,-0.00027268193662166595,-5.680695176124573e-05
69,69-2:233:22,all,lt16,False,1.0,0.9996348399505987,0.8754169278338074,1.0,0.029373163357377052,0.029068566858768463,0.02898818999528885,0.02899809367954731,0.00037506967782974243,7.047317922115326e-05,-9.903684258460999e-06
69,69-2:233:22,inner_half,lt16,False,1.0,0.9996348399505987,0.8754169278338074,1.0,0.03490632772445679,0.03490632772445679,0.03490632772445679,0.03490632772445679,0.0,0.0,0.0
69,69-2:233:23,all,lt16,True,1.0,0.9833443454792199,0.9829098590998278,1.0,0.039622172713279724,0.036519020795822144,0.0367635153234005,0.03720998764038086,0.0024121850728988647,-0.0006909668445587158,-0.00044647231698036194
69,69-2:233:23,inner_half,lt16,True,1.0,0.9833443454792199,0.9829098590998278,1.0,0.05945063754916191,0.05079282075166702,0.05058563873171806,0.051371678709983826,0.008078958839178085,-0.000578857958316803,-0.0007860399782657623
69,69-2:233:24,all,lt16,False,1.0,0.9977258651278764,0.5996236370273254,1.0,0.042740240693092346,0.042857807129621506,0.04286757856607437,0.042738400399684906,1.8402934074401855e-06,0.00011940672993659973,0.00012917816638946533
69,69-2:233:24,inner_half,lt16,False,1.0,0.9977258651278764,0.5996236370273254,1.0,0.05879028141498566,0.058685302734375,0.058823227882385254,0.05882035940885544,-3.0077993869781494e-05,-0.00013505667448043823,2.868473529815674e-06
69,69-2:233:25,all,lt16,False,1.0,0.9977778105049105,0.8598688170903266,1.0,0.11360436677932739,0.11352211236953735,0.11329326778650284,0.11333025991916656,0.00027410686016082764,0.00019185245037078857,-3.699213266372681e-05
69,69-2:233:25,inner_half,lt16,False,1.0,0.9977778105049105,0.8598688170903266,1.0,0.1887841671705246,0.18882916867733002,0.18822841346263885,0.18842104077339172,0.00036312639713287354,0.00040812790393829346,-0.00019262731075286865
69,69-2:233:26,all,lt16,False,0.40625,0.9996046836326744,0.9987053915686592,0.53515625,0.05653374269604683,0.06009281426668167,0.05909997597336769,0.059695806354284286,-0.0031620636582374573,0.00039700791239738464,-0.0005958303809165955
69,69-2:233:26,inner_half,lt16,False,0.40625,0.9996046836326744,0.9987053915686592,0.921875,0.07337325811386108,0.06644883006811142,0.06649147719144821,0.06741417944431305,0.005959078669548035,-0.0009653493762016296,-0.0009227022528648376
69,69-2:233:27,all,lt16,True,0.66796875,0.9973381987084831,0.9965681610771365,0.8515625,0.03372805938124657,0.03659859672188759,0.03654337674379349,0.03606392443180084,-0.0023358650505542755,0.0005346722900867462,0.00047945231199264526
69,69-2:233:27,inner_half,lt16,True,0.66796875,0.9973381987084831,0.9965681610771365,0.953125,0.04394880682229996,0.04641556367278099,0.045777712017297745,0.04405387118458748,-0.00010506436228752136,0.002361692488193512,0.0017238408327102661
69,69-2:233:28,all,lt16,False,1.0,0.9986682336757521,0.8966228113884539,1.0,0.0345475971698761,0.03461049497127533,0.034643154591321945,0.03465113788843155,-0.00010354071855545044,-4.064291715621948e-05,-7.983297109603882e-06
69,69-2:233:28,inner_half,lt16,False,1.0,0.9986682336757521,0.8966228113884539,1.0,0.055654607713222504,0.055654607713222504,0.055654607713222504,0.055654607713222504,0.0,0.0,0.0
69,69-2:233:29,all,lt16,True,0.890625,0.931876535238408,0.9991419396645799,0.93359375,0.06777556985616684,0.06716858595609665,0.06832056492567062,0.06821286678314209,-0.00043729692697525024,-0.0010442808270454407,0.00010769814252853394
69,69-2:233:29,inner_half,lt16,True,0.890625,0.931876535238408,0.9991419396645799,1.0,0.046721458435058594,0.04916980117559433,0.051165156066417694,0.05221489816904068,-0.005493439733982086,-0.00304509699344635,-0.0010497421026229858
69,69-2:233:30,all,lt16,False,1.0,0.9894690308809392,0.9067135986897337,1.0,0.023060955107212067,0.023069819435477257,0.0231681726872921,0.0232640840113163,-0.0002031289041042328,-0.00019426457583904266,-9.591132402420044e-05
69,69-2:233:30,inner_half,lt16,False,1.0,0.9894690308809392,0.9067135986897337,1.0,0.030333438888192177,0.030627146363258362,0.03012923151254654,0.03054901771247387,-0.0002155788242816925,7.812865078449249e-05,-0.00041978619992733
69,69-2:233:31,all,lt16,False,1.0,0.9995132985857504,0.7736661364381112,1.0,0.03984592854976654,0.03978049010038376,0.039835091680288315,0.03961373120546341,0.0002321973443031311,0.00016675889492034912,0.0002213604748249054
69,69-2:233:31,inner_half,lt16,False,1.0,0.9995132985857504,0.7736661364381112,1.0,0.035277824848890305,0.0351920984685421,0.03535060957074165,0.03503505885601044,0.00024276599287986755,0.000157039612531662,0.00031555071473121643
69,69-2:233:32,all,lt16,False,1.0,0.9995324723319751,0.9963776974849297,1.0,0.0441458560526371,0.04558093845844269,0.045469142496585846,0.045339107513427734,-0.0011932514607906342,0.0002418309450149536,0.00013003498315811157
69,69-2:233:32,inner_half,lt16,False,1.0,0.9995324723319751,0.9963776974849297,1.0,0.028769318014383316,0.02715952880680561,0.02721581608057022,0.02717738226056099,0.0015919357538223267,-1.7853453755378723e-05,3.843382000923157e-05
69,69-2:233:33,all,lt16,False,1.0,0.9998920464759312,0.9563122182115718,1.0,0.09962137788534164,0.09936006367206573,0.09936006367206573,0.09939316660165787,0.00022821128368377686,-3.310292959213257e-05,-3.310292959213257e-05
69,69-2:233:33,inner_half,lt16,False,1.0,0.9998920464759312,0.9563122182115718,1.0,0.1272200047969818,0.1273254156112671,0.1273254156112671,0.12730130553245544,-8.130073547363281e-05,2.4110078811645508e-05,2.4110078811645508e-05
69,69-2:233:34,all,lt16,False,1.0,0.999258023666714,0.7850418649866282,1.0,0.14252310991287231,0.14251434803009033,0.1435650885105133,0.14347679913043976,-0.0009536892175674438,-0.0009624511003494263,8.828938007354736e-05
69,69-2:233:34,inner_half,lt16,False,1.0,0.999258023666714,0.7850418649866282,1.0,0.19148585200309753,0.19125396013259888,0.1912853866815567,0.19130903482437134,0.0001768171787261963,-5.507469177246094e-05,-2.364814281463623e-05
69,69-2:233:35,all,lt16,False,1.0,0.9995367108208147,0.9100300632586515,1.0,0.026856793090701103,0.026893116533756256,0.026876984164118767,0.026881547644734383,-2.475455403327942e-05,1.1568889021873474e-05,-4.563480615615845e-06
69,69-2:233:35,inner_half,lt16,False,1.0,0.9995367108208147,0.9100300632586515,1.0,0.04436196759343147,0.04439208656549454,0.044357217848300934,0.04439208656549454,-3.0118972063064575e-05,0.0,-3.4868717193603516e-05
69,69-2:233:36,all,lt16,True,1.0,0.9993466208591815,0.9984111424976319,1.0,0.0383991003036499,0.0379762127995491,0.03809062018990517,0.03743197023868561,0.0009671300649642944,0.0005442425608634949,0.0006586499512195587
69,69-2:233:36,inner_half,lt16,True,1.0,0.9993466208591815,0.9984111424976319,1.0,0.056360047310590744,0.05721297860145569,0.05721580982208252,0.05628648400306702,7.356330752372742e-05,0.0009264945983886719,0.0009293258190155029
69,69-2:233:37,all,lt16,False,1.0,0.99797239753419,0.6415095197190017,1.0,0.027106380090117455,0.027187034487724304,0.027251508086919785,0.02723611891269684,-0.00012973882257938385,-4.908442497253418e-05,1.5389174222946167e-05
69,69-2:233:37,inner_half,lt16,False,1.0,0.99797239753419,0.6415095197190017,1.0,0.024962224066257477,0.024940362200140953,0.024965692311525345,0.02493230439722538,2.9919669032096863e-05,8.05780291557312e-06,3.3387914299964905e-05
69,69-2:233:38,all,lt16,False,1.0,0.9995028723555389,0.7959992764926292,1.0,0.03385729342699051,0.03412330150604248,0.03394225239753723,0.033851154148578644,6.139278411865234e-06,0.00027214735746383667,9.109824895858765e-05
69,69-2:233:38,inner_half,lt16,False,1.0,0.9995028723555389,0.7959992764926292,1.0,0.03820685297250748,0.037932492792606354,0.0378803126513958,0.03769002854824066,0.0005168244242668152,0.00024246424436569214,0.0001902841031551361
69,69-2:233:39,all,lt16,True,1.0,0.9623433420258276,0.9989300054433935,1.0,0.05276898294687271,0.035142652690410614,0.03569401055574417,0.03561326116323471,0.017155721783638,-0.0004706084728240967,8.074939250946045e-05
69,69-2:233:39,inner_half,lt16,True,1.0,0.9623433420258276,0.9989300054433935,1.0,0.06007903814315796,0.03168432414531708,0.032503433525562286,0.03270072117447853,0.027378316968679428,-0.0010163970291614532,-0.0001972876489162445
69,69-2:233:40,all,lt16,False,1.0,0.9962439515399044,0.9747381518097608,1.0,0.04052513465285301,0.04007634520530701,0.04038297384977341,0.040317848324775696,0.00020728632807731628,-0.00024150311946868896,6.512552499771118e-05
69,69-2:233:40,inner_half,lt16,False,1.0,0.9962439515399044,0.9747381518097608,1.0,0.05684395879507065,0.05587802827358246,0.055971112102270126,0.05601431429386139,0.000829644501209259,-0.00013628602027893066,-4.320219159126282e-05
69,69-2:233:41,all,lt16,False,1.0,0.996024737221066,0.9978678309607809,1.0,0.04743780940771103,0.05177279934287071,0.05142945051193237,0.05142993852496147,-0.0039921291172504425,0.0003428608179092407,-4.880130290985107e-07
69,69-2:233:41,inner_half,lt16,False,1.0,0.996024737221066,0.9978678309607809,1.0,0.07522334158420563,0.0681668147444725,0.06868581473827362,0.06837430596351624,0.006849035620689392,-0.0002074912190437317,0.00031150877475738525
69,69-2:233:42,all,lt16,False,0.11328125,0.9999393571812221,0.9997946768745009,0.1875,0.03613980486989021,0.03120877780020237,0.0312171820551157,0.03126255050301552,0.004877254366874695,-5.37727028131485e-05,-4.536844789981842e-05
69,69-2:233:43,all,lt16,False,1.0,0.9996009518834749,0.8669620185369743,1.0,0.062356963753700256,0.062350329011678696,0.062305085361003876,0.06215349957346916,0.00020346418023109436,0.0001968294382095337,0.00015158578753471375
69,69-2:233:43,inner_half,lt16,False,1.0,0.9996009518834749,0.8669620185369743,1.0,0.06477493792772293,0.06477493792772293,0.06477493792772293,0.06466196477413177,0.000112973153591156,0.000112973153591156,0.000112973153591156
69,69-2:233:44,all,lt16,True,0.7578125,0.9985791732846584,0.9994353403995041,0.8359375,0.026869047433137894,0.029725302010774612,0.0295603945851326,0.029411444440484047,-0.0025423970073461533,0.0003138575702905655,0.00014895014464855194
69,69-2:233:44,inner_half,lt16,True,0.7578125,0.9985791732846584,0.9994353403995041,1.0,0.01884053647518158,0.018335441127419472,0.018003158271312714,0.017750561237335205,0.0010899752378463745,0.0005848798900842667,0.00025259703397750854
69,69-2:233:45,all,lt16,True,0.8515625,0.9881792739555953,0.9994200673005446,0.8515625,0.035904742777347565,0.03292889520525932,0.03373356908559799,0.03364728018641472,0.002257462590932846,-0.0007183849811553955,8.628889918327332e-05
69,69-2:233:45,inner_half,lt16,True,0.8515625,0.9881792739555953,0.9994200673005446,0.921875,0.036493320018053055,0.03658289462327957,0.03735719993710518,0.037270914763212204,-0.0007775947451591492,-0.0006880201399326324,8.628517389297485e-05
69,69-2:233:49,all,lt16,False,1.0,0.9959367443592998,0.7884168823996666,1.0,0.014318334870040417,0.014323960058391094,0.014347122982144356,0.014369472861289978,-5.113799124956131e-05,-4.551280289888382e-05,-2.2349879145622253e-05
69,69-2:233:49,inner_half,lt16,False,1.0,0.9959367443592998,0.7884168823996666,1.0,0.012701679021120071,0.012756610289216042,0.012710575014352798,0.012750426307320595,-4.8747286200523376e-05,6.183981895446777e-06,-3.9851292967796326e-05
69,69-2:233:54,all,lt16,False,1.0,0.9997536830662844,0.9880209591757823,1.0,0.03968816250562668,0.039670106023550034,0.03968312591314316,0.03973519429564476,-4.7031790018081665e-05,-6.508827209472656e-05,-5.206838250160217e-05
69,69-2:233:54,inner_half,lt16,False,1.0,0.9997536830662844,0.9880209591757823,1.0,0.022584684193134308,0.02282928302884102,0.022867420688271523,0.023106753826141357,-0.0005220696330070496,-0.00027747079730033875,-0.0002393331378698349
69,69-2:233:59,all,lt16,False,1.0,0.9984278510180234,0.9586689964563161,1.0,0.02285522036254406,0.023059207946062088,0.02310623973608017,0.023256469517946243,-0.00040124915540218353,-0.00019726157188415527,-0.0001502297818660736
69,69-2:233:59,inner_half,lt16,False,1.0,0.9984278510180234,0.9586689964563161,1.0,0.026187868788838387,0.02616925723850727,0.02616022154688835,0.02621976099908352,-3.1892210245132446e-05,-5.050376057624817e-05,-5.953945219516754e-05
69,69-2:233:60,all,16to32,False,1.0,0.9995909902152657,0.5987146999753128,1.0,0.015112185850739479,0.01508687436580658,0.015050701797008514,0.01506364718079567,4.853866994380951e-05,2.3227185010910034e-05,-1.2945383787155151e-05
69,69-2:233:60,inner_half,16to32,False,1.0,0.9995909902152657,0.5987146999753128,1.0,0.02293170616030693,0.022584423422813416,0.02261103130877018,0.022604528814554214,0.00032717734575271606,-2.010539174079895e-05,6.502494215965271e-06
69,69-2:233:61,all,lt16,False,1.0,0.991618874235368,0.8653695187305792,1.0,0.02148900181055069,0.021357452496886253,0.021411700174212456,0.021512120962142944,-2.311915159225464e-05,-0.00015466846525669098,-0.00010042078793048859
69,69-2:233:61,inner_half,lt16,False,1.0,0.991618874235368,0.8653695187305792,1.0,0.01922898180782795,0.019196830689907074,0.01926438882946968,0.019260559231042862,-3.1577423214912415e-05,-6.372854113578796e-05,3.829598426818848e-06
69,69-2:233:62,all,lt16,False,1.0,0.9994584456737708,0.6377926027818206,1.0,0.01561383344233036,0.01561785489320755,0.015678875148296356,0.015533028170466423,8.080527186393738e-05,8.482672274112701e-05,0.00014584697782993317
69,69-2:233:62,inner_half,lt16,False,1.0,0.9994584456737708,0.6377926027818206,1.0,0.018778342753648758,0.018809957429766655,0.01883602701127529,0.01872919499874115,4.914775490760803e-05,8.076243102550507e-05,0.00010683201253414154
69,69-2:233:63,all,16to32,False,1.0,0.9996982370766723,0.9137198233911041,1.0,0.012753176502883434,0.012688112445175648,0.01276841014623642,0.01277664303779602,-2.3466534912586212e-05,-8.853059262037277e-05,-8.23289155960083e-06
69,69-2:233:63,inner_half,16to32,False,1.0,0.9996982370766723,0.9137198233911041,1.0,0.011464480310678482,0.011552141048014164,0.011658353731036186,0.011673952452838421,-0.0002094721421599388,-0.0001218114048242569,-1.559872180223465e-05
69,69-2:233:64,all,lt16,False,1.0,0.9991786351927937,0.5430042840411509,1.0,0.015365715138614178,0.015358773991465569,0.015372218564152718,0.01524294726550579,0.000122767873108387,0.00011582672595977783,0.00012927129864692688
69,69-2:233:64,inner_half,lt16,False,1.0,0.9991786351927937,0.5430042840411509,1.0,0.016711626201868057,0.0166843980550766,0.016591768711805344,0.016336578875780106,0.00037504732608795166,0.00034781917929649353,0.00025518983602523804
69,69-2:233:65,all,lt16,False,1.0,0.9998524635237351,0.9073799586008007,1.0,0.01898433268070221,0.01911894977092743,0.019046135246753693,0.01901550218462944,-3.1169503927230835e-05,0.00010344758629798889,3.063306212425232e-05
69,69-2:233:65,inner_half,lt16,False,1.0,0.9998524635237351,0.9073799586008007,1.0,0.026523146778345108,0.02665109932422638,0.026399223133921623,0.02643566206097603,8.748471736907959e-05,0.00021543726325035095,-3.643892705440521e-05
69,69-2:233:66,all,lt16,False,1.0,0.9994425212798084,0.9708540065449476,1.0,0.014881177805364132,0.014684420078992844,0.01484673097729683,0.01479257270693779,8.860509842634201e-05,-0.00010815262794494629,5.415827035903931e-05
69,69-2:233:66,inner_half,lt16,False,1.0,0.9994425212798084,0.9708540065449476,1.0,0.01770178973674774,0.01722250133752823,0.017520776018500328,0.017479967325925827,0.00022182241082191467,-0.00025746598839759827,4.080869257450104e-05
69,69-2:233:67,all,lt16,False,1.0,0.9999107437816063,0.9161152509936432,1.0,0.013788197189569473,0.013921965844929218,0.01392642967402935,0.01393449679017067,-0.0001462996006011963,-1.2530945241451263e-05,-8.067116141319275e-06
69,69-2:233:67,inner_half,lt16,False,1.0,0.9999107437816063,0.9161152509936432,1.0,0.014084422960877419,0.014472158625721931,0.014472158625721931,0.014464020729064941,-0.0003795977681875229,8.137896656990051e-06,8.137896656990051e-06
69,69-2:233:68,all,lt16,False,1.0,0.9988893759516733,0.9494425916224052,1.0,0.03084457479417324,0.03074583038687706,0.030764058232307434,0.03076012246310711,8.445233106613159e-05,-1.4292076230049133e-05,3.935769200325012e-06
69,69-2:233:68,inner_half,lt16,False,1.0,0.9988893759516733,0.9494425916224052,1.0,0.042580798268318176,0.042580798268318176,0.042514435946941376,0.0424652099609375,0.00011558830738067627,0.00011558830738067627,4.922598600387573e-05
69,69-2:233:69,all,lt16,False,1.0,0.9998784218412977,0.9484815988062311,1.0,0.011541968211531639,0.011472620069980621,0.011472620069980621,0.01167372614145279,-0.0001317579299211502,-0.00020110607147216797,-0.00020110607147216797
69,69-2:233:69,inner_half,lt16,False,1.0,0.9998784218412977,0.9484815988062311,1.0,0.013129319995641708,0.01306463498622179,0.01306463498622179,0.013222390785813332,-9.307079017162323e-05,-0.0001577557995915413,-0.0001577557995915413
69,69-2:233:70,all,lt16,False,1.0,0.9996571310488732,0.7690834584599031,1.0,0.015069427900016308,0.015178612433373928,0.015169915743172169,0.015175320208072662,-0.00010589230805635452,3.2922253012657166e-06,-5.404464900493622e-06
69,69-2:233:70,inner_half,lt16,False,1.0,0.9996571310488732,0.7690834584599031,1.0,0.013282302767038345,0.013899257406592369,0.013898778706789017,0.013898778706789017,-0.0006164759397506714,4.78699803352356e-07,0.0
69,69-2:233:71,all,lt16,False,1.0,0.9996233599340467,0.9654546307056258,1.0,0.016250135377049446,0.016307281330227852,0.016418080776929855,0.01638931967318058,-0.00013918429613113403,-8.203834295272827e-05,2.8761103749275208e-05
69,69-2:233:71,inner_half,lt16,False,1.0,0.9996233599340467,0.9654546307056258,1.0,0.017803892493247986,0.01760748401284218,0.017511144280433655,0.017511144280433655,0.00029274821281433105,9.633973240852356e-05,0.0
69,69-2:233:72,all,lt16,False,1.0,0.999274575704372,0.9333137879982137,1.0,0.016044586896896362,0.015851814299821854,0.016083622351288795,0.015814634039998055,0.0002299528568983078,3.718025982379913e-05,0.00026898831129074097
69,69-2:233:72,inner_half,lt16,False,1.0,0.999274575704372,0.9333137879982137,1.0,0.014841653406620026,0.014490123838186264,0.014668041840195656,0.014526505023241043,0.00031514838337898254,-3.638118505477905e-05,0.00014153681695461273
69,69-2:233:73,all,lt16,False,1.0,0.9993635335139676,0.5898462554898394,1.0,0.015964310616254807,0.015950322151184082,0.015932030975818634,0.015921305865049362,4.3004751205444336e-05,2.901628613471985e-05,1.072511076927185e-05
69,69-2:233:73,inner_half,lt16,False,1.0,0.9993635335139676,0.5898462554898394,1.0,0.012915038503706455,0.01276260893791914,0.01276260893791914,0.01276260893791914,0.00015242956578731537,0.0,0.0
69,69-2:233:79,all,16to32,False,1.0,0.9937539583828553,0.666034151944207,1.0,0.015340741723775864,0.015405366197228432,0.015551496297121048,0.015400296077132225,-5.955435335636139e-05,5.070120096206665e-06,0.00015120021998882294
69,69-2:233:79,inner_half,16to32,False,1.0,0.9937539583828553,0.666034151944207,1.0,0.00859224982559681,0.00868336670100689,0.008600488305091858,0.008626755326986313,-3.450550138950348e-05,5.661137402057648e-05,-2.6267021894454956e-05
69,69-2:233:80,all,16to32,False,1.0,0.9972896737898084,0.7489718929210176,1.0,0.027651848271489143,0.027960889041423798,0.027874965220689774,0.027942758053541183,-0.0002909097820520401,1.8130987882614136e-05,-6.779283285140991e-05
69,69-2:233:80,inner_half,16to32,False,1.0,0.9972896737898084,0.7489718929210176,1.0,0.025371193885803223,0.026926692575216293,0.026527848094701767,0.0268498994410038,-0.0014787055552005768,7.67931342124939e-05,-0.00032205134630203247
69,69-2:233:81,all,16to32,False,1.0,0.7525985080273558,0.9892740375438085,1.0,0.01605229452252388,0.015934722498059273,0.01583222672343254,0.015705278143286705,0.000347016379237175,0.00022944435477256775,0.00012694858014583588
69,69-2:233:81,inner_half,16to32,False,1.0,0.7525985080273558,0.9892740375438085,1.0,0.018317867070436478,0.017694029957056046,0.018729835748672485,0.0187787227332592,-0.0004608556628227234,-0.0010846927762031555,-4.88869845867157e-05
69,69-2:233:82,all,16to32,False,1.0,0.9983841225897135,0.6890696667770522,1.0,0.014237373135983944,0.01422268245369196,0.014282211661338806,0.014230301603674889,7.071532309055328e-06,-7.61914998292923e-06,5.191005766391754e-05
69,69-2:233:82,inner_half,16to32,False,1.0,0.9983841225897135,0.6890696667770522,1.0,0.014238563366234303,0.014358977787196636,0.014233078807592392,0.014314796775579453,-7.623340934515e-05,4.4181011617183685e-05,-8.171796798706055e-05
69,69-2:233:83,all,16to32,False,1.0,0.9901881654803643,0.716189456526827,1.0,0.010373033583164215,0.010438581928610802,0.010435599833726883,0.010444276966154575,-7.124338299036026e-05,-5.695037543773651e-06,-8.677132427692413e-06
69,69-2:233:83,inner_half,16to32,False,1.0,0.9901881654803643,0.716189456526827,1.0,0.008153678849339485,0.008155693300068378,0.00823047012090683,0.008225145749747753,-7.146690040826797e-05,-6.94524496793747e-05,5.324371159076691e-06
69,69-2:233:84,all,16to32,False,1.0,0.9930568295854916,0.8941598012109375,1.0,0.017074570059776306,0.0170578695833683,0.017130166292190552,0.01711249351501465,-3.7923455238342285e-05,-5.4623931646347046e-05,1.767277717590332e-05
69,69-2:233:84,inner_half,16to32,False,1.0,0.9930568295854916,0.8941598012109375,1.0,0.022730112075805664,0.022730112075805664,0.022730112075805664,0.022730112075805664,0.0,0.0,0.0
69,69-2:233:85,all,16to32,False,1.0,0.9970544878585458,0.7414343301881234,1.0,0.03181818127632141,0.03173251450061798,0.031860046088695526,0.03182969242334366,-1.1511147022247314e-05,-9.717792272567749e-05,3.0353665351867676e-05
69,69-2:233:85,inner_half,16to32,False,1.0,0.9970544878585458,0.7414343301881234,1.0,0.039557021111249924,0.03960714489221573,0.03961639851331711,0.03957361727952957,-1.6596168279647827e-05,3.3527612686157227e-05,4.278123378753662e-05
69,69-2:233:86,all,16to32,False,1.0,0.9953380199947025,0.798427565468508,1.0,0.02124108374118805,0.021249067038297653,0.021259892731904984,0.02127334102988243,-3.2257288694381714e-05,-2.4273991584777832e-05,-1.344829797744751e-05
69,69-2:233:86,inner_half,16to32,False,1.0,0.9953380199947025,0.798427565468508,1.0,0.022425992414355278,0.02236892655491829,0.02236892655491829,0.02236892655491829,5.706585943698883e-05,0.0,0.0
69,69-2:233:87,all,16to32,False,1.0,0.9966693202587995,0.8118931840563981,1.0,0.026237286627292633,0.02614104375243187,0.02619941532611847,0.02622116729617119,1.6119331121444702e-05,-8.012354373931885e-05,-2.1751970052719116e-05
69,69-2:233:87,inner_half,16to32,False,1.0,0.9966693202587995,0.8118931840563981,1.0,0.034644730389118195,0.0343802273273468,0.03491099178791046,0.03491099178791046,-0.00026626139879226685,-0.0005307644605636597,0.0
69,69-2:233:88,all,16to32,False,1.0,0.9369226477121537,0.7723948501933412,1.0,0.016457684338092804,0.016450289636850357,0.01642807200551033,0.01640123873949051,5.644559860229492e-05,4.905089735984802e-05,2.6833266019821167e-05
69,69-2:233:88,inner_half,16to32,False,1.0,0.9369226477121537,0.7723948501933412,1.0,0.015107177197933197,0.015107177197933197,0.015099198557436466,0.015066845342516899,4.033185541629791e-05,4.033185541629791e-05,3.235321491956711e-05
69,69-2:233:89,all,16to32,False,1.0,0.9854677828424389,0.5697346156765812,1.0,0.016767539083957672,0.01699697971343994,0.016982844099402428,0.016989151015877724,-0.00022161193192005157,7.828697562217712e-06,-6.3069164752960205e-06
69,69-2:233:89,inner_half,16to32,False,1.0,0.9854677828424389,0.5697346156765812,1.0,0.01463946234434843,0.01463946234434843,0.01463946234434843,0.01467019971460104,-3.073737025260925e-05,-3.073737025260925e-05,-3.073737025260925e-05
69,69-2:233:90,all,16to32,False,1.0,0.9785661261993416,0.8898451231149495,1.0,0.029264230281114578,0.029470613226294518,0.029590938240289688,0.029620327055454254,-0.0003560967743396759,-0.00014971382915973663,-2.938881516456604e-05
69,69-2:233:90,inner_half,16to32,False,1.0,0.9785661261993416,0.8898451231149495,1.0,0.034217145293951035,0.034271858632564545,0.03424786403775215,0.034246865659952164,-2.972036600112915e-05,2.499297261238098e-05,9.98377799987793e-07
69,69-2:233:91,all,16to32,False,1.0,0.9949474362128784,0.9924902453966977,1.0,0.05391836166381836,0.0528038814663887,0.052591510117053986,0.053004566580057144,0.0009137950837612152,-0.00020068511366844177,-0.00041305646300315857
69,69-2:233:91,inner_half,16to32,False,1.0,0.9949474362128784,0.9924902453966977,1.0,0.06422743201255798,0.06028258800506592,0.06028258800506592,0.06007658690214157,0.004150845110416412,0.00020600110292434692,0.00020600110292434692
69,69-2:233:92,all,16to32,False,1.0,0.9882619473343738,0.7689923023245742,1.0,0.013421576470136642,0.01342448778450489,0.013485334813594818,0.01349211111664772,-7.053464651107788e-05,-6.76233321428299e-05,-6.776303052902222e-06
69,69-2:233:92,inner_half,16to32,False,1.0,0.9882619473343738,0.7689923023245742,1.0,0.010427837260067463,0.010360698215663433,0.010500261560082436,0.010500261560082436,-7.242430001497269e-05,-0.00013956334441900253,0.0
69,69-2:233:93,all,16to32,False,1.0,0.9902298209544204,0.6988981759071367,1.0,0.04037962853908539,0.04075467213988304,0.040761880576610565,0.04070521146059036,-0.00032558292150497437,4.946067929267883e-05,5.666911602020264e-05
69,69-2:233:93,inner_half,16to32,False,1.0,0.9902298209544204,0.6988981759071367,1.0,0.04260142147541046,0.04316318780183792,0.043216522783041,0.043203238397836685,-0.0006018169224262238,-4.005059599876404e-05,1.3284385204315186e-05
69,69-2:233:94,all,16to32,False,1.0,0.9916978069637322,0.7323675229467148,1.0,0.03456934168934822,0.03472617268562317,0.03481689468026161,0.03474534675478935,-0.0001760050654411316,-1.917406916618347e-05,7.154792547225952e-05
69,69-2:233:94,inner_half,16to32,False,1.0,0.9916978069637322,0.7323675229467148,1.0,0.03848357871174812,0.03876589983701706,0.03839083015918732,0.03863084316253662,-0.00014726445078849792,0.00013505667448043823,-0.0002400130033493042
69,69-2:233:95,all,16to32,False,1.0,0.9967393893868377,0.8987879407372852,1.0,0.026313332840800285,0.026204612106084824,0.026261966675519943,0.02613515406847,0.00017817877233028412,6.945803761482239e-05,0.00012681260704994202
69,69-2:233:95,inner_half,16to32,False,1.0,0.9967393893868377,0.8987879407372852,1.0,0.02765706554055214,0.027652757242321968,0.027652757242321968,0.027671825140714645,-1.4759600162506104e-05,-1.9067898392677307e-05,-1.9067898392677307e-05
69,69-2:233:96,all,16to32,False,1.0,0.9962562720860128,0.5531065211929844,1.0,0.03305530548095703,0.03309016674757004,0.03306838497519493,0.032980989664793015,7.431581616401672e-05,0.00010917708277702332,8.73953104019165e-05
69,69-2:233:96,inner_half,16to32,False,1.0,0.9962562720860128,0.5531065211929844,1.0,0.03949156031012535,0.03951390087604523,0.03951390087604523,0.03951390087604523,-2.23405659198761e-05,0.0,0.0
69,69-2:233:97,all,lt16,False,1.0,0.9993065740181265,0.848342925039725,1.0,0.021653402596712112,0.02162642404437065,0.02162172831594944,0.02163504809141159,1.835450530052185e-05,-8.624047040939331e-06,-1.3319775462150574e-05
69,69-2:233:97,inner_half,lt16,False,1.0,0.9993065740181265,0.848342925039725,1.0,0.021480724215507507,0.021473165601491928,0.021454375237226486,0.021472427994012833,8.296221494674683e-06,7.37607479095459e-07,-1.8052756786346436e-05
69,69-2:233:98,all,16to32,True,0.5703125,0.9991625843234123,0.9715340483883078,0.82421875,0.04623391106724739,0.04406797140836716,0.044110193848609924,0.0483209528028965,-0.002087041735649109,-0.004252981394529343,-0.004210758954286575
69,69-2:233:98,inner_half,16to32,True,0.5703125,0.9991625843234123,0.9715340483883078,1.0,0.04333934932947159,0.039401985704898834,0.039367515593767166,0.03994104638695717,0.0033983029425144196,-0.0005390606820583344,-0.0005735307931900024
69,69-2:233:99,all,lt16,True,0.78515625,0.9994896928324806,0.9974576920664311,0.79296875,0.02055197022855282,0.025236157700419426,0.02547554485499859,0.025632895529270172,-0.005080925300717354,-0.00039673782885074615,-0.00015735067427158356
69,69-2:233:99,inner_half,lt16,True,0.78515625,0.9994896928324806,0.9974576920664311,1.0,0.02263285219669342,0.022467181086540222,0.02249271050095558,0.02242748998105526,0.0002053622156381607,3.969110548496246e-05,6.522051990032196e-05
69,69-2:467:0,all,lt16,False,0.61328125,0.9976504872314825,0.964766097457813,1.0,0.09348336607217789,0.09302044659852982,0.09300762414932251,0.09280798584222794,0.0006753802299499512,0.00021246075630187988,0.00019963830709457397
69,69-2:467:0,inner_half,lt16,False,0.61328125,0.9976504872314825,0.964766097457813,1.0,0.13944083452224731,0.13968580961227417,0.13964588940143585,0.13986237347126007,-0.00042153894901275635,-0.00017656385898590088,-0.00021648406982421875
69,69-2:467:1,all,lt16,False,1.0,0.9996055519849544,0.760807368123541,1.0,0.05433505028486252,0.0542677640914917,0.05419156327843666,0.054425761103630066,-9.071081876754761e-05,-0.0001579970121383667,-0.00023419782519340515
69,69-2:467:1,inner_half,lt16,False,1.0,0.9996055519849544,0.760807368123541,1.0,0.0813688412308693,0.08136385679244995,0.08132375776767731,0.0816146582365036,-0.00024581700563430786,-0.0002508014440536499,-0.00029090046882629395
69,69-2:467:2,all,lt16,False,1.0,0.9932282420334656,0.9799532349847364,1.0,0.05956217646598816,0.059186723083257675,0.05906850844621658,0.05909669026732445,0.00046548619866371155,9.003281593322754e-05,-2.818182110786438e-05
69,69-2:467:2,inner_half,lt16,False,1.0,0.9932282420334656,0.9799532349847364,1.0,0.08863930404186249,0.08752557635307312,0.08623264729976654,0.0861763209104538,0.0024629831314086914,0.0013492554426193237,5.632638931274414e-05
69,69-2:467:3,all,lt16,False,1.0,0.9972626755327756,0.8761291669935283,1.0,0.033671922981739044,0.033790118992328644,0.03387506306171417,0.03376111388206482,-8.919090032577515e-05,2.9005110263824463e-05,0.00011394917964935303
69,69-2:467:3,inner_half,lt16,False,1.0,0.9972626755327756,0.8761291669935283,1.0,0.02378101274371147,0.02391289547085762,0.02422768622636795,0.02405427396297455,-0.0002732612192630768,-0.0001413784921169281,0.0001734122633934021
69,69-2:467:4,all,16to32,False,1.0,0.9153665624922279,0.9955733360738692,1.0,0.08373168855905533,0.07734440267086029,0.07895413041114807,0.07890049368143082,0.004831194877624512,-0.0015560910105705261,5.363672971725464e-05
69,69-2:467:4,inner_half,16to32,False,1.0,0.9153665624922279,0.9955733360738692,1.0,0.12719717621803284,0.11753476411104202,0.11837714910507202,0.11861927807331085,0.008577898144721985,-0.0010845139622688293,-0.00024212896823883057
69,69-2:467:5,all,lt16,False,1.0,0.9984809761794567,0.9648301068685802,1.0,0.027446402236819267,0.02773137204349041,0.027838194742798805,0.027839187532663345,-0.00039278529584407806,-0.00010781548917293549,-9.927898645401e-07
69,69-2:467:5,inner_half,lt16,False,1.0,0.9984809761794567,0.9648301068685802,1.0,0.020730091258883476,0.02022397704422474,0.02130001038312912,0.02135799452662468,-0.0006279032677412033,-0.0011340174823999405,-5.798414349555969e-05
69,69-2:467:6,all,lt16,False,1.0,0.9996413037960187,0.9763879048365126,1.0,0.012977571226656437,0.01281663402915001,0.012971770949661732,0.013145966455340385,-0.00016839522868394852,-0.0003293324261903763,-0.00017419550567865372
69,69-2:467:6,inner_half,lt16,False,1.0,0.9996413037960187,0.9763879048365126,1.0,0.01715153641998768,0.01699739322066307,0.017135899513959885,0.0171252079308033,2.6328489184379578e-05,-0.00012781471014022827,1.0691583156585693e-05
69,69-2:467:7,all,lt16,False,1.0,0.999782585519351,0.8932016105635573,1.0,0.019408956170082092,0.019901476800441742,0.019903136417269707,0.019843995571136475,-0.0004350394010543823,5.7481229305267334e-05,5.914084613323212e-05
69,69-2:467:7,inner_half,lt16,False,1.0,0.999782585519351,0.8932016105635573,1.0,0.03026972897350788,0.030697770416736603,0.030709419399499893,0.030738722532987595,-0.00046899355947971344,-4.095211625099182e-05,-2.9303133487701416e-05
69,69-2:467:8,all,lt16,False,0.69140625,0.9997375489772069,0.9500812009781375,0.69140625,0.04234904423356056,0.04208474978804588,0.042122192680835724,0.042055822908878326,0.0002932213246822357,2.8926879167556763e-05,6.636977195739746e-05
69,69-2:467:9,all,lt16,False,1.0,0.9999249833223584,0.9545921289650295,1.0,0.014103773981332779,0.014129913412034512,0.01410109642893076,0.01406869851052761,3.507547080516815e-05,6.121490150690079e-05,3.239791840314865e-05
69,69-2:467:9,inner_half,lt16,False,1.0,0.9999249833223584,0.9545921289650295,1.0,0.014171388000249863,0.014367597177624702,0.014287592843174934,0.014287592843174934,-0.00011620484292507172,8.000433444976807e-05,0.0
69,69-2:467:10,all,lt16,False,1.0,0.9987789836818292,0.9483666423652872,1.0,0.01808960549533367,0.01812388189136982,0.018129955977201462,0.018196994438767433,-0.0001073889434337616,-7.311254739761353e-05,-6.703846156597137e-05
69,69-2:467:10,inner_half,lt16,False,1.0,0.9987789836818292,0.9483666423652872,1.0,0.024189071729779243,0.024192143231630325,0.024192143231630325,0.024192143231630325,-3.071501851081848e-06,0.0,0.0
69,69-2:467:11,all,lt16,True,0.56640625,0.9998940391079937,0.9994967461877751,0.73046875,0.02193487621843815,0.039737600833177567,0.03975951671600342,0.039764657616615295,-0.017829781398177147,-2.7056783437728882e-05,-5.140900611877441e-06
69,69-2:467:11,inner_half,lt16,True,0.56640625,0.9998940391079937,0.9994967461877751,0.796875,0.026255525648593903,0.04709562286734581,0.047092143446207047,0.04703376814723015,-0.020778242498636246,6.185472011566162e-05,5.837529897689819e-05
69,69-2:467:12,all,lt16,False,0.91796875,0.999224039894409,0.9982476663719325,0.91796875,0.03713953495025635,0.03785671293735504,0.038377128541469574,0.03826424479484558,-0.0011247098445892334,-0.00040753185749053955,0.00011288374662399292
69,69-2:467:12,inner_half,lt16,False,0.91796875,0.999224039894409,0.9982476663719325,1.0,0.030758149921894073,0.024642128497362137,0.024696260690689087,0.02462960034608841,0.006128549575805664,1.2528151273727417e-05,6.666034460067749e-05
69,69-2:467:13,all,lt16,False,1.0,0.9988975308589129,0.9782472583849101,1.0,0.04661792889237404,0.04652447998523712,0.04643002524971962,0.046337444335222244,0.00028048455715179443,0.00018703565001487732,9.258091449737549e-05
69,69-2:467:13,inner_half,lt16,False,1.0,0.9988975308589129,0.9782472583849101,1.0,0.0496787466108799,0.04991540685296059,0.049175046384334564,0.04911883920431137,0.0005599074065685272,0.0007965676486492157,5.620718002319336e-05
69,69-2:467:14,all,lt16,False,1.0,0.999682627654058,0.9414945802623935,1.0,0.015389560721814632,0.015186229720711708,0.015180026181042194,0.015184460207819939,0.00020510051399469376,1.7695128917694092e-06,-4.434026777744293e-06
69,69-2:467:14,inner_half,lt16,False,1.0,0.999682627654058,0.9414945802623935,1.0,0.019609197974205017,0.019458984956145287,0.019458984956145287,0.01953127048909664,7.792748510837555e-05,-7.228553295135498e-05,-7.228553295135498e-05
69,69-2:467:15,all,lt16,False,1.0,0.9989723108098082,0.9217003414235849,1.0,0.0399794802069664,0.040013547986745834,0.039965905249118805,0.040184780955314636,-0.00020530074834823608,-0.00017123296856880188,-0.0002188757061958313
69,69-2:467:15,inner_half,lt16,False,1.0,0.9989723108098082,0.9217003414235849,1.0,0.08935507386922836,0.08925306797027588,0.0892176628112793,0.08936342597007751,-8.352100849151611e-06,-0.00011035799980163574,-0.00014576315879821777
69,69-2:467:16,all,lt16,False,1.0,0.9999000018835738,0.9591646648908922,1.0,0.0484907403588295,0.04906666278839111,0.04906666278839111,0.04899001121520996,-0.0004992708563804626,7.665157318115234e-05,7.665157318115234e-05
69,69-2:467:16,inner_half,lt16,False,1.0,0.9999000018835738,0.9591646648908922,1.0,0.04803495109081268,0.04799138754606247,0.04799138754606247,0.04796916991472244,6.578117609024048e-05,2.2217631340026855e-05,2.2217631340026855e-05
69,69-2:467:17,all,lt16,True,0.58984375,0.9999265922052366,0.9995117684084933,0.68359375,0.07307473570108414,0.08455093204975128,0.08458428084850311,0.08338909596204758,-0.01031436026096344,0.0011618360877037048,0.0011951848864555359
69,69-2:467:17,inner_half,lt16,True,0.58984375,0.9999265922052366,0.9995117684084933,0.765625,0.04065147787332535,0.05309668928384781,0.05326857790350914,0.05345190688967705,-0.0128004290163517,-0.0003552176058292389,-0.00018332898616790771
69,69-2:467:18,all,lt16,False,1.0,0.9998122994786895,0.715888720812636,1.0,0.028516165912151337,0.02846899814903736,0.028380442410707474,0.02861233614385128,-9.617023169994354e-05,-0.00014333799481391907,-0.00023189373314380646
69,69-2:467:18,inner_half,lt16,False,1.0,0.9998122994786895,0.715888720812636,1.0,0.026017550379037857,0.025987710803747177,0.026116523891687393,0.026221221312880516,-0.000203670933842659,-0.00023351050913333893,-0.00010469742119312286
69,69-2:467:19,all,lt16,True,0.84375,0.9996550665784479,0.9981990788637826,0.99609375,0.03655009716749191,0.03957829251885414,0.04018481448292732,0.04130585864186287,-0.004755761474370956,-0.001727566123008728,-0.0011210441589355469
69,69-2:467:19,inner_half,lt16,True,0.84375,0.9996550665784479,0.9981990788637826,1.0,0.05258084833621979,0.04371180385351181,0.04335137829184532,0.04380170255899429,0.008779145777225494,-8.989870548248291e-05,-0.00045032426714897156
69,69-2:467:20,all,lt16,False,1.0,0.9942093376537051,0.9950544416971255,1.0,0.066850446164608,0.0794309452176094,0.0799344927072525,0.07967431098222733,-0.012823864817619324,-0.00024336576461791992,0.000260181725025177
69,69-2:467:20,inner_half,lt16,False,1.0,0.9942093376537051,0.9950544416971255,1.0,0.0649615079164505,0.06359714269638062,0.06424859911203384,0.06438462436199188,0.0005768835544586182,-0.0007874816656112671,-0.00013602524995803833
69,69-2:467:21,all,lt16,True,1.0,0.9455837536411686,0.998317014752587,1.0,0.09024383872747421,0.09319464862346649,0.09458811581134796,0.09444066882133484,-0.004196830093860626,-0.0012460201978683472,0.00014744699001312256
69,69-2:467:21,inner_half,lt16,True,1.0,0.9455837536411686,0.998317014752587,1.0,0.12267617881298065,0.12477217614650726,0.1255621612071991,0.12477662414312363,-0.002100445330142975,-4.447996616363525e-06,0.00078553706407547
69,69-2:467:22,all,lt16,False,1.0,0.9991440691768588,0.7716576310682932,1.0,0.017308328300714493,0.01730569638311863,0.017203357070684433,0.01719760149717331,0.00011072680354118347,0.00010809488594532013,5.755573511123657e-06
69,69-2:467:22,inner_half,lt16,False,1.0,0.9991440691768588,0.7716576310682932,1.0,0.02169881761074066,0.0216725692152977,0.02169881761074066,0.0216725692152977,2.6248395442962646e-05,0.0,2.6248395442962646e-05
69,69-2:467:23,all,lt16,False,1.0,0.9998649178752504,0.7656989517033483,1.0,0.020334798842668533,0.020406905561685562,0.020306942984461784,0.02031971886754036,1.5079975128173828e-05,8.718669414520264e-05,-1.2775883078575134e-05
69,69-2:467:23,inner_half,lt16,False,1.0,0.9998649178752504,0.7656989517033483,1.0,0.033220455050468445,0.03344012424349785,0.03319220989942551,0.033224284648895264,-3.829598426818848e-06,0.00021583959460258484,-3.207474946975708e-05
69,69-2:467:24,all,lt16,False,1.0,0.9994040279614657,0.8471481333240883,1.0,0.14233478903770447,0.14285315573215485,0.1430094838142395,0.14296695590019226,-0.000632166862487793,-0.00011380016803741455,4.252791404724121e-05
69,69-2:467:24,inner_half,lt16,False,1.0,0.9994040279614657,0.8471481333240883,1.0,0.19433127343654633,0.194747194647789,0.19485735893249512,0.19445374608039856,-0.0001224726438522339,0.0002934485673904419,0.0004036128520965576
69,69-2:467:25,all,16to32,False,1.0,0.9995686851394371,0.5143653972261777,1.0,0.018011201173067093,0.01804203912615776,0.0179399736225605,0.018037082627415657,-2.5881454348564148e-05,4.956498742103577e-06,-9.710900485515594e-05
69,69-2:467:25,inner_half,16to32,False,1.0,0.9995686851394371,0.5143653972261777,1.0,0.022654259577393532,0.022512761875987053,0.022512761875987053,0.022512761875987053,0.00014149770140647888,0.0,0.0
69,69-2:467:26,all,lt16,False,1.0,0.9996847715606302,0.8350128769584997,1.0,0.07343468070030212,0.07337933033704758,0.07336819171905518,0.07327298074960709,0.00016169995069503784,0.00010634958744049072,9.52109694480896e-05
69,69-2:467:26,inner_half,lt16,False,1.0,0.9996847715606302,0.8350128769584997,1.0,0.09961584955453873,0.09955910593271255,0.09951268881559372,0.0995345488190651,8.130073547363281e-05,2.4557113647460938e-05,-2.1860003471374512e-05
69,69-2:467:27,all,lt16,False,1.0,0.9787611822344927,0.7632804134278509,1.0,0.03439728170633316,0.03433552756905556,0.03450840339064598,0.03451531380414963,-0.00011803209781646729,-0.00017978623509407043,-6.910413503646851e-06
69,69-2:467:27,inner_half,lt16,False,1.0,0.9787611822344927,0.7632804134278509,1.0,0.046074263751506805,0.046111784875392914,0.04651598632335663,0.04651598632335663,-0.000441722571849823,-0.0004042014479637146,0.0
69,69-2:467:28,all,lt16,False,1.0,0.5520153398631316,0.9974208211732758,1.0,0.11024250090122223,0.11053083837032318,0.10982368886470795,0.10989484190940857,0.00034765899181365967,0.0006359964609146118,-7.115304470062256e-05
69,69-2:467:28,inner_half,lt16,False,1.0,0.5520153398631316,0.9974208211732758,1.0,0.1500907838344574,0.1507761925458908,0.14719939231872559,0.14722764492034912,0.0028631389141082764,0.003548547625541687,-2.8252601623535156e-05
69,69-2:467:29,all,lt16,False,1.0,0.9996234527739699,0.884131351526899,1.0,0.02786848694086075,0.027846407145261765,0.0278987567871809,0.02787976711988449,-1.1280179023742676e-05,-3.335997462272644e-05,1.8989667296409607e-05
69,69-2:467:29,inner_half,lt16,False,1.0,0.9996234527739699,0.884131351526899,1.0,0.02378007397055626,0.023767707869410515,0.02386610209941864,0.02386610209941864,-8.602812886238098e-05,-9.83942300081253e-05,0.0
69,69-2:467:30,all,lt16,True,0.83203125,0.9993754826201315,0.9981699849561934,0.9921875,0.11016296595335007,0.08339138329029083,0.08336344361305237,0.08460217714309692,0.025560788810253143,-0.0012107938528060913,-0.0012387335300445557
69,69-2:467:30,inner_half,lt16,True,0.83203125,0.9993754826201315,0.9981699849561934,1.0,0.18612119555473328,0.10831303894519806,0.10831303894519806,0.10861792415380478,0.0775032714009285,-0.00030488520860671997,-0.00030488520860671997
69,69-2:467:31,all,lt16,False,0.40234375,0.9991859371458295,0.9991909197837626,0.40234375,0.04602727293968201,0.047278523445129395,0.04761461168527603,0.04749928042292595,-0.0014720074832439423,-0.00022075697779655457,0.0001153312623500824
69,69-2:467:31,inner_half,lt16,False,0.40234375,0.9991859371458295,0.9991909197837626,0.109375,0.17726241052150726,0.10722910612821579,0.10727761685848236,0.10727761685848236,0.0699847936630249,-4.8510730266571045e-05,0.0
69,69-2:467:32,all,lt16,True,0.6015625,0.9985589079450679,0.9856189504034636,0.87109375,0.09164630621671677,0.07562815397977829,0.07563413679599762,0.07505054771900177,0.016595758497714996,0.0005776062607765198,0.0005835890769958496
69,69-2:467:32,inner_half,lt16,True,0.6015625,0.9985589079450679,0.9856189504034636,0.9375,0.11941924691200256,0.09680864214897156,0.0965709313750267,0.09653403609991074,0.022885210812091827,0.00027460604906082153,3.68952751159668e-05
69,69-2:467:33,all,lt16,False,1.0,0.9998454415268784,0.9504459992676954,1.0,0.013316260650753975,0.013288863934576511,0.013312743976712227,0.013378910720348358,-6.265006959438324e-05,-9.004678577184677e-05,-6.616674363613129e-05
69,69-2:467:33,inner_half,lt16,False,1.0,0.9998454415268784,0.9504459992676954,1.0,0.01363297924399376,0.013626355677843094,0.01366271823644638,0.013662598095834255,-2.9618851840496063e-05,-3.6242417991161346e-05,1.2014061212539673e-07
69,69-2:467:34,all,lt16,True,1.0,0.7601019439943453,0.9996048960156244,1.0,0.07387902587652206,0.06920577585697174,0.07225622981786728,0.07263142615556717,0.001247599720954895,-0.0034256502985954285,-0.00037519633769989014
69,69-2:467:34,inner_half,lt16,True,1.0,0.7601019439943453,0.9996048960156244,1.0,0.1293773651123047,0.11660008877515793,0.1251143515110016,0.1254843920469284,0.0038929730653762817,-0.008884303271770477,-0.00037004053592681885
69,69-2:467:35,all,lt16,False,1.0,0.9997637828173984,0.8435562355145119,1.0,0.11807458102703094,0.11779510974884033,0.11739043891429901,0.1173667386174202,0.0007078424096107483,0.0004283711314201355,2.3700296878814697e-05
69,69-2:467:35,inner_half,lt16,False,1.0,0.9997637828173984,0.8435562355145119,1.0,0.2909911870956421,0.2907695770263672,0.29013746976852417,0.28994524478912354,0.0010459423065185547,0.0008243322372436523,0.00019222497940063477
69,69-2:467:36,all,lt16,False,1.0,0.9998219875042226,0.9660189379833456,1.0,0.015970662236213684,0.015904948115348816,0.015904061496257782,0.01590079441666603,6.98678195476532e-05,4.153698682785034e-06,3.2670795917510986e-06
69,69-2:467:36,inner_half,lt16,False,1.0,0.9998219875042226,0.9660189379833456,1.0,0.03292056918144226,0.03288371115922928,0.032822515815496445,0.032822515815496445,9.805336594581604e-05,6.119534373283386e-05,0.0
69,69-2:467:37,all,lt16,False,1.0,0.9971825298538168,0.9986902398204095,1.0,0.05581040680408478,0.05356506630778313,0.05332767963409424,0.05345214903354645,0.00235825777053833,0.00011291727423667908,-0.00012446939945220947
69,69-2:467:37,inner_half,lt16,False,1.0,0.9971825298538168,0.9986902398204095,1.0,0.06459762156009674,0.058514226227998734,0.05840524286031723,0.05831119790673256,0.0062864236533641815,0.00020302832126617432,9.404495358467102e-05
69,69-2:467:38,all,lt16,True,1.0,0.9116778780775575,0.9994003942173045,1.0,0.08307313919067383,0.08392374217510223,0.08719316124916077,0.08716503530740738,-0.004091896116733551,-0.0032412931323051453,2.812594175338745e-05
69,69-2:467:38,inner_half,lt16,True,1.0,0.9116778780775575,0.9994003942173045,1.0,0.13195189833641052,0.1267620474100113,0.1304273009300232,0.12994956970214844,0.002002328634262085,-0.003187522292137146,0.00047773122787475586
69,69-2:467:39,all,lt16,False,1.0,0.9997837914966101,0.9113870118519771,1.0,0.034450046718120575,0.03459370508790016,0.03449828922748566,0.03443066403269768,1.938268542289734e-05,0.00016304105520248413,6.762519478797913e-05
69,69-2:467:39,inner_half,lt16,False,1.0,0.9997837914966101,0.9113870118519771,1.0,0.03954743221402168,0.03944467008113861,0.039111051708459854,0.039057496935129166,0.0004899352788925171,0.0003871731460094452,5.3554773330688477e-05
69,69-2:467:47,all,lt16,False,1.0,0.9999210582538887,0.6309893016290565,1.0,0.015734706073999405,0.01562473177909851,0.015636859461665154,0.015645496547222137,8.920952677726746e-05,-2.076476812362671e-05,-8.637085556983948e-06
69,69-2:467:47,inner_half,lt16,False,1.0,0.9999210582538887,0.6309893016290565,1.0,0.015311146154999733,0.015311146154999733,0.015308593399822712,0.015372142195701599,-6.099604070186615e-05,-6.099604070186615e-05,-6.354879587888718e-05
69,69-2:467:53,all,lt16,False,1.0,0.9874706859791669,0.9437421543104076,1.0,0.04272700846195221,0.042566925287246704,0.04226145148277283,0.04235405847430229,0.0003729499876499176,0.00021286681294441223,-9.260699152946472e-05
69,69-2:467:53,inner_half,lt16,False,1.0,0.9874706859791669,0.9437421543104076,1.0,0.07793326675891876,0.07734109461307526,0.07646368443965912,0.07669348269701004,0.001239784061908722,0.0006476119160652161,-0.00022979825735092163
69,69-2:467:61,all,lt16,False,1.0,0.9999157172060651,0.6634576611339753,1.0,0.013655642047524452,0.013625986874103546,0.013690048828721046,0.01366402953863144,-8.387491106987e-06,-3.8042664527893066e-05,2.601929008960724e-05
69,69-2:467:61,inner_half,lt16,False,1.0,0.9999157172060651,0.6634576611339753,1.0,0.015543070621788502,0.015543070621788502,0.015543070621788502,0.015529247932136059,1.3822689652442932e-05,1.3822689652442932e-05,1.3822689652442932e-05
69,69-2:467:62,all,lt16,False,1.0,0.9997618175854943,0.878310866531776,1.0,0.015542855486273766,0.015328774228692055,0.015509131364524364,0.015397816896438599,0.00014503858983516693,-6.904266774654388e-05,0.00011131446808576584
69,69-2:467:62,inner_half,lt16,False,1.0,0.9997618175854943,0.878310866531776,1.0,0.018900234252214432,0.0184459425508976,0.01904253102838993,0.01904253102838993,-0.00014229677617549896,-0.0005965884774923325,0.0
69,69-2:467:63,all,lt16,False,1.0,0.9997937880652762,0.910514537789851,1.0,0.014426717534661293,0.01443968340754509,0.014413927681744099,0.014443478547036648,-1.6761012375354767e-05,-3.795139491558075e-06,-2.9550865292549133e-05
69,69-2:467:63,inner_half,lt16,False,1.0,0.9997937880652762,0.910514537789851,1.0,0.015331667847931385,0.015318742021918297,0.015266802161931992,0.015318742021918297,1.2925826013088226e-05,0.0,-5.193985998630524e-05
69,69-2:467:64,all,lt16,False,1.0,0.9997333304055936,0.5476011491312646,1.0,0.017438434064388275,0.01725027710199356,0.017331862822175026,0.01697038859128952,0.0004680454730987549,0.00027988851070404053,0.0003614742308855057
69,69-2:467:64,inner_half,lt16,False,1.0,0.9997333304055936,0.5476011491312646,1.0,0.022153807803988457,0.0210907980799675,0.021640751510858536,0.0208229199051857,0.0013308878988027573,0.0002678781747817993,0.0008178316056728363
69,69-2:467:65,all,lt16,False,1.0,0.9987478142133198,0.9700148172766744,1.0,0.014221521094441414,0.014259777963161469,0.014177469536662102,0.014199220575392246,2.2300519049167633e-05,6.055738776922226e-05,-2.17510387301445e-05
69,69-2:467:65,inner_half,lt16,False,1.0,0.9987478142133198,0.9700148172766744,1.0,0.017991766333580017,0.01811288110911846,0.017811793833971024,0.018001440912485123,-9.67457890510559e-06,0.00011144019663333893,-0.00018964707851409912
69,69-2:467:66,all,lt16,False,1.0,0.9997176278171588,0.8327391963267108,1.0,0.012349344789981842,0.012398719787597656,0.012456473894417286,0.012371068820357323,-2.1724030375480652e-05,2.7650967240333557e-05,8.540507405996323e-05
69,69-2:467:66,inner_half,lt16,False,1.0,0.9997176278171588,0.8327391963267108,1.0,0.013225918635725975,0.013452447019517422,0.013494214043021202,0.013419955968856812,-0.0001940373331308365,3.24910506606102e-05,7.425807416439056e-05
69,69-2:467:67,all,lt16,False,1.0,0.9998952193657794,0.5551375815040991,1.0,0.014050113968551159,0.014059478417038918,0.014054771512746811,0.014168075285851955,-0.00011796131730079651,-0.00010859686881303787,-0.0001133037731051445
69,69-2:467:67,inner_half,lt16,False,1.0,0.9998952193657794,0.5551375815040991,1.0,0.015838325023651123,0.016028212383389473,0.01603970117866993,0.016013052314519882,-0.00017472729086875916,1.516006886959076e-05,2.6648864150047302e-05
69,69-2:467:68,all,lt16,False,1.0,0.9999512863637584,0.9652941071667347,1.0,0.01417006365954876,0.014139432460069656,0.014138654805719852,0.014255139976739883,-8.507631719112396e-05,-0.00011570751667022705,-0.00011648517102003098
69,69-2:467:68,inner_half,lt16,False,1.0,0.9999512863637584,0.9652941071667347,1.0,0.016586124897003174,0.016586124897003174,0.016586124897003174,0.016591429710388184,-5.304813385009766e-06,-5.304813385009766e-06,-5.304813385009766e-06
69,69-2:467:69,all,16to32,False,1.0,0.9998965352689381,0.9812316314990911,1.0,0.013046668842434883,0.012996459379792213,0.012924782931804657,0.012918580323457718,0.00012808851897716522,7.787905633449554e-05,6.202608346939087e-06
69,69-2:467:69,inner_half,16to32,False,1.0,0.9998965352689381,0.9812316314990911,1.0,0.013739291578531265,0.013539190404117107,0.013543220236897469,0.013387640938162804,0.0003516506403684616,0.00015154946595430374,0.00015557929873466492
69,69-2:467:70,all,lt16,False,1.0,0.9857169025861269,0.9153678988539042,1.0,0.013824554160237312,0.013730920851230621,0.013782336376607418,0.013954716734588146,-0.0001301625743508339,-0.00022379588335752487,-0.00017238035798072815
69,69-2:467:70,inner_half,lt16,False,1.0,0.9857169025861269,0.9153678988539042,1.0,0.01312816608697176,0.013059888035058975,0.01315766479820013,0.013062819838523865,6.534624844789505e-05,-2.9318034648895264e-06,9.484495967626572e-05
69,69-2:467:71,all,lt16,False,1.0,0.9998131576502984,0.6987018456730181,1.0,0.013708331622183323,0.013629699125885963,0.013680356554687023,0.013664335012435913,4.399660974740982e-05,-3.4635886549949646e-05,1.6021542251110077e-05
69,69-2:467:71,inner_half,lt16,False,1.0,0.9998131576502984,0.6987018456730181,1.0,0.01574314385652542,0.01572154089808464,0.01572154089808464,0.015707876533269882,3.526732325553894e-05,1.36643648147583e-05,1.36643648147583e-05
69,69-2:467:72,all,lt16,False,1.0,0.9997669898668734,0.8066182778066197,1.0,0.015862584114074707,0.01584588922560215,0.015774361789226532,0.01587248593568802,-9.901821613311768e-06,-2.6596710085868835e-05,-9.812414646148682e-05
69,69-2:467:72,inner_half,lt16,False,1.0,0.9997669898668734,0.8066182778066197,1.0,0.017546530812978745,0.017461083829402924,0.017461083829402924,0.017461083829402924,8.544698357582092e-05,0.0,0.0
69,69-2:467:78,all,ge32,False,1.0,0.9967709609084342,0.9395162247474264,1.0,0.015087977051734924,0.01461290568113327,0.01471139956265688,0.014794254675507545,0.00029372237622737885,-0.0001813489943742752,-8.285511285066605e-05
69,69-2:467:78,inner_half,ge32,False,1.0,0.9967709609084342,0.9395162247474264,1.0,0.008555900305509567,0.008567487820982933,0.008164317347109318,0.008595832623541355,-3.993231803178787e-05,-2.834480255842209e-05,-0.00043151527643203735
69,69-2:467:79,all,16to32,False,1.0,0.9964902332039486,0.8564160665290662,1.0,0.01208292692899704,0.012093324214220047,0.012025536969304085,0.011996695771813393,8.623115718364716e-05,9.662844240665436e-05,2.884119749069214e-05
69,69-2:467:79,inner_half,16to32,False,1.0,0.9964902332039486,0.8564160665290662,1.0,0.009350607171654701,0.009312289766967297,0.009215692058205605,0.009220898151397705,0.00012970902025699615,9.139161556959152e-05,-5.206093192100525e-06
69,69-2:467:80,all,16to32,False,1.0,0.9927320821663224,0.8188317381977173,1.0,0.01733275316655636,0.0173521488904953,0.01741287112236023,0.017379311844706535,-4.6558678150177e-05,-2.7162954211235046e-05,3.355927765369415e-05
69,69-2:467:80,inner_half,16to32,False,1.0,0.9927320821663224,0.8188317381977173,1.0,0.01854632794857025,0.018561428412795067,0.018575450405478477,0.018411174416542053,0.00013515353202819824,0.0001502539962530136,0.00016427598893642426
69,69-2:467:81,all,16to32,False,1.0,0.9981300174366566,0.8080007949679684,1.0,0.012963024899363518,0.012997581623494625,0.013011663220822811,0.013012601062655449,-4.957616329193115e-05,-1.5019439160823822e-05,-9.378418326377869e-07
69,69-2:467:81,inner_half,16to32,False,1.0,0.9981300174366566,0.8080007949679684,1.0,0.01591491885483265,0.01589064486324787,0.01587390899658203,0.015937894582748413,-2.2975727915763855e-05,-4.724971950054169e-05,-6.398558616638184e-05
69,69-2:467:82,all,16to32,False,1.0,0.9921809574292321,0.8538932585444634,1.0,0.014803644269704819,0.015015730634331703,0.014947559684515,0.01497430820018053,-0.00017066393047571182,4.142243415117264e-05,-2.674851566553116e-05
69,69-2:467:82,inner_half,16to32,False,1.0,0.9921809574292321,0.8538932585444634,1.0,0.015561291947960854,0.01555650494992733,0.015555947087705135,0.015554710291326046,6.581656634807587e-06,1.794658601284027e-06,1.2367963790893555e-06
69,69-2:467:83,all,16to32,False,1.0,0.9738971051925585,0.9358318922183022,1.0,0.016419360414147377,0.01639213040471077,0.01629679836332798,0.01612650230526924,0.0002928581088781357,0.0002656280994415283,0.0001702960580587387
69,69-2:467:83,inner_half,16to32,False,1.0,0.9738971051925585,0.9358318922183022,1.0,0.014326946809887886,0.014289886690676212,0.014181738719344139,0.014269860461354256,5.708634853363037e-05,2.0026229321956635e-05,-8.812174201011658e-05
69,69-2:467:84,all,16to32,False,1.0,0.9895705935982996,0.7622226873480739,1.0,0.01905975304543972,0.01912032440304756,0.018972713500261307,0.01903676614165306,2.298690378665924e-05,8.355826139450073e-05,-6.405264139175415e-05
69,69-2:467:84,inner_half,16to32,False,1.0,0.9895705935982996,0.7622226873480739,1.0,0.01993701234459877,0.01994638890028,0.019728556275367737,0.019830860197544098,0.00010615214705467224,0.00011552870273590088,-0.00010230392217636108
69,69-2:467:85,all,16to32,False,1.0,0.6634709930670077,0.9175419333141351,1.0,0.027400892227888107,0.027720877900719643,0.027954615652561188,0.02797245979309082,-0.000571567565202713,-0.0002515818923711777,-1.784414052963257e-05
69,69-2:467:85,inner_half,16to32,False,1.0,0.6634709930670077,0.9175419333141351,1.0,0.036573030054569244,0.03690574690699577,0.03720545768737793,0.03711821138858795,-0.0005451813340187073,-0.00021246448159217834,8.724629878997803e-05
69,69-2:467:86,all,16to32,False,1.0,0.99823453894301,0.6792522195013113,1.0,0.023830419406294823,0.023876428604125977,0.023874439299106598,0.023897219449281693,-6.680004298686981e-05,-2.0790845155715942e-05,-2.2780150175094604e-05
69,69-2:467:86,inner_half,16to32,False,1.0,0.99823453894301,0.6792522195013113,1.0,0.02716999687254429,0.0267013031989336,0.027052296325564384,0.027016254141926765,0.0001537427306175232,-0.00031495094299316406,3.604218363761902e-05
69,69-2:467:87,all,16to32,False,1.0,0.9982968071859192,0.8401927637538563,1.0,0.025911934673786163,0.025635527446866035,0.02575988695025444,0.025723105296492577,0.00018882937729358673,-8.757784962654114e-05,3.678165376186371e-05
69,69-2:467:87,inner_half,16to32,False,1.0,0.9982968071859192,0.8401927637538563,1.0,0.032479479908943176,0.03254927322268486,0.03252234309911728,0.03229360282421112,0.00018587708473205566,0.0002556703984737396,0.00022874027490615845
69,69-2:467:88,all,16to32,False,1.0,0.9986495156953804,0.7308819411221772,1.0,0.02393505722284317,0.02400573529303074,0.02414216659963131,0.02453909069299698,-0.0006040334701538086,-0.0005333553999662399,-0.00039692409336566925
69,69-2:467:88,inner_half,16to32,False,1.0,0.9986495156953804,0.7308819411221772,1.0,0.032068368047475815,0.03207889944314957,0.032075170427560806,0.03214779496192932,-7.942691445350647e-05,-6.889551877975464e-05,-7.262453436851501e-05
69,69-2:467:89,all,16to32,False,1.0,0.9977533661838215,0.8930277506817564,1.0,0.030908890068531036,0.030919570475816727,0.03093092143535614,0.030903898179531097,4.991888999938965e-06,1.5672296285629272e-05,2.7023255825042725e-05
69,69-2:467:89,inner_half,16to32,False,1.0,0.9977533661838215,0.8930277506817564,1.0,0.0404830202460289,0.040392063558101654,0.040349382907152176,0.04037044197320938,0.00011257827281951904,2.162158489227295e-05,-2.10590660572052e-05
69,69-2:467:90,all,16to32,False,1.0,0.993554141096545,0.9629628150601451,1.0,0.01431778073310852,0.014422398060560226,0.014348253607749939,0.0143223125487566,-4.5318156480789185e-06,0.00010008551180362701,2.594105899333954e-05
69,69-2:467:90,inner_half,16to32,False,1.0,0.993554141096545,0.9629628150601451,1.0,0.012499144300818443,0.012499144300818443,0.012499144300818443,0.012499144300818443,0.0,0.0,0.0
69,69-2:467:91,all,16to32,False,1.0,0.9923965660339498,0.7515402206228521,1.0,0.016540048643946648,0.016628634184598923,0.016619255766272545,0.01652933843433857,1.0710209608078003e-05,9.929575026035309e-05,8.991733193397522e-05
69,69-2:467:91,inner_half,16to32,False,1.0,0.9923965660339498,0.7515402206228521,1.0,0.01928427815437317,0.019281825050711632,0.01928427815437317,0.019230086356401443,5.4191797971725464e-05,5.1738694310188293e-05,5.4191797971725464e-05
69,69-2:467:92,all,16to32,False,1.0,0.9839386811681462,0.655265065714399,1.0,0.027906600385904312,0.02775084599852562,0.02778596058487892,0.027856625616550446,4.997476935386658e-05,-0.00010577961802482605,-7.066503167152405e-05
69,69-2:467:92,inner_half,16to32,False,1.0,0.9839386811681462,0.655265065714399,1.0,0.033589355647563934,0.0333370603621006,0.033537358045578,0.03363385796546936,-4.4502317905426025e-05,-0.00029679760336875916,-9.649991989135742e-05
69,69-2:467:93,all,16to32,True,0.9296875,0.9999182885455724,0.9994338515649227,0.94140625,0.03260482847690582,0.0449669323861599,0.045108210295438766,0.04491171985864639,-0.01230689138174057,5.521252751350403e-05,0.00019649043679237366
69,69-2:467:93,inner_half,16to32,True,0.9296875,0.9999182885455724,0.9994338515649227,1.0,0.030440662056207657,0.03581690043210983,0.03581690043210983,0.03604714199900627,-0.0056064799427986145,-0.0002302415668964386,-0.0002302415668964386
69,69-2:467:94,all,16to32,False,1.0,0.9961081341726629,0.8908788200545446,1.0,0.030286503955721855,0.03045826032757759,0.03049882873892784,0.030471762642264366,-0.00018525868654251099,-1.3502314686775208e-05,2.7066096663475037e-05
69,69-2:467:94,inner_half,16to32,False,1.0,0.9961081341726629,0.8908788200545446,1.0,0.026988331228494644,0.02701282501220703,0.027032610028982162,0.02698940597474575,-1.0747462511062622e-06,2.3419037461280823e-05,4.320405423641205e-05
69,69-2:467:95,all,16to32,False,1.0,0.9993761101139299,0.8968582948998306,1.0,0.013863900676369667,0.013960390351712704,0.013818737119436264,0.013811442069709301,5.245860666036606e-05,0.0001489482820034027,7.295049726963043e-06
69,69-2:467:95,inner_half,16to32,False,1.0,0.9993761101139299,0.8968582948998306,1.0,0.017649289220571518,0.01756049133837223,0.017091577872633934,0.01700100302696228,0.0006482861936092377,0.0005594883114099503,9.057484567165375e-05
69,69-2:467:96,all,16to32,False,1.0,0.9654549488912758,0.8429834200361905,1.0,0.02075541391968727,0.02078118547797203,0.021084032952785492,0.020942354574799538,-0.00018694065511226654,-0.00016116909682750702,0.00014167837798595428
69,69-2:467:96,inner_half,16to32,False,1.0,0.9654549488912758,0.8429834200361905,1.0,0.01764594577252865,0.01764450967311859,0.017720762640237808,0.01773308962583542,-8.714385330677032e-05,-8.857995271682739e-05,-1.2326985597610474e-05
69,69-2:467:97,all,lt16,False,1.0,0.9895494110744915,0.7773583256426572,1.0,0.03582000359892845,0.035845592617988586,0.03561534732580185,0.03560766577720642,0.00021233782172203064,0.00023792684078216553,7.681548595428467e-06
69,69-2:467:97,inner_half,lt16,False,1.0,0.9895494110744915,0.7773583256426572,1.0,0.03262249380350113,0.03264846280217171,0.03264208137989044,0.03272505849599838,-0.00010256469249725342,-7.659569382667542e-05,-8.297711610794067e-05
69,69-2:467:98,all,16to32,True,0.76953125,0.9998951814491318,0.9987625213415956,0.8671875,0.03070293553173542,0.03042980097234249,0.03079303726553917,0.03257659822702408,-0.0018736626952886581,-0.0021467972546815872,-0.001783560961484909
69,69-2:467:98,inner_half,16to32,True,0.76953125,0.9998951814491318,0.9987625213415956,1.0,0.01995699852705002,0.022367145866155624,0.022367145866155624,0.02262435294687748,-0.0026673544198274612,-0.00025720708072185516,-0.00025720708072185516
78,78-1:116:0,all,16to32,True,0.734375,0.9961647199204972,0.995810105275003,0.765625,0.056437425315380096,0.02411537431180477,0.024414578452706337,0.02512301690876484,0.03131440840661526,-0.0010076425969600677,-0.0007084384560585022
78,78-1:116:0,inner_half,16to32,True,0.734375,0.9961647199204972,0.995810105275003,0.6875,0.14915840327739716,0.040196195244789124,0.04042571410536766,0.040838707238435745,0.10831969603896141,-0.0006425119936466217,-0.0004129931330680847
78,78-1:116:1,all,lt16,True,1.0,0.9993073012637653,0.9977942298950847,1.0,0.016432493925094604,0.017734413966536522,0.01795627921819687,0.017910443246364594,-0.001477949321269989,-0.0001760292798280716,4.583597183227539e-05
78,78-1:116:1,inner_half,lt16,True,1.0,0.9993073012637653,0.9977942298950847,1.0,0.022768866270780563,0.023560743778944016,0.023742951452732086,0.02373361587524414,-0.0009647496044635773,-0.00017287209630012512,9.335577487945557e-06
78,78-1:116:2,all,16to32,False,1.0,0.9743013419737272,0.6839362690635377,1.0,0.004288422875106335,0.0042849378660321236,0.004311351105570793,0.004270247183740139,1.817569136619568e-05,1.4690682291984558e-05,4.1103921830654144e-05
78,78-1:116:2,inner_half,16to32,False,1.0,0.9743013419737272,0.6839362690635377,1.0,0.0071199918165802956,0.007209929171949625,0.007091389503329992,0.0070690494030714035,5.094241350889206e-05,0.0001408797688782215,2.234010025858879e-05
78,78-1:116:3,all,16to32,True,0.85546875,0.99878587045752,0.9980711482065807,0.94140625,0.035153828561306,0.026793329045176506,0.026886140927672386,0.026900039985775948,0.008253788575530052,-0.00010671094059944153,-1.3899058103561401e-05
78,78-1:116:3,inner_half,16to32,True,0.85546875,0.99878587045752,0.9980711482065807,0.984375,0.058503080159425735,0.0337212048470974,0.03374890238046646,0.03400833159685135,0.024494748562574387,-0.000287126749753952,-0.0002594292163848877
78,78-1:116:4,all,16to32,True,0.765625,0.998012744935915,0.9951915947913712,0.796875,0.028450990095734596,0.030821824446320534,0.03081836923956871,0.03045319765806198,-0.002002207562327385,0.00036862678825855255,0.0003651715815067291
78,78-1:116:4,inner_half,16to32,True,0.765625,0.998012744935915,0.9951915947913712,0.96875,0.039463914930820465,0.03639302775263786,0.03640986979007721,0.037050820887088776,0.0024130940437316895,-0.0006577931344509125,-0.0006409510970115662
78,78-1:116:5,all,16to32,True,0.73828125,0.9988796295921816,0.9984985377822267,0.78515625,0.0655573382973671,0.023853423073887825,0.02410014718770981,0.024903027340769768,0.04065431095659733,-0.0010496042668819427,-0.0008028801530599594
78,78-1:116:5,inner_half,16to32,True,0.73828125,0.9988796295921816,0.9984985377822267,0.734375,0.14154860377311707,0.021762793883681297,0.021850958466529846,0.02402324788272381,0.11752535589039326,-0.002260453999042511,-0.002172289416193962
78,78-1:116:6,all,16to32,True,0.74609375,0.9959757484836966,0.9847340591983598,0.96484375,0.03456423804163933,0.027713973075151443,0.027769729495048523,0.027331171557307243,0.007233066484332085,0.00038280151784420013,0.0004385579377412796
78,78-1:116:6,inner_half,16to32,True,0.74609375,0.9959757484836966,0.9847340591983598,1.0,0.03959665447473526,0.03095014952123165,0.031120050698518753,0.031334273517131805,0.008262380957603455,-0.0003841239959001541,-0.00021422281861305237
78,78-1:116:7,all,lt16,False,1.0,0.8846033724532851,0.8077932243629464,1.0,0.007649384438991547,0.007810330018401146,0.00782664492726326,0.007930006831884384,-0.0002806223928928375,-0.00011967681348323822,-0.00010336190462112427
78,78-1:116:7,inner_half,lt16,False,1.0,0.8846033724532851,0.8077932243629464,1.0,0.008234299719333649,0.008175916038453579,0.008234299719333649,0.008234299719333649,0.0,-5.838368088006973e-05,0.0
78,78-1:116:8,all,16to32,False,1.0,0.9753522431340593,0.6862356910914182,1.0,0.008298184722661972,0.008292349986732006,0.008293726481497288,0.008417357690632343,-0.00011917296797037125,-0.00012500770390033722,-0.00012363120913505554
78,78-1:116:8,inner_half,16to32,False,1.0,0.9753522431340593,0.6862356910914182,1.0,0.00806138850748539,0.00806138850748539,0.00806138850748539,0.00806138850748539,0.0,0.0,0.0
78,78-1:116:9,all,lt16,False,1.0,0.9922362925873367,0.676547199314989,1.0,0.019205540418624878,0.019029755145311356,0.019036177545785904,0.019101686775684357,0.00010385364294052124,-7.19316303730011e-05,-6.550922989845276e-05
78,78-1:116:9,inner_half,lt16,False,1.0,0.9922362925873367,0.676547199314989,1.0,0.026789089664816856,0.026255151256918907,0.026242047548294067,0.02599000744521618,0.0007990822196006775,0.00026514381170272827,0.0002520401030778885
78,78-1:116:10,all,lt16,False,0.8125,0.9487557687106687,0.7772363079359049,0.8125,0.0033542574383318424,0.0033235899172723293,0.0033342624083161354,0.0033118922729045153,4.2365165427327156e-05,1.1697644367814064e-05,2.237013541162014e-05
78,78-1:116:10,inner_half,lt16,False,0.8125,0.9487557687106687,0.7772363079359049,1.0,0.003968301694840193,0.003968301694840193,0.0038792623672634363,0.0038792623672634363,8.903932757675648e-05,8.903932757675648e-05,0.0
78,78-1:116:11,all,lt16,False,1.0,0.9803224622050228,0.8470332036494497,1.0,0.030308768153190613,0.030367620289325714,0.030264275148510933,0.03007129393517971,0.0002374742180109024,0.0002963263541460037,0.00019298121333122253
78,78-1:116:11,inner_half,lt16,False,1.0,0.9803224622050228,0.8470332036494497,1.0,0.03237798064947128,0.033023156225681305,0.03286135196685791,0.03292502090334892,-0.0005470402538776398,9.81353223323822e-05,-6.366893649101257e-05
78,78-1:116:12,all,16to32,True,0.78515625,0.9996014489959697,0.9991853956292658,0.84375,0.014693873934447765,0.02107076160609722,0.0211487989872694,0.02123222127556801,-0.006538347341120243,-0.00016145966947078705,-8.342228829860687e-05
78,78-1:116:12,inner_half,16to32,True,0.78515625,0.9996014489959697,0.9991853956292658,1.0,0.01652742363512516,0.017898181453347206,0.017990732565522194,0.018600843846797943,-0.002073420211672783,-0.000702662393450737,-0.0006101112812757492
78,78-1:116:13,all,lt16,False,0.9375,0.7841320240481533,0.9295718751244834,0.9375,0.006238182540982962,0.006397585850208998,0.006418808829039335,0.006470344960689545,-0.00023216241970658302,-7.275911048054695e-05,-5.153613165020943e-05
78,78-1:116:13,inner_half,lt16,False,0.9375,0.7841320240481533,0.9295718751244834,1.0,0.008049141615629196,0.007927389815449715,0.007927389815449715,0.008049141615629196,0.0,-0.0001217518001794815,-0.0001217518001794815
78,78-1:116:14,all,lt16,False,1.0,0.8833481340047988,0.6890102704238736,1.0,0.0049709659069776535,0.005027842242270708,0.004960778169333935,0.00492619164288044,4.4774264097213745e-05,0.00010165059939026833,3.4586526453495026e-05
78,78-1:116:14,inner_half,lt16,False,1.0,0.8833481340047988,0.6890102704238736,1.0,0.004025948233902454,0.004050840623676777,0.003923365846276283,0.003652655752375722,0.00037329248152673244,0.00039818487130105495,0.00027071009390056133
78,78-1:116:15,all,16to32,True,0.921875,0.9987843295516142,0.9987666385661775,0.953125,0.026797344908118248,0.019303971901535988,0.01932484284043312,0.01930110529065132,0.007496239617466927,2.866610884666443e-06,2.3737549781799316e-05
78,78-1:116:15,inner_half,16to32,True,0.921875,0.9987843295516142,0.9987666385661775,0.890625,0.05608280003070831,0.03350558131933212,0.03340654820203781,0.03354381024837494,0.022538989782333374,-3.822892904281616e-05,-0.00013726204633712769
78,78-1:116:16,all,16to32,True,1.0,0.9910473758969572,0.9899748805434434,1.0,0.028385303914546967,0.025178972631692886,0.025216780602931976,0.02476142719388008,0.0036238767206668854,0.0004175454378128052,0.00045535340905189514
78,78-1:116:16,inner_half,16to32,True,1.0,0.9910473758969572,0.9899748805434434,1.0,0.03902647644281387,0.02972443960607052,0.02966555953025818,0.029191838577389717,0.009834637865424156,0.0005326010286808014,0.0004737209528684616
78,78-1:116:17,all,lt16,False,1.0,0.9716365554693868,0.5807972882112753,1.0,0.0047434549778699875,0.0050033628940582275,0.0048853615298867226,0.004853193648159504,-0.00010973867028951645,0.0001501692458987236,3.216788172721863e-05
78,78-1:116:17,inner_half,lt16,False,1.0,0.9716365554693868,0.5807972882112753,1.0,0.004754642490297556,0.004754642490297556,0.004754642490297556,0.004754642490297556,0.0,0.0,0.0
78,78-1:116:18,all,lt16,False,1.0,0.9870630310016667,0.7348091759784643,1.0,0.002773809479549527,0.002691177651286125,0.0026866900734603405,0.00268744258210063,8.636689744889736e-05,3.7350691854953766e-06,-7.525086402893066e-07
78,78-1:116:18,inner_half,lt16,False,1.0,0.9870630310016667,0.7348091759784643,1.0,0.003546322463080287,0.0034595767501741648,0.0034508800599724054,0.0034595767501741648,8.674571290612221e-05,0.0,-8.696690201759338e-06
78,78-1:116:19,all,lt16,False,1.0,0.9434075258562209,0.6781149899005884,1.0,0.004998621065169573,0.005148741416633129,0.005126735661178827,0.00513117853552103,-0.0001325574703514576,1.7562881112098694e-05,-4.44287434220314e-06
78,78-1:116:19,inner_half,lt16,False,1.0,0.9434075258562209,0.6781149899005884,1.0,0.005287741776555777,0.005287741776555777,0.005287841893732548,0.005304815247654915,-1.707347109913826e-05,-1.707347109913826e-05,-1.6973353922367096e-05
78,78-1:116:20,all,lt16,False,1.0,0.9204110432750514,0.642777832280937,1.0,0.0031205962877720594,0.0030112816020846367,0.0030198581516742706,0.002972227055579424,0.00014836923219263554,3.9054546505212784e-05,4.7631096094846725e-05
78,78-1:116:20,inner_half,lt16,False,1.0,0.9204110432750514,0.642777832280937,1.0,0.0049333153292536736,0.0049333153292536736,0.004825426731258631,0.004825426731258631,0.0001078885979950428,0.0001078885979950428,0.0
78,78-1:116:21,all,lt16,False,1.0,0.9911418070627483,0.7750852792877435,1.0,0.002459043636918068,0.0025144238024950027,0.002400686265900731,0.002491640392690897,-3.2596755772829056e-05,2.278340980410576e-05,-9.09541267901659e-05
78,78-1:116:21,inner_half,lt16,False,1.0,0.9911418070627483,0.7750852792877435,1.0,0.0026713083498179913,0.002841607667505741,0.002720555290579796,0.002956976182758808,-0.0002856678329408169,-0.00011536851525306702,-0.0002364208921790123
78,78-1:116:22,all,lt16,False,1.0,0.8582408461322741,0.949649406212342,1.0,0.005800735671073198,0.005795300006866455,0.00587984174489975,0.005870227701961994,-6.949203088879585e-05,-7.492769509553909e-05,9.614042937755585e-06
78,78-1:116:22,inner_half,lt16,False,1.0,0.8582408461322741,0.949649406212342,1.0,0.00998501293361187,0.00998501293361187,0.010251115076243877,0.010251115076243877,-0.0002661021426320076,-0.0002661021426320076,0.0
78,78-1:116:23,all,lt16,False,1.0,0.9915658623258352,0.7392557616228996,1.0,0.002313236240297556,0.002384379506111145,0.002325638197362423,0.0023147123865783215,-1.4761462807655334e-06,6.966711953282356e-05,1.0925810784101486e-05
78,78-1:116:23,inner_half,lt16,False,1.0,0.9915658623258352,0.7392557616228996,1.0,0.002729349071159959,0.0026925895363092422,0.0027124357875436544,0.0027124357875436544,1.6913283616304398e-05,-1.9846251234412193e-05,0.0
78,78-1:116:24,all,lt16,False,1.0,0.947165626865497,0.788055274560231,1.0,0.00402236171066761,0.004034120123833418,0.004082339815795422,0.004049613140523434,-2.7251429855823517e-05,-1.5493016690015793e-05,3.2726675271987915e-05
78,78-1:116:24,inner_half,lt16,False,1.0,0.947165626865497,0.788055274560231,1.0,0.0028906716033816338,0.0029165223240852356,0.0029165223240852356,0.0029165223240852356,-2.5850720703601837e-05,0.0,0.0
78,78-1:116:25,all,lt16,False,1.0,0.9202926000847087,0.7204331822796275,1.0,0.002939247991889715,0.0029259936418384314,0.002939247991889715,0.002933523152023554,5.7248398661613464e-06,-7.52951018512249e-06,5.7248398661613464e-06
78,78-1:116:25,inner_half,lt16,False,1.0,0.9202926000847087,0.7204331822796275,1.0,0.005008574575185776,0.005008574575185776,0.005008574575185776,0.005047788377851248,-3.921380266547203e-05,-3.921380266547203e-05,-3.921380266547203e-05
78,78-1:116:26,all,lt16,False,1.0,0.8397491333571727,0.7656721078034863,1.0,0.0025022164918482304,0.0025572224985808134,0.002715031849220395,0.00274811708368361,-0.0002459005918353796,-0.00019089458510279655,-3.3085234463214874e-05
78,78-1:116:26,inner_half,lt16,False,1.0,0.8397491333571727,0.7656721078034863,1.0,0.004772630520164967,0.004476450849324465,0.004594750236719847,0.004598461091518402,0.00017416942864656448,-0.0001220102421939373,-3.710854798555374e-06
78,78-1:116:27,all,lt16,False,1.0,0.9797197634206068,0.8915949320205621,1.0,0.00336849270388484,0.003374092746526003,0.0033724522218108177,0.003374092746526003,-5.600042641162872e-06,0.0,-1.6405247151851654e-06
78,78-1:116:27,inner_half,lt16,False,1.0,0.9797197634206068,0.8915949320205621,1.0,0.004754217807203531,0.004872158635407686,0.004872158635407686,0.004872158635407686,-0.00011794082820415497,0.0,0.0
78,78-1:116:28,all,lt16,False,1.0,0.9656719191279751,0.7528579043376996,1.0,0.0008969219634309411,0.0008667585207149386,0.0009265471599064767,0.0009241485968232155,-2.722663339227438e-05,-5.7390076108276844e-05,2.3985630832612514e-06
78,78-1:116:28,inner_half,lt16,False,1.0,0.9656719191279751,0.7528579043376996,1.0,0.0006863860762678087,0.0006863860762678087,0.0006863860762678087,0.0006863860762678087,0.0,0.0,0.0
78,78-1:116:29,all,16to32,False,1.0,0.9745263501606601,0.873055907515706,1.0,0.0032144589349627495,0.003348287660628557,0.003269330831244588,0.003305338555946946,-9.087962098419666e-05,4.294910468161106e-05,-3.6007724702358246e-05
78,78-1:116:29,inner_half,16to32,False,1.0,0.9745263501606601,0.873055907515706,1.0,0.004786353092640638,0.004786353092640638,0.004786353092640638,0.004786353092640638,0.0,0.0,0.0
78,78-1:116:30,all,16to32,False,1.0,0.936870183207969,0.7066707317968016,1.0,0.003683143062517047,0.0035069033037871122,0.003584449179470539,0.0035926769487559795,9.046611376106739e-05,-8.57736449688673e-05,-8.227769285440445e-06
78,78-1:116:30,inner_half,16to32,False,1.0,0.936870183207969,0.7066707317968016,1.0,0.0036946828477084637,0.003293723799288273,0.003222476691007614,0.0033243217039853334,0.0003703611437231302,-3.0597904697060585e-05,-0.00010184501297771931
78,78-1:116:31,all,lt16,False,1.0,0.9377413288881853,0.731583496081775,1.0,0.0044365073554217815,0.004468072205781937,0.004476110450923443,0.004508862271904945,-7.235491648316383e-05,-4.079006612300873e-05,-3.275182098150253e-05
78,78-1:116:31,inner_half,lt16,False,1.0,0.9377413288881853,0.731583496081775,1.0,0.006354097742587328,0.006354097742587328,0.006354097742587328,0.00644842442125082,-9.43266786634922e-05,-9.43266786634922e-05,-9.43266786634922e-05
78,78-1:116:32,all,lt16,False,1.0,0.9069136527595709,0.6162269222254819,1.0,0.0023325160145759583,0.0022506024688482285,0.0022133924067020416,0.002359044039621949,-2.6528025045990944e-05,-0.00010844157077372074,-0.00014565163291990757
78,78-1:116:32,inner_half,lt16,False,1.0,0.9069136527595709,0.6162269222254819,1.0,0.004246092401444912,0.004246092401444912,0.004246092401444912,0.004735610913485289,-0.0004895185120403767,-0.0004895185120403767,-0.0004895185120403767
78,78-1:116:33,all,16to32,False,1.0,0.9783357409557711,0.7133722657003001,1.0,0.003732390236109495,0.003787182504311204,0.0037742473650723696,0.003746506990864873,-1.411675475537777e-05,4.0675513446331024e-05,2.7740374207496643e-05
78,78-1:116:33,inner_half,16to32,False,1.0,0.9783357409557711,0.7133722657003001,1.0,0.004258038941770792,0.004411703906953335,0.004411703906953335,0.004339099861681461,-8.106091991066933e-05,7.260404527187347e-05,7.260404527187347e-05
78,78-1:116:34,all,lt16,False,1.0,0.9641241412421954,0.5977786458452744,1.0,0.005766585469245911,0.005733015947043896,0.005751505959779024,0.005751610733568668,1.4974735677242279e-05,-1.8594786524772644e-05,-1.0477378964424133e-07
78,78-1:116:34,inner_half,lt16,False,1.0,0.9641241412421954,0.5977786458452744,1.0,0.00879430677741766,0.008770668879151344,0.008844628930091858,0.008733030408620834,6.127636879682541e-05,3.763847053050995e-05,0.00011159852147102356
78,78-1:116:35,all,lt16,False,1.0,0.9090260247673928,0.905722187592451,1.0,0.004804015159606934,0.004749123938381672,0.004687106236815453,0.004721728153526783,8.22870060801506e-05,2.7395784854888916e-05,-3.4621916711330414e-05
78,78-1:116:35,inner_half,lt16,False,1.0,0.9090260247673928,0.905722187592451,1.0,0.008158046752214432,0.00782831758260727,0.00797147024422884,0.00797147024422884,0.0001865765079855919,-0.0001431526616215706,0.0
78,78-1:116:36,all,lt16,False,1.0,0.8382749490552958,0.7350414147802572,1.0,0.0016941241919994354,0.0016359114088118076,0.0016424641944468021,0.0016135270707309246,8.059712126851082e-05,2.2384338080883026e-05,2.8937123715877533e-05
78,78-1:116:36,inner_half,lt16,False,1.0,0.8382749490552958,0.7350414147802572,1.0,0.0019890887197107077,0.0019890887197107077,0.0019890887197107077,0.0019890887197107077,0.0,0.0,0.0
78,78-1:116:37,all,lt16,False,1.0,0.9344142818070683,0.7173617157681866,1.0,0.004110991954803467,0.004119453951716423,0.004089126363396645,0.00418468751013279,-7.369555532932281e-05,-6.523355841636658e-05,-9.556114673614502e-05
78,78-1:116:37,inner_half,lt16,False,1.0,0.9344142818070683,0.7173617157681866,1.0,0.0055546388030052185,0.00543252844363451,0.0055546388030052185,0.005673278588801622,-0.00011863978579640388,-0.00024075014516711235,-0.00011863978579640388
78,78-1:116:38,all,16to32,False,1.0,0.9733670307804866,0.7182990333383221,1.0,0.0023163342848420143,0.0023019679356366396,0.0023019679356366396,0.002136899158358574,0.0001794351264834404,0.00016506877727806568,0.00016506877727806568
78,78-1:116:38,inner_half,16to32,False,1.0,0.9733670307804866,0.7182990333383221,1.0,0.0033751623705029488,0.0033751623705029488,0.0033751623705029488,0.0031176982447504997,0.00025746412575244904,0.00025746412575244904,0.00025746412575244904
78,78-1:116:39,all,lt16,False,1.0,0.9933770939833825,0.8099671750025842,1.0,0.006075255572795868,0.00605357438325882,0.00607556477189064,0.006084132008254528,-8.876435458660126e-06,-3.0557624995708466e-05,-8.567236363887787e-06
78,78-1:116:39,inner_half,lt16,False,1.0,0.9933770939833825,0.8099671750025842,1.0,0.009099183604121208,0.009028774686157703,0.009114821441471577,0.009151003323495388,-5.181971937417984e-05,-0.00012222863733768463,-3.618188202381134e-05
78,78-1:116:40,all,16to32,False,1.0,0.8273556270303088,0.8014026375884153,1.0,0.0018636509776115417,0.0018636509776115417,0.0017201387090608478,0.001733921468257904,0.0001297295093536377,0.0001297295093536377,-1.3782759197056293e-05
78,78-1:116:40,inner_half,16to32,False,1.0,0.8273556270303088,0.8014026375884153,1.0,0.0017280548345297575,0.0017280548345297575,0.0017280548345297575,0.0017280548345297575,0.0,0.0,0.0
78,78-1:116:41,all,lt16,False,1.0,0.9652967694648028,0.6969273778078704,1.0,0.005449498072266579,0.005626579746603966,0.005656070075929165,0.00564177893102169,-0.0001922808587551117,-1.519918441772461e-05,1.4291144907474518e-05
78,78-1:116:41,inner_half,lt16,False,1.0,0.9652967694648028,0.6969273778078704,1.0,0.005754339508712292,0.005809112451970577,0.005809112451970577,0.005811106879264116,-5.676737055182457e-05,-1.9944272935390472e-06,-1.9944272935390472e-06
78,78-1:116:42,all,lt16,False,1.0,0.9862292959539057,0.7645588990309018,1.0,0.0029252495151013136,0.0029914407059550285,0.0028810836374759674,0.0029504213016480207,-2.5171786546707153e-05,4.101940430700779e-05,-6.933766417205334e-05
78,78-1:116:42,inner_half,lt16,False,1.0,0.9862292959539057,0.7645588990309018,1.0,0.004057283513247967,0.004330305382609367,0.003922287840396166,0.004210508894175291,-0.0001532253809273243,0.00011979648843407631,-0.0002882210537791252
78,78-1:116:43,all,16to32,False,1.0,0.940610821534968,0.6400891384497569,1.0,0.0015072207897901535,0.001568200415931642,0.001518729724921286,0.0015459507703781128,-3.872998058795929e-05,2.2249645553529263e-05,-2.7221045456826687e-05
78,78-1:116:43,inner_half,16to32,False,1.0,0.940610821534968,0.6400891384497569,1.0,0.0015997205628082156,0.0018544503254815936,0.0015997205628082156,0.001754640368744731,-0.00015491980593651533,9.980995673686266e-05,-0.00015491980593651533
78,78-1:116:44,all,lt16,False,1.0,0.9726567708895182,0.7328401444676769,1.0,0.0029386235401034355,0.002695968374609947,0.0027459587436169386,0.002758145797997713,0.00018047774210572243,-6.217742338776588e-05,-1.2187054380774498e-05
78,78-1:116:44,inner_half,lt16,False,1.0,0.9726567708895182,0.7328401444676769,1.0,0.0032404072117060423,0.002793773077428341,0.002771594561636448,0.0027463026344776154,0.0004941045772284269,4.7470442950725555e-05,2.529192715883255e-05
78,78-1:116:45,all,lt16,False,1.0,0.8139918634333951,0.7820082065320315,1.0,0.001965965609997511,0.001830096822232008,0.0019339816644787788,0.0018697396153584123,9.622599463909864e-05,-3.9642793126404285e-05,6.424204912036657e-05
78,78-1:116:45,inner_half,lt16,False,1.0,0.8139918634333951,0.7820082065320315,1.0,0.0023116576485335827,0.0023116576485335827,0.0023116576485335827,0.002467955695465207,-0.0001562980469316244,-0.0001562980469316244,-0.0001562980469316244
78,78-1:116:46,all,lt16,False,1.0,0.9700243056360313,0.7294095879722433,1.0,0.002985308412462473,0.0029537337832152843,0.0029793346766382456,0.0029141856357455254,7.112277671694756e-05,3.954814746975899e-05,6.514904089272022e-05
78,78-1:116:46,inner_half,lt16,False,1.0,0.9700243056360313,0.7294095879722433,1.0,0.003844138700515032,0.003844138700515032,0.0038304158952087164,0.0037014044355601072,0.00014273426495492458,0.00014273426495492458,0.00012901145964860916
78,78-1:116:47,all,lt16,False,1.0,0.9787970761094864,0.7131381166478256,1.0,0.0025021620094776154,0.002344787120819092,0.002281622728332877,0.002403578255325556,9.858375415205956e-05,-5.8791134506464005e-05,-0.00012195552699267864
78,78-1:116:47,inner_half,lt16,False,1.0,0.9787970761094864,0.7131381166478256,1.0,0.002123203594237566,0.0021074467804282904,0.0019640738610178232,0.002455247100442648,-0.00033204350620508194,-0.00034780032001435757,-0.0004911732394248247
78,78-1:116:48,all,lt16,False,1.0,0.7370130473312162,0.6624434912459858,1.0,0.0017680046148598194,0.0021668083500117064,0.0018849987536668777,0.0019287557806819677,-0.00016075116582214832,0.00023805256932973862,-4.375702701508999e-05
78,78-1:116:48,inner_half,lt16,False,1.0,0.7370130473312162,0.6624434912459858,1.0,0.0018027516780421138,0.0026127242017537355,0.0018841319251805544,0.001979394583031535,-0.00017664290498942137,0.0006333296187222004,-9.526265785098076e-05
78,78-1:116:49,all,lt16,False,1.0,0.6565461467642204,0.8487597878351394,1.0,0.002075270051136613,0.0021630178671330214,0.00211276370100677,0.0021565903443843126,-8.132029324769974e-05,6.427522748708725e-06,-4.3826643377542496e-05
78,78-1:116:49,inner_half,lt16,False,1.0,0.6565461467642204,0.8487597878351394,1.0,0.0028086949605494738,0.0028086949605494738,0.0028086949605494738,0.0028086949605494738,0.0,0.0,0.0
78,78-1:116:50,all,lt16,False,1.0,0.9853741692038862,0.7779233400287695,1.0,0.004229581914842129,0.004244711250066757,0.004259850364178419,0.004281112924218178,-5.153100937604904e-05,-3.640167415142059e-05,-2.1262560039758682e-05
78,78-1:116:50,inner_half,lt16,False,1.0,0.9853741692038862,0.7779233400287695,1.0,0.004171869717538357,0.004232386127114296,0.004232386127114296,0.00434567965567112,-0.0001738099381327629,-0.00011329352855682373,-0.00011329352855682373
78,78-1:116:51,all,lt16,False,1.0,0.974521533446991,0.6713096837472861,1.0,0.005693428684026003,0.005700509063899517,0.005744953639805317,0.005545148625969887,0.0001482800580561161,0.00015536043792963028,0.00019980501383543015
78,78-1:116:51,inner_half,lt16,False,1.0,0.974521533446991,0.6713096837472861,1.0,0.006456882227212191,0.006456882227212191,0.006456882227212191,0.006402170285582542,5.471194162964821e-05,5.471194162964821e-05,5.471194162964821e-05
78,78-1:116:58,all,ge32,False,1.0,0.6101299356600061,0.7218884418297588,1.0,0.001992887118831277,0.0019776232074946165,0.0020168975461274385,0.0018799423705786467,0.00011294474825263023,9.768083691596985e-05,0.00013695517554879189
78,78-1:116:58,inner_half,ge32,False,1.0,0.6101299356600061,0.7218884418297588,1.0,0.0013503704685717821,0.001402629422955215,0.0014302763156592846,0.0012208616826683283,0.00012950878590345383,0.0001817677402868867,0.0002094146329909563
78,78-1:116:59,all,ge32,True,0.97265625,0.994993881920577,0.9891785794214971,0.98828125,0.011226681992411613,0.007291384972631931,0.007388574071228504,0.008009342476725578,0.003217339515686035,-0.000717957504093647,-0.0006207684054970741
78,78-1:116:59,inner_half,ge32,True,0.97265625,0.994993881920577,0.9891785794214971,1.0,0.011901375837624073,0.01000360306352377,0.010170532390475273,0.010139776393771172,0.0017615994438529015,-0.0001361733302474022,3.075599670410156e-05
78,78-1:116:60,all,ge32,True,1.0,0.998254959991474,0.9873361090175312,1.0,0.007389208301901817,0.008421290665864944,0.008479577489197254,0.007862209342420101,-0.00047300104051828384,0.0005590813234448433,0.000617368146777153
78,78-1:116:60,inner_half,ge32,True,1.0,0.998254959991474,0.9873361090175312,1.0,0.004128766246140003,0.004355774261057377,0.004355774261057377,0.004463463556021452,-0.00033469730988144875,-0.00010768929496407509,-0.00010768929496407509
78,78-1:116:61,all,ge32,True,0.95703125,0.9983433873368672,0.9959092488459218,0.96484375,0.026350950822234154,0.02065206505358219,0.020832745358347893,0.021622097119688988,0.004728853702545166,-0.0009700320661067963,-0.000789351761341095
78,78-1:116:61,inner_half,ge32,True,0.95703125,0.9983433873368672,0.9959092488459218,1.0,0.03509429842233658,0.026503562927246094,0.026370184496045113,0.028172971680760384,0.006921326741576195,-0.0016694087535142899,-0.001802787184715271
78,78-1:116:62,all,ge32,False,1.0,0.800149020782923,0.6649436126405346,1.0,0.0019629537127912045,0.002002561464905739,0.0019767764024436474,0.0020251956302672625,-6.2241917476058e-05,-2.2634165361523628e-05,-4.8419227823615074e-05
78,78-1:116:62,inner_half,ge32,False,1.0,0.800149020782923,0.6649436126405346,1.0,0.0023195743560791016,0.0023218279238790274,0.0021635752636939287,0.002147180261090398,0.00017239409498870373,0.00017464766278862953,1.6395002603530884e-05
78,78-1:116:63,all,ge32,True,0.5546875,0.9994514983634832,0.9964003310206364,0.87109375,0.011253795586526394,0.014058982953429222,0.013908005319535732,0.013818143866956234,-0.00256434828042984,0.00024083908647298813,8.986145257949829e-05
78,78-1:116:63,inner_half,ge32,True,0.5546875,0.9994514983634832,0.9964003310206364,0.953125,0.009418156929314137,0.009524027816951275,0.009106616489589214,0.009407962672412395,1.0194256901741028e-05,0.0001160651445388794,-0.00030134618282318115
78,78-1:116:64,all,ge32,True,0.87890625,0.9980617983018752,0.9970346668631248,0.890625,0.03424505144357681,0.013704830780625343,0.013674338348209858,0.01335281040519476,0.020892241038382053,0.00035202037543058395,0.00032152794301509857
78,78-1:116:64,inner_half,ge32,True,0.87890625,0.9980617983018752,0.9970346668631248,0.859375,0.04396592080593109,0.01472166646271944,0.014773634262382984,0.015103286132216454,0.028862634673714638,-0.0003816196694970131,-0.0003296518698334694
78,78-1:116:65,all,ge32,True,0.98828125,0.9941615109887424,0.9845823764591571,0.9921875,0.022044699639081955,0.019557945430278778,0.019597886130213737,0.019240623340010643,0.002804076299071312,0.00031732209026813507,0.0003572627902030945
78,78-1:116:65,inner_half,ge32,True,0.98828125,0.9941615109887424,0.9845823764591571,1.0,0.016863692551851273,0.0172507893294096,0.01735047996044159,0.01811104640364647,-0.0012473538517951965,-0.0008602570742368698,-0.0007605664432048798
78,78-1:116:66,all,ge32,True,0.94140625,0.9989343644155433,0.9947687861381035,0.95703125,0.038993291556835175,0.03063376620411873,0.0305373203009367,0.030927004292607307,0.008066287264227867,-0.0002932380884885788,-0.0003896839916706085
78,78-1:116:66,inner_half,ge32,True,0.94140625,0.9989343644155433,0.9947687861381035,1.0,0.028075415641069412,0.028198085725307465,0.028201956301927567,0.03009296953678131,-0.002017553895711899,-0.0018948838114738464,-0.0018910132348537445
78,78-1:116:67,all,ge32,True,0.9296875,0.9958523440132523,0.9917929900374369,0.9609375,0.05660685896873474,0.01969059184193611,0.019665982574224472,0.020336724817752838,0.0362701341509819,-0.0006461329758167267,-0.0006707422435283661
78,78-1:116:67,inner_half,ge32,True,0.9296875,0.9958523440132523,0.9917929900374369,1.0,0.07359537482261658,0.015487853437662125,0.015611718408763409,0.017289604991674423,0.056305769830942154,-0.0018017515540122986,-0.0016778865829110146
78,78-1:116:68,all,ge32,True,0.97265625,0.995410711991023,0.9908772589768945,0.98828125,0.04025788605213165,0.020236166194081306,0.020328428596258163,0.019878428429365158,0.020379457622766495,0.0003577377647161484,0.00045000016689300537
78,78-1:116:68,inner_half,ge32,True,0.97265625,0.995410711991023,0.9908772589768945,1.0,0.055915139615535736,0.01965762861073017,0.019810734316706657,0.020190032199025154,0.03572510741651058,-0.0005324035882949829,-0.0003792978823184967
78,78-1:116:69,all,ge32,True,0.9140625,0.9988747256093117,0.9978075193352638,0.96875,0.01976391114294529,0.007531736511737108,0.0074966722168028355,0.0072678858414292336,0.012496025301516056,0.0002638506703078747,0.0002287863753736019
78,78-1:116:69,inner_half,ge32,True,0.9140625,0.9988747256093117,0.9978075193352638,0.984375,0.023954827338457108,0.00695028156042099,0.0069490657187998295,0.007561303675174713,0.016393523663282394,-0.0006110221147537231,-0.0006122379563748837
78,78-1:116:70,all,ge32,True,0.92578125,0.998603259171722,0.9950631034732399,0.9921875,0.02080175094306469,0.021231144666671753,0.021602384746074677,0.021733760833740234,-0.0009320098906755447,-0.0005026161670684814,-0.00013137608766555786
78,78-1:116:70,inner_half,ge32,True,0.92578125,0.998603259171722,0.9950631034732399,1.0,0.01708463579416275,0.014390813186764717,0.014430546201765537,0.01487556379288435,0.0022090720012784004,-0.0004847506061196327,-0.00044501759111881256
78,78-1:116:71,all,ge32,True,1.0,0.9982576170665732,0.993960125763054,1.0,0.04342540353536606,0.03892691433429718,0.039005860686302185,0.038683392107486725,0.0047420114278793335,0.00024352222681045532,0.0003224685788154602
78,78-1:116:71,inner_half,ge32,True,1.0,0.9982576170665732,0.993960125763054,1.0,0.06483102589845657,0.058011822402477264,0.058070167899131775,0.057954080402851105,0.006876945495605469,5.774199962615967e-05,0.00011608749628067017
78,78-1:116:72,all,ge32,True,0.92578125,0.9981820411102246,0.9957356469141638,0.9296875,0.010047534480690956,0.00898213405162096,0.00896657444536686,0.008900520391762257,0.0011470140889286995,8.161365985870361e-05,6.605405360460281e-05
78,78-1:116:72,inner_half,ge32,True,0.92578125,0.9981820411102246,0.9957356469141638,0.921875,0.012444588355720043,0.009533770382404327,0.00951293483376503,0.00981978140771389,0.002624806948006153,-0.0002860110253095627,-0.00030684657394886017
78,78-1:116:73,all,ge32,True,0.95703125,0.9902418476852761,0.9427449813669546,1.0,0.020132141187787056,0.01437073852866888,0.01436779648065567,0.014702348038554192,0.005429793149232864,-0.0003316095098853111,-0.0003345515578985214
78,78-1:116:73,inner_half,ge32,True,0.95703125,0.9902418476852761,0.9427449813669546,1.0,0.014378962107002735,0.015042891725897789,0.015042891725897789,0.01587255299091339,-0.001493590883910656,-0.0008296612650156021,-0.0008296612650156021
78,78-1:116:74,all,ge32,False,1.0,0.9423336189165673,0.6083867608773437,1.0,0.0022531095892190933,0.002146766986697912,0.0022039972245693207,0.002212339546531439,4.0770042687654495e-05,-6.557255983352661e-05,-8.342321962118149e-06
78,78-1:116:74,inner_half,ge32,False,1.0,0.9423336189165673,0.6083867608773437,1.0,0.0014806024264544249,0.001430358039215207,0.001588211627677083,0.0015900665894150734,-0.00010946416296064854,-0.0001597085501998663,-1.8549617379903793e-06
78,78-1:116:75,all,ge32,False,1.0,0.7067811290685948,0.5210740077133855,1.0,0.002137367147952318,0.002241914626210928,0.0023015739861875772,0.0022908076643943787,-0.00015344051644206047,-4.88930381834507e-05,1.0766321793198586e-05
78,78-1:116:75,inner_half,ge32,False,1.0,0.7067811290685948,0.5210740077133855,1.0,0.0021284117829054594,0.002225190633907914,0.002222039271146059,0.002282555680721998,-0.0001541438978165388,-5.736504681408405e-05,-6.051640957593918e-05
78,78-1:116:76,all,ge32,True,0.9375,0.9993956582363375,0.9973238462771739,0.96484375,0.019765140488743782,0.025469521060585976,0.025597255676984787,0.025683870539069176,-0.005918730050325394,-0.00021434947848320007,-8.661486208438873e-05
78,78-1:116:76,inner_half,ge32,True,0.9375,0.9993956582363375,0.9973238462771739,1.0,0.019745592027902603,0.021759608760476112,0.02155260741710663,0.021485470235347748,-0.0017398782074451447,0.00027413852512836456,6.713718175888062e-05
78,78-1:116:77,all,ge32,True,0.96875,0.9994472994372701,0.9961281239139687,0.9765625,0.013963526114821434,0.015180366113781929,0.015092198736965656,0.015444358810782433,-0.0014808326959609985,-0.00026399269700050354,-0.0003521600738167763
78,78-1:116:77,inner_half,ge32,True,0.96875,0.9994472994372701,0.9961281239139687,1.0,0.012400188483297825,0.012520923279225826,0.012520923279225826,0.012219417840242386,0.000180770643055439,0.0003015054389834404,0.0003015054389834404
78,78-1:116:78,all,ge32,True,0.890625,0.9996649516719611,0.9988752361709509,0.97265625,0.010959385894238949,0.01093033142387867,0.01084510050714016,0.01082627009600401,0.00013311579823493958,0.00010406132787466049,1.883041113615036e-05
78,78-1:116:78,inner_half,ge32,True,0.890625,0.9996649516719611,0.9988752361709509,0.984375,0.008275683969259262,0.00694286311045289,0.006770831998437643,0.007311562541872263,0.0009641214273869991,-0.00036869943141937256,-0.0005407305434346199
78,78-1:116:79,all,ge32,False,1.0,0.9940137156192222,0.8967429682330025,1.0,0.001906725112348795,0.001878427341580391,0.001772548072040081,0.0017373734153807163,0.0001693516969680786,0.0001410539261996746,3.51746566593647e-05
78,78-1:116:79,inner_half,ge32,False,1.0,0.9940137156192222,0.8967429682330025,1.0,0.0011630203807726502,0.001152488519437611,0.0011513319332152605,0.0011585324537009,4.487927071750164e-06,-6.043934263288975e-06,-7.200520485639572e-06
78,78-1:116:80,all,ge32,True,0.98046875,0.9997358141116405,0.999282207317205,0.98828125,0.014902840368449688,0.010734094306826591,0.010747572407126427,0.01077669020742178,0.004126150161027908,-4.259590059518814e-05,-2.9117800295352936e-05
78,78-1:116:80,inner_half,ge32,True,0.98046875,0.9997358141116405,0.999282207317205,1.0,0.011083006858825684,0.011935842223465443,0.011936720460653305,0.012524135410785675,-0.0014411285519599915,-0.0005882931873202324,-0.00058741495013237
78,78-1:116:81,all,ge32,False,1.0,0.9945978292060782,0.577666108963349,1.0,0.010036584921181202,0.009818144142627716,0.009814229793846607,0.009889889508485794,0.00014669541269540787,-7.1745365858078e-05,-7.565971463918686e-05
78,78-1:116:81,inner_half,ge32,False,1.0,0.9945978292060782,0.577666108963349,1.0,0.008477643132209778,0.008354635909199715,0.008326631970703602,0.00850106030702591,-2.3417174816131592e-05,-0.00014642439782619476,-0.0001744283363223076
78,78-1:116:82,all,ge32,False,1.0,0.9732043731337559,0.7594407364807,1.0,0.003236599965021014,0.00280626118183136,0.0028046106453984976,0.0028180452063679695,0.0004185547586530447,-1.178402453660965e-05,-1.3434560969471931e-05
78,78-1:116:82,inner_half,ge32,False,1.0,0.9732043731337559,0.7594407364807,1.0,0.0032482724636793137,0.0023207170888781548,0.0023207170888781548,0.002898417878895998,0.00034985458478331566,-0.0005777007900178432,-0.0005777007900178432
78,78-1:116:83,all,ge32,False,1.0,0.9770756415061387,0.6970346072684994,1.0,0.002180376322939992,0.0022605345584452152,0.002203957410529256,0.002215934917330742,-3.555859439074993e-05,4.459964111447334e-05,-1.1977506801486015e-05
78,78-1:116:83,inner_half,ge32,False,1.0,0.9770756415061387,0.6970346072684994,1.0,0.0021145674400031567,0.0021034572273492813,0.0020271437242627144,0.002118296455591917,-3.729015588760376e-06,-1.4839228242635727e-05,-9.115273132920265e-05
78,78-1:116:84,all,ge32,False,1.0,0.9906753763262806,0.8006855374135198,1.0,0.0033020670525729656,0.003415745683014393,0.0034844388719648123,0.00354221323505044,-0.0002401461824774742,-0.00012646755203604698,-5.7774363085627556e-05
78,78-1:116:84,inner_half,ge32,False,1.0,0.9906753763262806,0.8006855374135198,1.0,0.004519112873822451,0.0046812547370791435,0.004406816326081753,0.004456541500985622,6.257137283682823e-05,0.00022471323609352112,-4.972517490386963e-05
78,78-1:116:85,all,ge32,False,1.0,0.9951396581091517,0.7284809872073801,1.0,0.0011298134922981262,0.0011567560723051429,0.0011739296605810523,0.0011571450158953667,-2.7331523597240448e-05,-3.889435902237892e-07,1.6784644685685635e-05
78,78-1:116:85,inner_half,ge32,False,1.0,0.9951396581091517,0.7284809872073801,1.0,0.0005471824551932514,0.000525640498381108,0.000525640498381108,0.000525640498381108,2.1541956812143326e-05,0.0,0.0
78,78-1:116:86,all,ge32,False,1.0,0.9194819618784934,0.8125970666535315,1.0,0.0025249160826206207,0.0025497539900243282,0.0025168079882860184,0.002456141635775566,6.877444684505463e-05,9.361235424876213e-05,6.066635251045227e-05
78,78-1:116:86,inner_half,ge32,False,1.0,0.9194819618784934,0.8125970666535315,1.0,0.0007373696425929666,0.0007910249987617135,0.0007373696425929666,0.0007373697590082884,-1.1641532182693481e-10,5.365523975342512e-05,-1.1641532182693481e-10
78,78-1:116:87,all,ge32,False,1.0,0.600029558031147,0.531721080909094,1.0,0.002284909365698695,0.002495794789865613,0.0021398705430328846,0.0020943484269082546,0.00019056093879044056,0.00040144636295735836,4.5522116124629974e-05
78,78-1:116:87,inner_half,ge32,False,1.0,0.600029558031147,0.531721080909094,1.0,0.003160207998007536,0.0036903955042362213,0.002528651151806116,0.0026192660443484783,0.0005409419536590576,0.001071129459887743,-9.061489254236221e-05
78,78-1:116:88,all,ge32,True,0.9296875,0.9997837435164775,0.9975923031304127,0.96875,0.015105108730494976,0.017201369628310204,0.017220236361026764,0.017225103452801704,-0.0021199947223067284,-2.3733824491500854e-05,-4.867091774940491e-06
78,78-1:116:88,inner_half,ge32,True,0.9296875,0.9997837435164775,0.9975923031304127,1.0,0.01573939248919487,0.015299675986170769,0.015299675986170769,0.015438739210367203,0.00030065327882766724,-0.00013906322419643402,-0.00013906322419643402
78,78-1:116:89,all,ge32,True,0.8125,0.9993668167112189,0.9971432411386557,0.89453125,0.014368931762874126,0.01884831115603447,0.018925394862890244,0.01819046214222908,-0.0038215303793549538,0.0006578490138053894,0.0007349327206611633
78,78-1:116:89,inner_half,ge32,True,0.8125,0.9993668167112189,0.9971432411386557,1.0,0.014102073386311531,0.015084104612469673,0.014967380091547966,0.014320207759737968,-0.00021813437342643738,0.0007638968527317047,0.0006471723318099976
78,78-1:116:90,all,ge32,True,0.96484375,0.9997717839989605,0.9971482074642328,0.96875,0.014869911596179008,0.018176443874835968,0.018210237845778465,0.018655437976121902,-0.003785526379942894,-0.00047899410128593445,-0.0004452001303434372
78,78-1:116:90,inner_half,ge32,True,0.96484375,0.9997717839989605,0.9971482074642328,1.0,0.01607833430171013,0.01764615997672081,0.017362605780363083,0.01828918233513832,-0.002210848033428192,-0.000643022358417511,-0.000926576554775238
78,78-1:116:91,all,ge32,True,0.9453125,0.9998446993420446,0.9989423530155103,0.98828125,0.011937560513615608,0.012912038713693619,0.012983040884137154,0.01310303807258606,-0.0011654775589704514,-0.0001909993588924408,-0.00011999718844890594
78,78-1:116:91,inner_half,ge32,True,0.9453125,0.9998446993420446,0.9989423530155103,1.0,0.012700577266514301,0.01235758513212204,0.012355849146842957,0.012370968237519264,0.0003296090289950371,-1.3383105397224426e-05,-1.5119090676307678e-05
78,78-1:116:92,all,ge32,True,0.921875,0.9998412715937838,0.9986284046821323,0.953125,0.01803061179816723,0.019831696525216103,0.019886774942278862,0.01937946118414402,-0.0013488493859767914,0.0004522353410720825,0.0005073137581348419
78,78-1:116:92,inner_half,ge32,True,0.921875,0.9998412715937838,0.9986284046821323,1.0,0.017507795244455338,0.016891518607735634,0.017131531611084938,0.014958798885345459,0.0025489963591098785,0.0019327197223901749,0.002172732725739479
78,78-1:116:93,all,ge32,True,0.8515625,0.9993179515892918,0.9924617687677152,0.9140625,0.0462644137442112,0.04519876092672348,0.04517195001244545,0.04402877762913704,0.0022356361150741577,0.001169983297586441,0.0011431723833084106
78,78-1:116:93,inner_half,ge32,True,0.8515625,0.9993179515892918,0.9924617687677152,1.0,0.050152841955423355,0.05103512480854988,0.05110493674874306,0.05045339837670326,-0.0003005564212799072,0.0005817264318466187,0.0006515383720397949
78,78-1:116:94,all,16to32,True,0.9375,0.9990220290666181,0.9941546141915172,0.9375,0.011782918125391006,0.01406499557197094,0.014166067354381084,0.013795563019812107,-0.0020126448944211006,0.00026943255215883255,0.00037050433456897736
78,78-1:116:94,inner_half,16to32,True,0.9375,0.9990220290666181,0.9941546141915172,1.0,0.010853426530957222,0.01117651630192995,0.01110241562128067,0.011187944561243057,-0.00033451803028583527,-1.1428259313106537e-05,-8.552893996238708e-05
78,78-1:116:95,all,ge32,True,0.87890625,0.9999077832237065,0.9991886325500344,0.91796875,0.013722123578190804,0.014998762868344784,0.014986659400165081,0.015108359977602959,-0.0013862363994121552,-0.0001095971092581749,-0.00012170057743787766
78,78-1:116:95,inner_half,ge32,True,0.87890625,0.9999077832237065,0.9991886325500344,1.0,0.010867929086089134,0.011013474315404892,0.011013474315404892,0.010958483442664146,-9.055435657501221e-05,5.4990872740745544e-05,5.4990872740745544e-05
78,78-1:116:96,all,ge32,False,1.0,0.8712731571180186,0.7633940140523331,1.0,0.0011345453094691038,0.0011314039584249258,0.0011225679190829396,0.0011467623990029097,-1.2217089533805847e-05,-1.5358440577983856e-05,-2.4194479919970036e-05
78,78-1:116:96,inner_half,ge32,False,1.0,0.8712731571180186,0.7633940140523331,1.0,0.001178596867248416,0.0011681849136948586,0.001178596867248416,0.001174707431346178,3.889435902237892e-06,-6.522517651319504e-06,3.889435902237892e-06
78,78-1:232:0,all,lt16,False,0.9375,0.9971288479106919,0.928184999791937,0.9375,0.011845272965729237,0.011666569858789444,0.011719372123479843,0.011661672033369541,0.00018360093235969543,4.8978254199028015e-06,5.770009011030197e-05
78,78-1:232:0,inner_half,lt16,False,0.9375,0.9971288479106919,0.928184999791937,1.0,0.018017280846834183,0.017639638856053352,0.017864752560853958,0.017558978870511055,0.00045830197632312775,8.065998554229736e-05,0.00030577369034290314
78,78-1:232:1,all,16to32,False,1.0,0.6763688881708032,0.7120392619738878,1.0,0.011110145598649979,0.011086997576057911,0.01108456403017044,0.011139560490846634,-2.9414892196655273e-05,-5.256291478872299e-05,-5.499646067619324e-05
78,78-1:232:1,inner_half,16to32,False,1.0,0.6763688881708032,0.7120392619738878,1.0,0.012310713529586792,0.012355073355138302,0.012238685972988605,0.01238030381500721,-6.959028542041779e-05,-2.523045986890793e-05,-0.00014161784201860428
78,78-1:232:2,all,16to32,False,1.0,0.9860239037028701,0.8611412646628971,1.0,0.030696002766489983,0.030610239133238792,0.03061840683221817,0.030597718432545662,9.828433394432068e-05,1.2520700693130493e-05,2.068839967250824e-05
78,78-1:232:2,inner_half,16to32,False,1.0,0.9860239037028701,0.8611412646628971,1.0,0.05860966816544533,0.058258239179849625,0.058258239179849625,0.05815567448735237,0.00045399367809295654,0.00010256469249725342,0.00010256469249725342
78,78-1:232:3,all,16to32,False,1.0,0.6804112321332515,0.8611220983485643,1.0,0.01944044604897499,0.019488003104925156,0.0198480486869812,0.019827499985694885,-0.0003870539367198944,-0.0003394968807697296,2.0548701286315918e-05
78,78-1:232:3,inner_half,16to32,False,1.0,0.6804112321332515,0.8611220983485643,1.0,0.018308596685528755,0.018428292125463486,0.01809297874569893,0.018108956515789032,0.0001996401697397232,0.00031933560967445374,-1.597777009010315e-05
78,78-1:232:4,all,ge32,True,0.9140625,0.9929908449054136,0.9813540948704543,0.9296875,0.021119998767971992,0.017773013561964035,0.017907612025737762,0.017672188580036163,0.003447810187935829,0.0001008249819278717,0.00023542344570159912
78,78-1:232:4,inner_half,ge32,True,0.9140625,0.9929908449054136,0.9813540948704543,1.0,0.02898675575852394,0.018127501010894775,0.018181614577770233,0.019140684977173805,0.009846070781350136,-0.0010131839662790298,-0.0009590703994035721
78,78-1:232:5,all,16to32,False,1.0,0.9511344257728302,0.6756934591417386,1.0,0.0070391446352005005,0.006973102688789368,0.0068882666528224945,0.006848977878689766,0.00019016675651073456,0.00012412481009960175,3.928877413272858e-05
78,78-1:232:5,inner_half,16to32,False,1.0,0.9511344257728302,0.6756934591417386,1.0,0.00573764368891716,0.0057400972582399845,0.00573764368891716,0.005744345486164093,-6.701797246932983e-06,-4.248227924108505e-06,-6.701797246932983e-06
78,78-1:232:6,all,lt16,False,1.0,0.69208540895104,0.6456120035567168,1.0,0.03144405037164688,0.0312021616846323,0.03136928752064705,0.03140745684504509,3.659352660179138e-05,-0.0002052951604127884,-3.816932439804077e-05
78,78-1:232:6,inner_half,lt16,False,1.0,0.69208540895104,0.6456120035567168,1.0,0.04254581779241562,0.04164488613605499,0.04192684590816498,0.04193875193595886,0.0006070658564567566,-0.00029386579990386963,-1.1906027793884277e-05
78,78-1:232:7,all,16to32,True,0.7890625,0.9991028556063869,0.998751437621806,0.8828125,0.050207991153001785,0.02264801412820816,0.022700129076838493,0.022707723081111908,0.027500268071889877,-5.970895290374756e-05,-7.594004273414612e-06
78,78-1:232:7,inner_half,16to32,True,0.7890625,0.9991028556063869,0.998751437621806,0.953125,0.10139989107847214,0.030429618433117867,0.030531633645296097,0.03060622327029705,0.07079366780817509,-0.00017660483717918396,-7.458962500095367e-05
78,78-1:232:8,all,16to32,True,1.0,0.9983682866857759,0.9981047267812875,1.0,0.023141885176301003,0.021107668057084084,0.021069590002298355,0.0212800744920969,0.0018618106842041016,-0.00017240643501281738,-0.00021048448979854584
78,78-1:232:8,inner_half,16to32,True,1.0,0.9983682866857759,0.9981047267812875,1.0,0.034131281077861786,0.02217395231127739,0.022134937345981598,0.022048354148864746,0.01208292692899704,0.00012559816241264343,8.65831971168518e-05
78,78-1:232:9,all,lt16,False,1.0,0.9879372004353743,0.9011149867108064,1.0,0.008798163384199142,0.008511368185281754,0.008502647280693054,0.008514982648193836,0.00028318073600530624,-3.614462912082672e-06,-1.2335367500782013e-05
78,78-1:232:9,inner_half,lt16,False,1.0,0.9879372004353743,0.9011149867108064,1.0,0.006104831583797932,0.00605061836540699,0.005985574331134558,0.006044276058673859,6.055552512407303e-05,6.342306733131409e-06,-5.870172753930092e-05
78,78-1:232:10,all,lt16,False,0.9375,0.9986657468563074,0.7972268728191773,0.9375,0.00783290434628725,0.007855622097849846,0.007855622097849846,0.007827266119420528,5.638226866722107e-06,2.8355978429317474e-05,2.8355978429317474e-05
78,78-1:232:10,inner_half,lt16,False,0.9375,0.9986657468563074,0.7972268728191773,1.0,0.009710216894745827,0.009710216894745827,0.009710216894745827,0.009671621024608612,3.859587013721466e-05,3.859587013721466e-05,3.859587013721466e-05
78,78-1:232:11,all,16to32,True,0.66015625,0.9993831124318828,0.9997388170414195,1.0,0.03709721565246582,0.026663901284337044,0.026813114061951637,0.026958337053656578,0.010138878598809242,-0.0002944357693195343,-0.0001452229917049408
78,78-1:232:11,inner_half,16to32,True,0.66015625,0.9993831124318828,0.9997388170414195,1.0,0.07241426408290863,0.04032718390226364,0.04115963727235794,0.04163850098848343,0.0307757630944252,-0.0013113170862197876,-0.0004788637161254883
78,78-1:232:12,all,16to32,True,0.796875,0.99957174117435,0.9981932579796552,0.91015625,0.02073391154408455,0.025225024670362473,0.025188326835632324,0.025667276233434677,-0.004933364689350128,-0.0004422515630722046,-0.0004789493978023529
78,78-1:232:12,inner_half,16to32,True,0.796875,0.99957174117435,0.9981932579796552,1.0,0.03118356317281723,0.03860669583082199,0.03860892727971077,0.039914604276418686,-0.008731041103601456,-0.001307908445596695,-0.0013056769967079163
78,78-1:232:13,all,16to32,True,0.8359375,0.9996160943150934,0.998721603469473,0.90625,0.02517354115843773,0.031266383826732635,0.031224437057971954,0.031770069152116776,-0.006596527993679047,-0.00050368532538414,-0.0005456320941448212
78,78-1:232:13,inner_half,16to32,True,0.8359375,0.9996160943150934,0.998721603469473,1.0,0.03535293787717819,0.04521045833826065,0.04529183730483055,0.04642467945814133,-0.011071741580963135,-0.0012142211198806763,-0.0011328421533107758
78,78-1:232:14,all,lt16,False,0.9375,0.99820366955327,0.838629628702819,1.0,0.015504884533584118,0.015686918050050735,0.0156729593873024,0.015489649958908558,1.5234574675559998e-05,0.00019726809114217758,0.0001833094283938408
78,78-1:232:14,inner_half,lt16,False,0.9375,0.99820366955327,0.838629628702819,1.0,0.014245465397834778,0.014450153335928917,0.014450153335928917,0.014070797711610794,0.00017466768622398376,0.00037935562431812286,0.00037935562431812286
78,78-1:232:15,all,lt16,False,1.0,0.9627121087357152,0.9576164761448741,1.0,0.06808654218912125,0.06782916188240051,0.06773726642131805,0.06776072829961777,0.000325813889503479,6.843358278274536e-05,-2.3461878299713135e-05
78,78-1:232:15,inner_half,lt16,False,1.0,0.9627121087357152,0.9576164761448741,1.0,0.11496879905462265,0.11423560976982117,0.1141529381275177,0.11436077952384949,0.0006080195307731628,-0.0001251697540283203,-0.0002078413963317871
78,78-1:232:16,all,16to32,False,1.0,0.9738730213431288,0.6846160797026748,1.0,0.01933300495147705,0.01930251345038414,0.01931060664355755,0.019373461604118347,-4.045665264129639e-05,-7.094815373420715e-05,-6.285496056079865e-05
78,78-1:232:16,inner_half,16to32,False,1.0,0.9738730213431288,0.6846160797026748,1.0,0.02611556276679039,0.025986135005950928,0.02600821480154991,0.026069430634379387,4.613213241100311e-05,-8.329562842845917e-05,-6.12158328294754e-05
78,78-1:232:17,all,lt16,False,1.0,0.9743663667707365,0.8434853327880831,1.0,0.01127865444868803,0.011295948177576065,0.011286957189440727,0.011296755634248257,-1.810118556022644e-05,-8.074566721916199e-07,-9.79844480752945e-06
78,78-1:232:17,inner_half,lt16,False,1.0,0.9743663667707365,0.8434853327880831,1.0,0.015022726729512215,0.01503613032400608,0.01503613032400608,0.015048517845571041,-2.5791116058826447e-05,-1.238752156496048e-05,-1.238752156496048e-05
78,78-1:232:18,all,lt16,False,1.0,0.9692585346348809,0.8074429564214151,1.0,0.009521031752228737,0.00953119806945324,0.009537426754832268,0.009538128972053528,-1.7097219824790955e-05,-6.930902600288391e-06,-7.022172212600708e-07
78,78-1:232:18,inner_half,lt16,False,1.0,0.9692585346348809,0.8074429564214151,1.0,0.01309150643646717,0.01309150643646717,0.01309150643646717,0.01309150643646717,0.0,0.0,0.0
78,78-1:232:19,all,lt16,False,1.0,0.8826918123976853,0.7781068684704487,1.0,0.012419017031788826,0.012434355914592743,0.012386459857225418,0.012365905568003654,5.311146378517151e-05,6.845034658908844e-05,2.055428922176361e-05
78,78-1:232:19,inner_half,lt16,False,1.0,0.8826918123976853,0.7781068684704487,1.0,0.013218317180871964,0.01328517496585846,0.013348963111639023,0.01335231401026249,-0.00013399682939052582,-6.713904440402985e-05,-3.3508986234664917e-06
78,78-1:232:20,all,lt16,False,1.0,0.992979451571885,0.8657928325806445,1.0,0.008337458595633507,0.008349301293492317,0.00837369542568922,0.008488336578011513,-0.00015087798237800598,-0.00013903528451919556,-0.00011464115232229233
78,78-1:232:20,inner_half,lt16,False,1.0,0.992979451571885,0.8657928325806445,1.0,0.011134430766105652,0.011115641333162785,0.011284006759524345,0.011584755033254623,-0.00045032426714897156,-0.00046911370009183884,-0.000300748273730278
78,78-1:232:21,all,lt16,False,1.0,0.9785599867183371,0.87365763771681,1.0,0.010923279449343681,0.010870637372136116,0.011068282648921013,0.011037072166800499,-0.00011379271745681763,-0.00016643479466438293,3.1210482120513916e-05
78,78-1:232:21,inner_half,lt16,False,1.0,0.9785599867183371,0.87365763771681,1.0,0.013703889213502407,0.013703889213502407,0.014225779101252556,0.014178108423948288,-0.0004742192104458809,-0.0004742192104458809,4.767067730426788e-05
78,78-1:232:22,all,lt16,False,1.0,0.9988288889338727,0.6668454129546613,1.0,0.01089499145746231,0.010882748290896416,0.010872461833059788,0.010817579925060272,7.741153240203857e-05,6.51683658361435e-05,5.4881907999515533e-05
78,78-1:232:22,inner_half,lt16,False,1.0,0.9988288889338727,0.6668454129546613,1.0,0.012261305004358292,0.012165723368525505,0.012180682271718979,0.01215706579387188,0.00010423921048641205,8.657574653625488e-06,2.3616477847099304e-05
78,78-1:232:23,all,16to32,False,1.0,0.9807829300509899,0.6255106845237628,1.0,0.009597476571798325,0.009609723463654518,0.009584791958332062,0.009609723463654518,-1.2246891856193542e-05,0.0,-2.493150532245636e-05
78,78-1:232:23,inner_half,16to32,False,1.0,0.9807829300509899,0.6255106845237628,1.0,0.0123291015625,0.0123291015625,0.0123291015625,0.0123291015625,0.0,0.0,0.0
78,78-1:232:24,all,lt16,False,1.0,0.9761906481712325,0.6230312560819511,1.0,0.008837977424263954,0.008789537474513054,0.008770150132477283,0.008770270273089409,6.770715117454529e-05,1.926720142364502e-05,-1.2014061212539673e-07
78,78-1:232:24,inner_half,lt16,False,1.0,0.9761906481712325,0.6230312560819511,1.0,0.01135006733238697,0.01120549812912941,0.011096232570707798,0.011096232570707798,0.0002538347616791725,0.00010926555842161179,0.0
78,78-1:232:25,all,lt16,False,1.0,0.9818164243050602,0.5884140629332899,1.0,0.009000083431601524,0.009000083431601524,0.009000083431601524,0.008998647332191467,1.4360994100570679e-06,1.4360994100570679e-06,1.4360994100570679e-06
78,78-1:232:25,inner_half,lt16,False,1.0,0.9818164243050602,0.5884140629332899,1.0,0.011453685350716114,0.011453685350716114,0.011453685350716114,0.011453685350716114,0.0,0.0,0.0
78,78-1:232:26,all,16to32,False,1.0,0.9090809324372683,0.9028891072078747,1.0,0.01331651583313942,0.013318097218871117,0.013322783634066582,0.013337448239326477,-2.0932406187057495e-05,-1.9351020455360413e-05,-1.4664605259895325e-05
78,78-1:232:26,inner_half,16to32,False,1.0,0.9090809324372683,0.9028891072078747,1.0,0.019076500087976456,0.019076500087976456,0.01911688968539238,0.019076500087976456,0.0,0.0,4.038959741592407e-05
78,78-1:232:27,all,16to32,False,1.0,0.9523968036950644,0.8014335453720915,1.0,0.01038444321602583,0.010383500717580318,0.01013912633061409,0.010189924389123917,0.0001945188269019127,0.00019357632845640182,-5.079805850982666e-05
78,78-1:232:27,inner_half,16to32,False,1.0,0.9523968036950644,0.8014335453720915,1.0,0.01052782405167818,0.01052782405167818,0.010712605901062489,0.010572287254035473,-4.4463202357292175e-05,-4.4463202357292175e-05,0.00014031864702701569
78,78-1:232:28,all,lt16,False,1.0,0.9555371084558804,0.8140901883368792,1.0,0.00830497033894062,0.008360261097550392,0.008330415934324265,0.008330415934324265,-2.5445595383644104e-05,2.9845163226127625e-05,0.0
78,78-1:232:28,inner_half,lt16,False,1.0,0.9555371084558804,0.8140901883368792,1.0,0.010901141911745071,0.010901141911745071,0.010901141911745071,0.010901141911745071,0.0,0.0,0.0
78,78-1:232:29,all,lt16,False,1.0,0.9884342656639492,0.6768952532396154,1.0,0.010948734357953072,0.010950310155749321,0.010905841365456581,0.010898401029407978,5.0333328545093536e-05,5.1909126341342926e-05,7.440336048603058e-06
78,78-1:232:29,inner_half,lt16,False,1.0,0.9884342656639492,0.6768952532396154,1.0,0.013525867834687233,0.013525867834687233,0.013525867834687233,0.013525867834687233,0.0,0.0,0.0
78,78-1:232:30,all,lt16,False,1.0,0.9027592092732342,0.8227094321541453,1.0,0.014689351432025433,0.014819875359535217,0.014737601391971111,0.014700232073664665,-1.0880641639232635e-05,0.00011964328587055206,3.7369318306446075e-05
78,78-1:232:30,inner_half,lt16,False,1.0,0.9027592092732342,0.8227094321541453,1.0,0.013748709112405777,0.013811100274324417,0.013748709112405777,0.01348799280822277,0.0002607163041830063,0.0003231074661016464,0.0002607163041830063
78,78-1:232:31,all,lt16,False,1.0,0.882531110672519,0.908680803592745,1.0,0.01293429359793663,0.012927522882819176,0.012894176878035069,0.012904873117804527,2.9420480132102966e-05,2.2649765014648438e-05,-1.069623976945877e-05
78,78-1:232:31,inner_half,lt16,False,1.0,0.882531110672519,0.908680803592745,1.0,0.012419055216014385,0.012480749748647213,0.012226535007357597,0.012226535007357597,0.00019252020865678787,0.00025421474128961563,0.0
78,78-1:232:32,all,lt16,False,1.0,0.998832489122497,0.5463638924427452,1.0,0.009288487955927849,0.009256334975361824,0.009252699092030525,0.009251018986105919,3.746896982192993e-05,5.315989255905151e-06,1.6801059246063232e-06
78,78-1:232:32,inner_half,lt16,False,1.0,0.998832489122497,0.5463638924427452,1.0,0.010514742694795132,0.010466473177075386,0.010466473177075386,0.010466473177075386,4.8269517719745636e-05,0.0,0.0
78,78-1:232:33,all,lt16,False,1.0,0.9621320575593867,0.6629640613396731,1.0,0.011329910717904568,0.011330748908221722,0.01141400821506977,0.011396177113056183,-6.626639515161514e-05,-6.542820483446121e-05,1.783110201358795e-05
78,78-1:232:33,inner_half,lt16,False,1.0,0.9621320575593867,0.6629640613396731,1.0,0.012223726138472557,0.012223726138472557,0.012223726138472557,0.012179325334727764,4.440080374479294e-05,4.440080374479294e-05,4.440080374479294e-05
78,78-1:232:34,all,lt16,False,1.0,0.9070817547721202,0.7350276371185913,1.0,0.013323578983545303,0.013330765068531036,0.013335112482309341,0.013341818936169147,-1.8239952623844147e-05,-1.1053867638111115e-05,-6.706453859806061e-06
78,78-1:232:34,inner_half,lt16,False,1.0,0.9070817547721202,0.7350276371185913,1.0,0.01585005223751068,0.01585005223751068,0.01592114195227623,0.01592114195227623,-7.10897147655487e-05,-7.10897147655487e-05,0.0
78,78-1:232:35,all,lt16,False,1.0,0.9058431490744472,0.929721206666137,1.0,0.012897352688014507,0.012854678556323051,0.012854678556323051,0.012854678556323051,4.267413169145584e-05,0.0,0.0
78,78-1:232:35,inner_half,lt16,False,1.0,0.9058431490744472,0.929721206666137,1.0,0.014638824388384819,0.014342204667627811,0.014342204667627811,0.014342204667627811,0.0002966197207570076,0.0,0.0
78,78-1:232:36,all,16to32,False,1.0,0.9516913860428912,0.6438997285327779,1.0,0.007623015902936459,0.007622652221471071,0.007619895506650209,0.007535293232649565,8.772267028689384e-05,8.73589888215065e-05,8.460227400064468e-05
78,78-1:232:36,inner_half,16to32,False,1.0,0.9516913860428912,0.6438997285327779,1.0,0.009861364960670471,0.009899202734231949,0.009698724374175072,0.009477521292865276,0.00038384366780519485,0.0004216814413666725,0.00022120308130979538
78,78-1:232:37,all,lt16,False,1.0,0.999104432319612,0.8964240965474044,1.0,0.014080607332289219,0.014032237231731415,0.014000702649354935,0.01403963752090931,4.0969811379909515e-05,-7.400289177894592e-06,-3.8934871554374695e-05
78,78-1:232:37,inner_half,lt16,False,1.0,0.999104432319612,0.8964240965474044,1.0,0.019093111157417297,0.019093111157417297,0.019093111157417297,0.019093111157417297,0.0,0.0,0.0
78,78-1:232:38,all,lt16,False,1.0,0.9975152730899648,0.6446807095785734,1.0,0.008053884841501713,0.0080943051725626,0.008106661960482597,0.008110810071229935,-5.692522972822189e-05,-1.650489866733551e-05,-4.148110747337341e-06
78,78-1:232:38,inner_half,lt16,False,1.0,0.9975152730899648,0.6446807095785734,1.0,0.011755334213376045,0.011755334213376045,0.011737961322069168,0.011743785813450813,1.1548399925231934e-05,1.1548399925231934e-05,-5.824491381645203e-06
78,78-1:232:39,all,16to32,False,1.0,0.9466133333384227,0.708153709611606,1.0,0.009668514132499695,0.009656112641096115,0.009596403688192368,0.009710261598229408,-4.174746572971344e-05,-5.414895713329315e-05,-0.00011385791003704071
78,78-1:232:39,inner_half,16to32,False,1.0,0.9466133333384227,0.708153709611606,1.0,0.010202048346400261,0.010290250182151794,0.010230770334601402,0.010249201208353043,-4.715286195278168e-05,4.104897379875183e-05,-1.843087375164032e-05
78,78-1:232:40,all,lt16,False,1.0,0.9967137983005285,0.9597995787402941,1.0,0.012086822651326656,0.012102864682674408,0.012124939821660519,0.012106264941394329,-1.944229006767273e-05,-3.400258719921112e-06,1.8674880266189575e-05
78,78-1:232:40,inner_half,lt16,False,1.0,0.9967137983005285,0.9597995787402941,1.0,0.01625300943851471,0.016201626509428024,0.0163457989692688,0.0163457989692688,-9.278953075408936e-05,-0.00014417245984077454,0.0
78,78-1:232:41,all,lt16,False,1.0,0.8971044481117911,0.9646676905194612,1.0,0.009216301143169403,0.009273665025830269,0.009263617917895317,0.009276232682168484,-5.993153899908066e-05,-2.5676563382148743e-06,-1.2614764273166656e-05
78,78-1:232:41,inner_half,lt16,False,1.0,0.8971044481117911,0.9646676905194612,1.0,0.010973621159791946,0.010973621159791946,0.010973621159791946,0.010973621159791946,0.0,0.0,0.0
78,78-1:232:42,all,lt16,False,1.0,0.9561549509770731,0.8825949612727866,1.0,0.012648940086364746,0.012690862640738487,0.012577677145600319,0.01260354183614254,4.5398250222206116e-05,8.732080459594727e-05,-2.586469054222107e-05
78,78-1:232:42,inner_half,lt16,False,1.0,0.9561549509770731,0.8825949612727866,1.0,0.014977952465415001,0.014897191897034645,0.014784794300794601,0.014704032801091671,0.0002739196643233299,0.0001931590959429741,8.076149970293045e-05
78,78-1:232:43,all,16to32,False,1.0,0.9675642102280524,0.831604359600203,1.0,0.010792427696287632,0.011025482788681984,0.011024300940334797,0.011034323833882809,-0.0002418961375951767,-8.841045200824738e-06,-1.002289354801178e-05
78,78-1:232:43,inner_half,16to32,False,1.0,0.9675642102280524,0.831604359600203,1.0,0.010491184890270233,0.010855121538043022,0.010855121538043022,0.010855121538043022,-0.000363936647772789,0.0,0.0
78,78-1:232:44,all,lt16,False,1.0,0.9978575168161078,0.5386218144100167,1.0,0.007326916791498661,0.007311014924198389,0.007349735591560602,0.007328263018280268,-1.3462267816066742e-06,-1.7248094081878662e-05,2.1472573280334473e-05
78,78-1:232:44,inner_half,lt16,False,1.0,0.9978575168161078,0.5386218144100167,1.0,0.008896770887076855,0.008802585303783417,0.008896770887076855,0.008815867826342583,8.0903060734272e-05,-1.3282522559165955e-05,8.0903060734272e-05
78,78-1:232:45,all,lt16,False,1.0,0.9989669594439653,0.8359012330121589,1.0,0.009857896715402603,0.009831283241510391,0.009815346449613571,0.00982530415058136,3.2592564821243286e-05,5.979090929031372e-06,-9.957700967788696e-06
78,78-1:232:45,inner_half,lt16,False,1.0,0.9989669594439653,0.8359012330121589,1.0,0.010048379190266132,0.01004632469266653,0.010048379190266132,0.01004632469266653,2.0544975996017456e-06,0.0,2.0544975996017456e-06
78,78-1:232:46,all,lt16,False,1.0,0.9936505531306433,0.8864192464874964,1.0,0.012327147647738457,0.0123537452891469,0.012338083237409592,0.012362586334347725,-3.543868660926819e-05,-8.841045200824738e-06,-2.450309693813324e-05
78,78-1:232:46,inner_half,lt16,False,1.0,0.9936505531306433,0.8864192464874964,1.0,0.010674193501472473,0.01059706136584282,0.010598736815154552,0.010593830607831478,8.036289364099503e-05,3.230758011341095e-06,4.906207323074341e-06
78,78-1:232:47,all,lt16,False,1.0,0.9432475469527933,0.6803891930788866,1.0,0.01309778168797493,0.013042131438851357,0.01313316635787487,0.013099661096930504,-1.8794089555740356e-06,-5.752965807914734e-05,3.3505260944366455e-05
78,78-1:232:47,inner_half,lt16,False,1.0,0.9432475469527933,0.6803891930788866,1.0,0.015159817412495613,0.015116074122488499,0.01521121896803379,0.015244387090206146,-8.456967771053314e-05,-0.00012831296771764755,-3.316812217235565e-05
78,78-1:232:48,all,lt16,False,1.0,0.8928770727648392,0.9231726066758666,1.0,0.014841372147202492,0.014798453077673912,0.014654137194156647,0.014656087383627892,0.00018528476357460022,0.0001423656940460205,-1.950189471244812e-06
78,78-1:232:48,inner_half,lt16,False,1.0,0.8928770727648392,0.9231726066758666,1.0,0.016996975988149643,0.016970286145806313,0.01688278280198574,0.016867365688085556,0.00012961030006408691,0.00010292045772075653,1.541711390018463e-05
78,78-1:232:49,all,lt16,False,1.0,0.9558732254717179,0.8895510204789615,1.0,0.010457522235810757,0.010457691736519337,0.010484105907380581,0.010515909641981125,-5.8387406170368195e-05,-5.821790546178818e-05,-3.1803734600543976e-05
78,78-1:232:49,inner_half,lt16,False,1.0,0.9558732254717179,0.8895510204789615,1.0,0.013159938156604767,0.013259091414511204,0.013159938156604767,0.013159938156604767,0.0,9.915325790643692e-05,0.0
78,78-1:232:50,all,lt16,False,1.0,0.9995462138931792,0.9029512621615183,1.0,0.012036869302392006,0.012106540612876415,0.012084639631211758,0.01208292506635189,-4.6055763959884644e-05,2.361554652452469e-05,1.714564859867096e-06
78,78-1:232:50,inner_half,lt16,False,1.0,0.9995462138931792,0.9029512621615183,1.0,0.015357539989054203,0.01552935503423214,0.01552935503423214,0.015502547845244408,-0.00014500785619020462,2.6807188987731934e-05,2.6807188987731934e-05
78,78-1:232:51,all,lt16,False,1.0,0.9989628141911167,0.8887851788967972,1.0,0.01296086236834526,0.013041788712143898,0.013037719763815403,0.013017095625400543,-5.623325705528259e-05,2.4693086743354797e-05,2.0624138414859772e-05
78,78-1:232:51,inner_half,lt16,False,1.0,0.9989628141911167,0.8887851788967972,1.0,0.014939472079277039,0.014939472079277039,0.014939472079277039,0.014939472079277039,0.0,0.0,0.0
78,78-1:232:52,all,lt16,False,1.0,0.9996188912903313,0.8051365499279228,1.0,0.011267581954598427,0.011282969266176224,0.011319391429424286,0.011257639154791832,9.942799806594849e-06,2.5330111384391785e-05,6.175227463245392e-05
78,78-1:232:52,inner_half,lt16,False,1.0,0.9996188912903313,0.8051365499279228,1.0,0.012528483755886555,0.012528483755886555,0.012528483755886555,0.012532353401184082,-3.869645297527313e-06,-3.869645297527313e-06,-3.869645297527313e-06
78,78-1:232:56,all,ge32,False,1.0,0.9856831628748831,0.9099588688283775,1.0,0.005307487212121487,0.005300705786794424,0.005265870131552219,0.005335856229066849,-2.836901694536209e-05,-3.51504422724247e-05,-6.998609751462936e-05
78,78-1:232:56,inner_half,ge32,False,1.0,0.9856831628748831,0.9099588688283775,1.0,0.0034591802395880222,0.003470350056886673,0.0034552307333797216,0.0034515615552663803,7.618684321641922e-06,1.8788501620292664e-05,3.6691781133413315e-06
78,78-1:232:57,all,ge32,True,0.96875,0.9989577427485972,0.9967873113450875,0.96875,0.032377634197473526,0.02065272070467472,0.020856846123933792,0.02078445814549923,0.011593176051974297,-0.00013173744082450867,7.238797843456268e-05
78,78-1:232:57,inner_half,ge32,True,0.96875,0.9989577427485972,0.9967873113450875,1.0,0.024872563779354095,0.019039519131183624,0.01902984455227852,0.01720692776143551,0.007665636017918587,0.0018325913697481155,0.00182291679084301
78,78-1:232:58,all,ge32,True,1.0,0.9773617919636488,0.9509508988090366,1.0,0.009646615944802761,0.009402381256222725,0.009312987327575684,0.007911487482488155,0.0017351284623146057,0.0014908937737345695,0.0014014998450875282
78,78-1:232:58,inner_half,ge32,True,1.0,0.9773617919636488,0.9509508988090366,1.0,0.010643396526575089,0.00963559839874506,0.009536265395581722,0.007697012275457382,0.0029463842511177063,0.0019385861232876778,0.00183925312012434
78,78-1:232:59,all,ge32,True,0.9375,0.9982969284133824,0.9961099582277786,0.94140625,0.021660631522536278,0.014690288342535496,0.014608616009354591,0.01472687441855669,0.0069337571039795876,-3.658607602119446e-05,-0.00011825840920209885
78,78-1:232:59,inner_half,ge32,True,0.9375,0.9982969284133824,0.9961099582277786,0.953125,0.01836567185819149,0.01662912219762802,0.01662912219762802,0.016798505559563637,0.0015671662986278534,-0.00016938336193561554,-0.00016938336193561554
78,78-1:232:60,all,ge32,True,0.95703125,0.9986905482978304,0.9979464200452245,0.96484375,0.0195723008364439,0.015632180497050285,0.015497387386858463,0.015634601935744286,0.0039376989006996155,-2.421438694000244e-06,-0.0001372145488858223
78,78-1:232:60,inner_half,ge32,True,0.95703125,0.9986905482978304,0.9979464200452245,1.0,0.013463256880640984,0.015571646392345428,0.015585588291287422,0.014333628118038177,-0.0008703712373971939,0.001238018274307251,0.0012519601732492447
78,78-1:232:61,all,ge32,True,0.9765625,0.997977111258173,0.9944762544430212,0.98828125,0.022994769737124443,0.022074643522500992,0.022091593593358994,0.022042259573936462,0.0009525101631879807,3.238394856452942e-05,4.933401942253113e-05
78,78-1:232:61,inner_half,ge32,True,0.9765625,0.997977111258173,0.9944762544430212,1.0,0.020134584978222847,0.01901470683515072,0.0189159344881773,0.018658347427845,0.0014762375503778458,0.00035635940730571747,0.0002575870603322983
78,78-1:232:62,all,ge32,True,0.98046875,0.9975347355724693,0.9967555153727733,0.98828125,0.01913077011704445,0.010617583990097046,0.010665129870176315,0.010410616174340248,0.0087201539427042,0.0002069678157567978,0.0002545136958360672
78,78-1:232:62,inner_half,ge32,True,0.98046875,0.9975347355724693,0.9967555153727733,1.0,0.017006367444992065,0.013905663043260574,0.014016842469573021,0.012123716995120049,0.004882650449872017,0.0017819460481405258,0.0018931254744529724
78,78-1:232:63,all,ge32,True,0.953125,0.998164626373673,0.9963451917268473,0.96875,0.026050303131341934,0.014609403908252716,0.014614694751799107,0.014246131293475628,0.011804171837866306,0.00036327261477708817,0.0003685634583234787
78,78-1:232:63,inner_half,ge32,True,0.953125,0.998164626373673,0.9963451917268473,1.0,0.04812139272689819,0.018655020743608475,0.018625939264893532,0.018923595547676086,0.029197797179222107,-0.0002685748040676117,-0.0002976562827825546
78,78-1:232:64,all,ge32,False,1.0,0.8900593150237062,0.5943876533817054,1.0,0.008277224376797676,0.008136600255966187,0.008259691298007965,0.008215026929974556,6.219744682312012e-05,-7.842667400836945e-05,4.466436803340912e-05
78,78-1:232:64,inner_half,ge32,False,1.0,0.8900593150237062,0.5943876533817054,1.0,0.010457593947649002,0.010066253133118153,0.010454561561346054,0.010221910662949085,0.00023568328469991684,-0.00015565752983093262,0.00023265089839696884
78,78-1:232:65,all,ge32,True,0.96875,0.9989034634373726,0.998945934949856,0.9921875,0.02215970866382122,0.018139518797397614,0.018275082111358643,0.01938510127365589,0.002774607390165329,-0.001245582476258278,-0.0011100191622972488
78,78-1:232:65,inner_half,ge32,True,0.96875,0.9989034634373726,0.998945934949856,1.0,0.023380598053336143,0.018824899569153786,0.018949780613183975,0.020311426371335983,0.0030691716820001602,-0.0014865268021821976,-0.001361645758152008
78,78-1:232:66,all,ge32,True,0.91796875,0.99958776671496,0.998200095542261,0.953125,0.024144845083355904,0.024126490578055382,0.024129347875714302,0.02367567829787731,0.0004691667854785919,0.00045081228017807007,0.00045366957783699036
78,78-1:232:66,inner_half,ge32,True,0.91796875,0.99958776671496,0.998200095542261,1.0,0.023848367854952812,0.022479087114334106,0.022484950721263885,0.022628244012594223,0.0012201238423585892,-0.00014915689826011658,-0.00014329329133033752
78,78-1:232:67,all,ge32,True,0.91796875,0.9927858498906899,0.9823101643517405,0.92578125,0.036614082753658295,0.02412145398557186,0.0243674349039793,0.026095282286405563,0.010518800467252731,-0.001973828300833702,-0.001727847382426262
78,78-1:232:67,inner_half,ge32,True,0.91796875,0.9927858498906899,0.9823101643517405,0.96875,0.028930071741342545,0.019819358363747597,0.02027253434062004,0.017802758142352104,0.01112731359899044,0.0020166002213954926,0.0024697761982679367
78,78-1:232:68,all,ge32,True,0.99609375,0.998661623026749,0.9951354294750742,1.0,0.014467217959463596,0.010493852198123932,0.010466007515788078,0.010371747426688671,0.004095470532774925,0.00012210477143526077,9.42600890994072e-05
78,78-1:232:68,inner_half,ge32,True,0.99609375,0.998661623026749,0.9951354294750742,1.0,0.0078105260618031025,0.00733173917979002,0.007332696579396725,0.00754671823233366,0.00026380782946944237,-0.00021497905254364014,-0.00021402165293693542
78,78-1:232:69,all,ge32,True,0.83203125,0.9991598099115467,0.9979435511409729,0.90625,0.015151763334870338,0.009820518083870411,0.009799371473491192,0.009727444499731064,0.005424318835139275,9.307358413934708e-05,7.192697376012802e-05
78,78-1:232:69,inner_half,ge32,True,0.83203125,0.9991598099115467,0.9979435511409729,0.921875,0.007879812270402908,0.007864601910114288,0.007864601910114288,0.007436004932969809,0.00044380733743309975,0.00042859697714447975,0.00042859697714447975
78,78-1:232:70,all,ge32,True,0.98046875,0.9828066026821577,0.9589057847625738,0.98828125,0.03085445985198021,0.021954061463475227,0.022112024948000908,0.023461831733584404,0.007392628118395805,-0.0015077702701091766,-0.001349806785583496
78,78-1:232:70,inner_half,ge32,True,0.98046875,0.9828066026821577,0.9589057847625738,1.0,0.041717447340488434,0.03797958791255951,0.03756926953792572,0.03886411339044571,0.0028533339500427246,-0.0008845254778862,-0.001294843852519989
78,78-1:232:71,all,ge32,True,0.9609375,0.9997704065561939,0.9994272203616672,0.96875,0.024425150826573372,0.026876794174313545,0.026941945776343346,0.027043096721172333,-0.002617945894598961,-0.00016630254685878754,-0.00010115094482898712
78,78-1:232:71,inner_half,ge32,True,0.9609375,0.9997704065561939,0.9994272203616672,1.0,0.029694586992263794,0.030730342492461205,0.030861888080835342,0.030859455466270447,-0.0011648684740066528,-0.00012911297380924225,2.43261456489563e-06
78,78-1:232:72,all,ge32,False,1.0,0.9939694909730521,0.7091904685526904,1.0,0.004879572428762913,0.0048296814784407616,0.004812178667634726,0.0047279465943574905,0.0001516258344054222,0.00010173488408327103,8.423207327723503e-05
78,78-1:232:72,inner_half,ge32,False,1.0,0.9939694909730521,0.7091904685526904,1.0,0.005416012369096279,0.005416012369096279,0.005260532721877098,0.005262667313218117,0.00015334505587816238,0.00015334505587816238,-2.1345913410186768e-06
78,78-1:232:73,all,ge32,False,1.0,0.9950980747059356,0.7486455165417266,1.0,0.005579321179538965,0.005636432208120823,0.005722564645111561,0.0056546232663095,-7.530208677053452e-05,-1.8191058188676834e-05,6.794137880206108e-05
78,78-1:232:73,inner_half,ge32,False,1.0,0.9950980747059356,0.7486455165417266,1.0,0.003469688817858696,0.003477487713098526,0.003556174924597144,0.003573249327018857,-0.00010356050916016102,-9.5761613920331e-05,-1.7074402421712875e-05
78,78-1:232:74,all,ge32,True,0.8984375,0.9999210817610291,0.9992624875684465,0.8984375,0.013348214328289032,0.014245818369090557,0.014345216564834118,0.014338255859911442,-0.0009900415316224098,-9.24374908208847e-05,6.9607049226760864e-06
78,78-1:232:74,inner_half,ge32,True,0.8984375,0.9999210817610291,0.9992624875684465,1.0,0.012090107426047325,0.012491883710026741,0.012501217424869537,0.012675506062805653,-0.0005853986367583275,-0.0001836223527789116,-0.00017428863793611526
78,78-1:232:75,all,ge32,True,0.9453125,0.9995224857085511,0.9965926130575957,0.96875,0.010214513167738914,0.018691103905439377,0.018687725067138672,0.019211910665035248,-0.008997397497296333,-0.000520806759595871,-0.0005241855978965759
78,78-1:232:75,inner_half,ge32,True,0.9453125,0.9995224857085511,0.9965926130575957,1.0,0.009060148149728775,0.009923097677528858,0.00990299228578806,0.011537759564816952,-0.0024776114150881767,-0.0016146618872880936,-0.0016347672790288925
78,78-1:232:76,all,ge32,False,1.0,0.9883306183644786,0.7524349398911996,1.0,0.005388168618083,0.005359156988561153,0.005363435484468937,0.005378539673984051,9.628944098949432e-06,-1.938268542289734e-05,-1.510418951511383e-05
78,78-1:232:76,inner_half,ge32,False,1.0,0.9883306183644786,0.7524349398911996,1.0,0.005740138702094555,0.005663067102432251,0.005663067102432251,0.005685925018042326,5.421368405222893e-05,-2.2857915610074997e-05,-2.2857915610074997e-05
78,78-1:232:77,all,ge32,False,1.0,0.9934003011325742,0.8957354343228641,1.0,0.006330801639705896,0.006187484133988619,0.006187364459037781,0.0061738756485283375,0.0001569259911775589,1.3608485460281372e-05,1.3488810509443283e-05
78,78-1:232:77,inner_half,ge32,False,1.0,0.9934003011325742,0.8957354343228641,1.0,0.003922068048268557,0.0038900149520486593,0.003899110248312354,0.0038973153568804264,2.4752691388130188e-05,-7.300404831767082e-06,1.794891431927681e-06
78,78-1:232:78,all,ge32,False,1.0,0.9921455728767274,0.720718307465112,1.0,0.009800707921385765,0.009809992276132107,0.009767013601958752,0.00990380346775055,-0.00010309554636478424,-9.381119161844254e-05,-0.00013678986579179764
78,78-1:232:78,inner_half,ge32,False,1.0,0.9921455728767274,0.720718307465112,1.0,0.010405740700662136,0.010399337857961655,0.010471222922205925,0.010445252060890198,-3.9511360228061676e-05,-4.591420292854309e-05,2.5970861315727234e-05
78,78-1:232:79,all,ge32,True,0.91796875,0.9996929354888063,0.9988429633057969,0.91796875,0.008132756687700748,0.011044453829526901,0.011097069829702377,0.011150836013257504,-0.003018079325556755,-0.00010638218373060226,-5.376618355512619e-05
78,78-1:232:79,inner_half,ge32,True,0.91796875,0.9996929354888063,0.9988429633057969,0.875,0.007021174766123295,0.006926666479557753,0.006917684804648161,0.007166042923927307,-0.0001448681578040123,-0.00023937644436955452,-0.0002483581192791462
78,78-1:232:80,all,ge32,False,1.0,0.9859331288088155,0.7005783492482043,1.0,0.007694839499890804,0.007750080432742834,0.007823307067155838,0.008025535382330418,-0.00033069588243961334,-0.00027545494958758354,-0.00020222831517457962
78,78-1:232:80,inner_half,ge32,False,1.0,0.9859331288088155,0.7005783492482043,1.0,0.009741711430251598,0.009763970971107483,0.009834220632910728,0.010014811530709267,-0.0002731001004576683,-0.00025084055960178375,-0.0001805908977985382
78,78-1:232:81,all,ge32,True,0.99609375,0.9995657840021414,0.9947279078237761,1.0,0.014766402542591095,0.015982896089553833,0.016023071482777596,0.016676805913448334,-0.0019104033708572388,-0.0006939098238945007,-0.0006537344306707382
78,78-1:232:81,inner_half,ge32,True,0.99609375,0.9995657840021414,0.9947279078237761,1.0,0.016325127333402634,0.014483624137938023,0.014483624137938023,0.01441492885351181,0.0019101984798908234,6.869528442621231e-05,6.869528442621231e-05
78,78-1:232:82,all,ge32,True,0.97265625,0.9998082659929164,0.9983169916032446,1.0,0.009140267968177795,0.01589997485280037,0.015840472653508186,0.015887709334492683,-0.006747441366314888,1.2265518307685852e-05,-4.723668098449707e-05
78,78-1:232:82,inner_half,ge32,True,0.97265625,0.9998082659929164,0.9983169916032446,1.0,0.00878870114684105,0.008046964183449745,0.008029749616980553,0.007999852299690247,0.0007888488471508026,4.7111883759498596e-05,2.989731729030609e-05
78,78-1:232:83,all,ge32,False,1.0,0.9977908621844676,0.7300453613119919,1.0,0.004169832915067673,0.004191878717392683,0.004209292121231556,0.004170367028564215,-5.341134965419769e-07,2.1511688828468323e-05,3.892509266734123e-05
78,78-1:232:83,inner_half,ge32,False,1.0,0.9977908621844676,0.7300453613119919,1.0,0.0034534342121332884,0.0034534342121332884,0.0034534342121332884,0.0034534342121332884,0.0,0.0,0.0
78,78-1:232:84,all,ge32,False,1.0,0.974376085676123,0.7339699175973338,1.0,0.008384985849261284,0.008608462288975716,0.008542919531464577,0.008544061332941055,-0.00015907548367977142,6.440095603466034e-05,-1.1418014764785767e-06
78,78-1:232:84,inner_half,ge32,False,1.0,0.974376085676123,0.7339699175973338,1.0,0.01003396138548851,0.010697869583964348,0.01063312403857708,0.010661188513040543,-0.0006272271275520325,3.668107092380524e-05,-2.806447446346283e-05
78,78-1:232:85,all,ge32,False,1.0,0.9957117443876269,0.8595236161851015,1.0,0.009819709695875645,0.009827258065342903,0.009802591055631638,0.009848248213529587,-2.8538517653942108e-05,-2.0990148186683655e-05,-4.565715789794922e-05
78,78-1:232:85,inner_half,ge32,False,1.0,0.9957117443876269,0.8595236161851015,1.0,0.008171051740646362,0.008032664656639099,0.007964590564370155,0.00815232377499342,1.8727965652942657e-05,-0.00011965911835432053,-0.0001877332106232643
78,78-1:232:86,all,ge32,False,1.0,0.9959968052191959,0.6823691880578547,1.0,0.0038006692193448544,0.003836442716419697,0.003853880800306797,0.0038341241888701916,-3.345496952533722e-05,2.3185275495052338e-06,1.9756611436605453e-05
78,78-1:232:86,inner_half,ge32,False,1.0,0.9959968052191959,0.6823691880578547,1.0,0.0031059118919074535,0.0031059118919074535,0.003145406022667885,0.0031856168061494827,-7.970491424202919e-05,-7.970491424202919e-05,-4.02107834815979e-05
78,78-1:232:87,all,ge32,True,0.94921875,0.9998777791948288,0.9990977180307288,0.9609375,0.013273237273097038,0.013910392299294472,0.013909862376749516,0.013890082016587257,-0.0006168447434902191,2.0310282707214355e-05,1.9780360162258148e-05
78,78-1:232:87,inner_half,ge32,True,0.94921875,0.9998777791948288,0.9990977180307288,1.0,0.018140187487006187,0.018022185191512108,0.018022185191512108,0.018794819712638855,-0.0006546322256326675,-0.0007726345211267471,-0.0007726345211267471
78,78-1:232:88,all,ge32,True,0.92578125,0.99786969143085,0.9888898196363275,0.9453125,0.014284350909292698,0.013172781094908714,0.013169568032026291,0.013172771781682968,0.0011115791276097298,9.313225746154785e-09,-3.203749656677246e-06
78,78-1:232:88,inner_half,ge32,True,0.92578125,0.99786969143085,0.9888898196363275,1.0,0.010548552498221397,0.009466495364904404,0.00949166715145111,0.009759822860360146,0.0007887296378612518,-0.0002933274954557419,-0.00026815570890903473
78,78-1:232:89,all,ge32,True,0.890625,0.9998138263491843,0.9987266761382401,0.93359375,0.01349843479692936,0.017983734607696533,0.01799495331943035,0.01814425177872181,-0.00464581698179245,-0.00016051717102527618,-0.00014929845929145813
78,78-1:232:89,inner_half,ge32,True,0.890625,0.9998138263491843,0.9987266761382401,1.0,0.014500653371214867,0.015725430101156235,0.015725430101156235,0.015652645379304886,-0.0011519920080900192,7.278472185134888e-05,7.278472185134888e-05
78,78-1:232:90,all,ge32,True,0.83984375,0.9985552024560534,0.9947769815727409,0.9921875,0.03445012494921684,0.03224042057991028,0.0321652777493,0.03133848309516907,0.0031116418540477753,0.0009019374847412109,0.0008267946541309357
78,78-1:232:90,inner_half,ge32,True,0.83984375,0.9985552024560534,0.9947769815727409,1.0,0.03463112935423851,0.02778126671910286,0.02782784029841423,0.027898408472537994,0.006732720881700516,-0.00011714175343513489,-7.056817412376404e-05
78,78-1:232:91,all,ge32,True,0.9609375,0.9994857142945365,0.9979967709957538,0.96484375,0.013960813172161579,0.018442319706082344,0.018449999392032623,0.01851052977144718,-0.004549716599285603,-6.821006536483765e-05,-6.053037941455841e-05
78,78-1:232:91,inner_half,ge32,True,0.9609375,0.9994857142945365,0.9979967709957538,1.0,0.016158856451511383,0.013273247517645359,0.013273247517645359,0.013983926735818386,0.002174929715692997,-0.000710679218173027,-0.000710679218173027
78,78-1:232:92,all,ge32,True,0.67578125,0.9987305545127402,0.8324335029877982,0.68359375,0.011693504638969898,0.011985681019723415,0.011644923128187656,0.014175515621900558,-0.0024820109829306602,-0.002189834602177143,-0.002530592493712902
78,78-1:232:92,inner_half,ge32,True,0.67578125,0.9987305545127402,0.8324335029877982,0.796875,0.009947245940566063,0.010565673932433128,0.010496314615011215,0.012943390756845474,-0.0029961448162794113,-0.002377716824412346,-0.002447076141834259
78,78-1:232:93,all,ge32,True,0.890625,0.9996730118867981,0.9973831037749088,0.91015625,0.012189156375825405,0.013742052018642426,0.01375990267843008,0.014089027419686317,-0.0018998710438609123,-0.0003469754010438919,-0.00032912474125623703
78,78-1:232:93,inner_half,ge32,True,0.890625,0.9996730118867981,0.9973831037749088,1.0,0.008332973346114159,0.008358823135495186,0.00836271233856678,0.008189740590751171,0.00014323275536298752,0.00016908254474401474,0.00017297174781560898
78,78-1:232:94,all,ge32,True,0.89453125,0.9998553261751364,0.9968644337048262,0.89453125,0.015927482396364212,0.016798341646790504,0.016798341646790504,0.01737206056714058,-0.0014445781707763672,-0.0005737189203500748,-0.0005737189203500748
78,78-1:232:94,inner_half,ge32,True,0.89453125,0.9998553261751364,0.9968644337048262,1.0,0.017645465210080147,0.015788838267326355,0.015788838267326355,0.01599075086414814,0.0016547143459320068,-0.00020191259682178497,-0.00020191259682178497
78,78-1:232:95,all,ge32,True,0.921875,0.998868962883486,0.9959991655803265,0.9921875,0.013882319442927837,0.019043341279029846,0.019104888662695885,0.01896214298903942,-0.005079823546111584,8.119828999042511e-05,0.00014274567365646362
78,78-1:232:95,inner_half,ge32,True,0.921875,0.998868962883486,0.9959991655803265,1.0,0.009510036557912827,0.00842173583805561,0.008417906239628792,0.008430413901805878,0.0010796226561069489,-8.678063750267029e-06,-1.2507662177085876e-05
78,78-1:232:96,all,ge32,True,0.83203125,0.9973681492659895,0.9926744244934625,0.84765625,0.026422487571835518,0.028900273144245148,0.029323512688279152,0.02910446934401989,-0.002681981772184372,-0.00020419619977474213,0.00021904334425926208
78,78-1:232:96,inner_half,ge32,True,0.83203125,0.9973681492659895,0.9926744244934625,0.96875,0.028213951736688614,0.031574103981256485,0.03144259378314018,0.03237371891736984,-0.004159767180681229,-0.0007996149361133575,-0.00093112513422966
78,78-1:232:97,all,16to32,False,1.0,0.9771128053830621,0.6985372062151545,1.0,0.003564422717317939,0.003584289224818349,0.0035838703624904156,0.0035797215532511473,-1.5298835933208466e-05,4.567671567201614e-06,4.148809239268303e-06
78,78-1:232:97,inner_half,16to32,False,1.0,0.9771128053830621,0.6985372062151545,1.0,0.001970278564840555,0.0019720732234418392,0.001970158889889717,0.0019718343392014503,-1.5557743608951569e-06,2.3888424038887024e-07,-1.6754493117332458e-06
78,78-1:232:98,all,16to32,True,0.81640625,0.9991441832380275,0.9953545999307858,0.890625,0.02714080922305584,0.0326840914785862,0.03232653811573982,0.03344202786684036,-0.006301218643784523,-0.0007579363882541656,-0.0011154897511005402
78,78-1:232:98,inner_half,16to32,True,0.81640625,0.9991441832380275,0.9953545999307858,1.0,0.022309407591819763,0.030652476474642754,0.03067786991596222,0.031187808141112328,-0.008878400549292564,-0.000535331666469574,-0.0005099382251501083
78,78-1:232:99,all,lt16,False,0.9375,0.9978582752715122,0.644738913675889,0.9375,0.03296353295445442,0.03304889053106308,0.03305584937334061,0.03310096636414528,-0.00013743340969085693,-5.20758330821991e-05,-4.511699080467224e-05
78,78-1:232:99,inner_half,lt16,False,0.9375,0.9978582752715122,0.644738913675889,1.0,0.044161707162857056,0.044161707162857056,0.044161707162857056,0.04420363903045654,-4.1931867599487305e-05,-4.1931867599487305e-05,-4.1931867599487305e-05
78,78-2:116:0,all,lt16,False,1.0,0.9990389010379316,0.6261812534348661,1.0,0.02223127707839012,0.02234880067408085,0.022232025861740112,0.022278565913438797,-4.728883504867554e-05,7.02347606420517e-05,-4.654005169868469e-05
78,78-2:116:0,inner_half,lt16,False,1.0,0.9990389010379316,0.6261812534348661,1.0,0.021359194070100784,0.02177722379565239,0.02177981659770012,0.021781452000141144,-0.0004222579300403595,-4.2282044887542725e-06,-1.6354024410247803e-06
78,78-2:116:1,all,16to32,True,0.953125,0.9991461333315563,0.997353180071744,1.0,0.026901017874479294,0.02916351705789566,0.02922876551747322,0.029200471937656403,-0.0022994540631771088,-3.695487976074219e-05,2.8293579816818237e-05
78,78-2:116:1,inner_half,16to32,True,0.953125,0.9991461333315563,0.997353180071744,1.0,0.03798174485564232,0.03317592293024063,0.03317592293024063,0.03270631283521652,0.0052754320204257965,0.0004696100950241089,0.0004696100950241089
78,78-2:116:2,all,16to32,True,0.98046875,0.9985165562945146,0.9978994464961767,0.98046875,0.01775132492184639,0.018649788573384285,0.01866324618458748,0.018924368545413017,-0.0011730436235666275,-0.0002745799720287323,-0.00026112236082553864
78,78-2:116:2,inner_half,16to32,True,0.98046875,0.9985165562945146,0.9978994464961767,1.0,0.020060719922184944,0.02322874218225479,0.022891372442245483,0.022952847182750702,-0.0028921272605657578,0.00027589499950408936,-6.14747405052185e-05
78,78-2:116:3,all,16to32,True,1.0,0.9990565722087665,0.9988032785456993,1.0,0.027084924280643463,0.023063790053129196,0.023031895980238914,0.02305092103779316,0.004034003242850304,1.2869015336036682e-05,-1.9025057554244995e-05
78,78-2:116:3,inner_half,16to32,True,1.0,0.9990565722087665,0.9988032785456993,1.0,0.04630199074745178,0.03204493597149849,0.03210866078734398,0.0321124903857708,0.014189500361680984,-6.755441427230835e-05,-3.829598426818848e-06
78,78-2:116:4,all,lt16,False,1.0,0.9983493738200434,0.7310808994815169,1.0,0.018857628107070923,0.018686778843402863,0.018723001703619957,0.018693137913942337,0.00016449019312858582,-6.359070539474487e-06,2.9863789677619934e-05
78,78-2:116:4,inner_half,lt16,False,1.0,0.9983493738200434,0.7310808994815169,1.0,0.02399427630007267,0.02399798482656479,0.02399427630007267,0.02399798482656479,-3.7085264921188354e-06,0.0,-3.7085264921188354e-06
78,78-2:116:5,all,16to32,False,1.0,0.9989394860882045,0.6983232067215825,1.0,0.029834240674972534,0.029689418151974678,0.02965499646961689,0.02984549105167389,-1.125037670135498e-05,-0.00015607289969921112,-0.0001904945820569992
78,78-2:116:5,inner_half,16to32,False,1.0,0.9989394860882045,0.6983232067215825,1.0,0.05261709913611412,0.05198652297258377,0.05198652297258377,0.05204677954316139,0.0005703195929527283,-6.025657057762146e-05,-6.025657057762146e-05
78,78-2:116:6,all,lt16,False,1.0,0.9960544366455845,0.6628601119295079,1.0,0.012743094004690647,0.012712904252111912,0.01271953247487545,0.012779386714100838,-3.629270941019058e-05,-6.648246198892593e-05,-5.985423922538757e-05
78,78-2:116:6,inner_half,lt16,False,1.0,0.9960544366455845,0.6628601119295079,1.0,0.0171001385897398,0.017044726759195328,0.017019355669617653,0.017144538462162018,-4.439987242221832e-05,-9.981170296669006e-05,-0.00012518279254436493
78,78-2:116:7,all,16to32,False,1.0,0.8763943112222052,0.9922990106569972,1.0,0.04475216567516327,0.04419577494263649,0.04422536864876747,0.044276464730501175,0.0004757009446620941,-8.068978786468506e-05,-5.109608173370361e-05
78,78-2:116:7,inner_half,16to32,False,1.0,0.8763943112222052,0.9922990106569972,1.0,0.055699706077575684,0.05441651493310928,0.05442391335964203,0.054378654807806015,0.0013210512697696686,3.786012530326843e-05,4.5258551836013794e-05
78,78-2:116:8,all,16to32,False,1.0,0.9982313294088492,0.7086229959807913,1.0,0.008459587581455708,0.008497510105371475,0.008482102304697037,0.008457379415631294,2.2081658244132996e-06,4.013068974018097e-05,2.4722889065742493e-05
78,78-2:116:8,inner_half,16to32,False,1.0,0.9982313294088492,0.7086229959807913,1.0,0.011779307387769222,0.011779307387769222,0.011734308674931526,0.011729242280125618,5.006510764360428e-05,5.006510764360428e-05,5.066394805908203e-06
78,78-2:116:9,all,lt16,False,1.0,0.9985123085450217,0.9845141645903399,1.0,0.014424801804125309,0.014542235992848873,0.014573950320482254,0.01454912219196558,-0.000124320387840271,-6.886199116706848e-06,2.4828128516674042e-05
78,78-2:116:9,inner_half,lt16,False,1.0,0.9985123085450217,0.9845141645903399,1.0,0.016750462353229523,0.017087150365114212,0.016697563230991364,0.016762666404247284,-1.220405101776123e-05,0.0003244839608669281,-6.510317325592041e-05
78,78-2:116:10,all,16to32,False,1.0,0.9966678243579665,0.5427024728985814,1.0,0.016362924128770828,0.01642400026321411,0.01636996865272522,0.016321560367941856,4.136376082897186e-05,0.00010243989527225494,4.840828478336334e-05
78,78-2:116:10,inner_half,16to32,False,1.0,0.9966678243579665,0.5427024728985814,1.0,0.015947949141263962,0.015894751995801926,0.015858810395002365,0.015779763460159302,0.00016818568110466003,0.0001149885356426239,7.904693484306335e-05
78,78-2:116:11,all,16to32,False,1.0,0.9889921030722217,0.7336732544532627,1.0,0.021087191998958588,0.021127542480826378,0.02103034406900406,0.021032430231571198,5.476176738739014e-05,9.511224925518036e-05,-2.086162567138672e-06
78,78-2:116:11,inner_half,16to32,False,1.0,0.9889921030722217,0.7336732544532627,1.0,0.025741778314113617,0.02581629902124405,0.025732681155204773,0.02581629902124405,-7.452070713043213e-05,0.0,-8.361786603927612e-05
78,78-2:116:12,all,16to32,True,0.55859375,0.9985450391850832,0.9997386841855115,1.0,0.03769285976886749,0.03937649726867676,0.039535000920295715,0.03949888423085213,-0.0018060244619846344,-0.00012238696217536926,3.611668944358826e-05
78,78-2:116:12,inner_half,16to32,True,0.55859375,0.9985450391850832,0.9997386841855115,1.0,0.05947670713067055,0.06056341156363487,0.060882411897182465,0.06068432331085205,-0.0012076161801815033,-0.00012091174721717834,0.00019808858633041382
78,78-2:116:13,all,lt16,False,1.0,0.9982987044856797,0.9797728437234999,1.0,0.018175911158323288,0.01798558421432972,0.018067140132188797,0.01803743839263916,0.0001384727656841278,-5.185417830944061e-05,2.970173954963684e-05
78,78-2:116:13,inner_half,lt16,False,1.0,0.9982987044856797,0.9797728437234999,1.0,0.02042890526354313,0.020160885527729988,0.020178597420454025,0.02016136422753334,0.0002675410360097885,-4.78699803352356e-07,1.7233192920684814e-05
78,78-2:116:14,all,16to32,True,0.9140625,0.9992928811848749,0.9991509645499846,0.9765625,0.06590847671031952,0.03621466085314751,0.03597240895032883,0.036272082477808,0.02963639423251152,-5.742162466049194e-05,-0.00029967352747917175
78,78-2:116:14,inner_half,16to32,True,0.9140625,0.9992928811848749,0.9991509645499846,1.0,0.10691496729850769,0.04174192249774933,0.04168795049190521,0.04224009811878204,0.06467486917972565,-0.0004981756210327148,-0.0005521476268768311
78,78-2:116:15,all,lt16,False,1.0,0.999386334778883,0.693594474382957,1.0,0.042466193437576294,0.04242781549692154,0.042476873844861984,0.04252731800079346,-6.112456321716309e-05,-9.950250387191772e-05,-5.044415593147278e-05
78,78-2:116:15,inner_half,lt16,False,1.0,0.999386334778883,0.693594474382957,1.0,0.0676429495215416,0.06752606481313705,0.0676429495215416,0.06791884452104568,-0.00027589499950408936,-0.00039277970790863037,-0.00027589499950408936
78,78-2:116:16,all,lt16,False,1.0,0.967728290798515,0.809568810656773,1.0,0.042192600667476654,0.042149610817432404,0.041979771107435226,0.04182805120944977,0.000364549458026886,0.0003215596079826355,0.00015171989798545837
78,78-2:116:16,inner_half,lt16,False,1.0,0.967728290798515,0.809568810656773,1.0,0.06229361891746521,0.06254242360591888,0.06191262602806091,0.06184261664748192,0.0004510022699832916,0.0006998069584369659,7.000938057899475e-05
78,78-2:116:17,all,lt16,False,1.0,0.9780120095048384,0.9929561130752991,1.0,0.05006680265069008,0.05006910860538483,0.04972437024116516,0.04985413700342178,0.0002126656472682953,0.0002149716019630432,-0.00012976676225662231
78,78-2:116:17,inner_half,lt16,False,1.0,0.9780120095048384,0.9929561130752991,1.0,0.06601827591657639,0.06546442955732346,0.06461773812770844,0.06460696458816528,0.0014113113284111023,0.0008574649691581726,1.0773539543151855e-05
78,78-2:116:18,all,lt16,False,1.0,0.9997308024151488,0.7565694839819936,1.0,0.03785243630409241,0.037767354398965836,0.03777188062667847,0.037768371403217316,8.406490087509155e-05,-1.0170042514801025e-06,3.509223461151123e-06
78,78-2:116:18,inner_half,lt16,False,1.0,0.9997308024151488,0.7565694839819936,1.0,0.06199490651488304,0.061834998428821564,0.06176161766052246,0.06187618523836136,0.00011872127652168274,-4.118680953979492e-05,-0.0001145675778388977
78,78-2:116:19,all,lt16,False,1.0,0.9966573498407423,0.9449130225002025,1.0,0.017160892486572266,0.017298415303230286,0.017127681523561478,0.01708880439400673,7.20880925655365e-05,0.00020961090922355652,3.8877129554748535e-05
78,78-2:116:19,inner_half,lt16,False,1.0,0.9966573498407423,0.9449130225002025,1.0,0.024744953960180283,0.02494409680366516,0.02422453835606575,0.024029048159718513,0.0007159058004617691,0.0009150486439466476,0.00019549019634723663
78,78-2:116:20,all,lt16,False,1.0,0.9960070747303472,0.8178422446042244,1.0,0.015477697364985943,0.015525293536484241,0.015570556744933128,0.015480265021324158,-2.5676563382148743e-06,4.502851516008377e-05,9.029172360897064e-05
78,78-2:116:20,inner_half,lt16,False,1.0,0.9960070747303472,0.8178422446042244,1.0,0.016925346106290817,0.017044924199581146,0.01700369454920292,0.01700369454920292,-7.834844291210175e-05,4.1229650378227234e-05,0.0
78,78-2:116:21,all,lt16,False,1.0,0.9712449720976577,0.7990416033093439,1.0,0.015036096796393394,0.014979569241404533,0.014990421012043953,0.015092486515641212,-5.638971924781799e-05,-0.00011291727423667908,-0.00010206550359725952
78,78-2:116:21,inner_half,lt16,False,1.0,0.9712449720976577,0.7990416033093439,1.0,0.01980273611843586,0.019675876945257187,0.01955249160528183,0.01980273611843586,0.0,-0.0001268591731786728,-0.00025024451315402985
78,78-2:116:22,all,16to32,False,1.0,0.99868241341525,0.8555099907083423,1.0,0.01656825840473175,0.01658923551440239,0.016629967838525772,0.01655135676264763,1.6901642084121704e-05,3.787875175476074e-05,7.861107587814331e-05
78,78-2:116:22,inner_half,16to32,False,1.0,0.99868241341525,0.8555099907083423,1.0,0.015825577080249786,0.01578197441995144,0.015758398920297623,0.015775013715028763,5.056336522102356e-05,6.9607049226760864e-06,-1.6614794731140137e-05
78,78-2:116:23,all,lt16,False,1.0,0.9917583455399395,0.7939848938269265,1.0,0.014293670654296875,0.014239726588129997,0.014091800898313522,0.01428213156759739,1.1539086699485779e-05,-4.240497946739197e-05,-0.00019033066928386688
78,78-2:116:23,inner_half,lt16,False,1.0,0.9917583455399395,0.7939848938269265,1.0,0.015599491074681282,0.01553803775459528,0.015309294685721397,0.015438186004757881,0.00016130506992340088,9.985174983739853e-05,-0.00012889131903648376
78,78-2:116:24,all,16to32,False,1.0,0.9974708314160745,0.8560358261138802,1.0,0.014462972991168499,0.014463736675679684,0.014516863040626049,0.01446513831615448,-2.1653249859809875e-06,-1.4016404747962952e-06,5.172472447156906e-05
78,78-2:116:24,inner_half,16to32,False,1.0,0.9974708314160745,0.8560358261138802,1.0,0.019269516691565514,0.019113335758447647,0.01931696943938732,0.019297819584608078,-2.8302893042564392e-05,-0.0001844838261604309,1.914985477924347e-05
78,78-2:116:25,all,lt16,False,1.0,0.9998411529228329,0.9759610988102291,1.0,0.018444474786520004,0.01841484010219574,0.018466999754309654,0.018473278731107712,-2.880394458770752e-05,-5.8438628911972046e-05,-6.278976798057556e-06
78,78-2:116:25,inner_half,lt16,False,1.0,0.9998411529228329,0.9759610988102291,1.0,0.01765860617160797,0.01765860617160797,0.01765860617160797,0.01765860617160797,0.0,0.0,0.0
78,78-2:116:26,all,lt16,False,1.0,0.9970376889272254,0.878406766573376,1.0,0.01649291068315506,0.01635563187301159,0.016342757269740105,0.016219940036535263,0.00027297064661979675,0.000135691836476326,0.00012281723320484161
78,78-2:116:26,inner_half,lt16,False,1.0,0.9970376889272254,0.878406766573376,1.0,0.014279432594776154,0.014395279809832573,0.013980020768940449,0.014067784883081913,0.00021164771169424057,0.00032749492675065994,-8.776411414146423e-05
78,78-2:116:27,all,lt16,False,1.0,0.9943871694095431,0.8479271198129227,1.0,0.014483138918876648,0.01451881229877472,0.01451881229877472,0.014559249393641949,-7.611047476530075e-05,-4.043709486722946e-05,-4.043709486722946e-05
78,78-2:116:27,inner_half,lt16,False,1.0,0.9943871694095431,0.8479271198129227,1.0,0.019048238173127174,0.019091321155428886,0.019091321155428886,0.019178446382284164,-0.00013020820915699005,-8.712522685527802e-05,-8.712522685527802e-05
78,78-2:116:28,all,lt16,False,1.0,0.998055625982208,0.8747834688060688,1.0,0.010320940054953098,0.010227353312075138,0.010234647430479527,0.010291818529367447,2.9121525585651398e-05,-6.446521729230881e-05,-5.717109888792038e-05
78,78-2:116:28,inner_half,lt16,False,1.0,0.998055625982208,0.8747834688060688,1.0,0.013540534302592278,0.0134010910987854,0.013268347829580307,0.013529982417821884,1.0551884770393372e-05,-0.00012889131903648376,-0.00026163458824157715
78,78-2:116:29,all,lt16,False,1.0,0.9998192397181153,0.906540922765289,1.0,0.011449556797742844,0.0115418191999197,0.011540612205862999,0.01154155470430851,-9.19979065656662e-05,2.644956111907959e-07,-9.424984455108643e-07
78,78-2:116:29,inner_half,lt16,False,1.0,0.9998192397181153,0.906540922765289,1.0,0.016954492777585983,0.017101015895605087,0.017101015895605087,0.017101015895605087,-0.000146523118019104,0.0,0.0
78,78-2:116:30,all,16to32,False,1.0,0.9994408519683162,0.8452809783053568,1.0,0.013693934306502342,0.013803125359117985,0.013801783323287964,0.013796746730804443,-0.00010281242430210114,6.378628313541412e-06,5.036592483520508e-06
78,78-2:116:30,inner_half,16to32,False,1.0,0.9994408519683162,0.8452809783053568,1.0,0.019548261538147926,0.0196143239736557,0.019538767635822296,0.019580595195293427,-3.233365714550018e-05,3.372877836227417e-05,-4.182755947113037e-05
78,78-2:116:31,all,lt16,False,1.0,0.9978421434143869,0.9545133067908366,1.0,0.014710545539855957,0.014654961414635181,0.014740167185664177,0.014659798704087734,5.074683576822281e-05,-4.837289452552795e-06,8.036848157644272e-05
78,78-2:116:31,inner_half,lt16,False,1.0,0.9978421434143869,0.9545133067908366,1.0,0.01741865649819374,0.01745416224002838,0.01745416224002838,0.01745416224002838,-3.55057418346405e-05,0.0,0.0
78,78-2:116:32,all,lt16,False,1.0,0.9971635129017346,0.8285686422537567,1.0,0.01546710915863514,0.01545326691120863,0.015465443953871727,0.015404812060296535,6.229709833860397e-05,4.8454850912094116e-05,6.06318935751915e-05
78,78-2:116:32,inner_half,lt16,False,1.0,0.9971635129017346,0.8285686422537567,1.0,0.01385673601180315,0.014039643108844757,0.014088351279497147,0.013995323330163956,-0.0001385873183608055,4.431977868080139e-05,9.302794933319092e-05
78,78-2:116:33,all,lt16,False,1.0,0.9989876333081521,0.9016910146213011,1.0,0.01446863915771246,0.01446863915771246,0.014480547048151493,0.014488939195871353,-2.0300038158893585e-05,-2.0300038158893585e-05,-8.392147719860077e-06
78,78-2:116:33,inner_half,lt16,False,1.0,0.9989876333081521,0.9016910146213011,1.0,0.014054760336875916,0.014054760336875916,0.014054760336875916,0.014054760336875916,0.0,0.0,0.0
78,78-2:116:34,all,lt16,False,1.0,0.9998237541950056,0.9258203462290393,1.0,0.01565387472510338,0.01556200347840786,0.01556375902146101,0.01558760367333889,6.627105176448822e-05,-2.5600194931030273e-05,-2.3844651877880096e-05
78,78-2:116:34,inner_half,lt16,False,1.0,0.9998237541950056,0.9258203462290393,1.0,0.013766342774033546,0.013903133571147919,0.013903133571147919,0.013903133571147919,-0.00013679079711437225,0.0,0.0
78,78-2:116:35,all,lt16,False,1.0,0.9997426569268467,0.7630882692501201,1.0,0.013698184862732887,0.013513097539544106,0.013609307818114758,0.013731058686971664,-3.287382423877716e-05,-0.0002179611474275589,-0.00012175086885690689
78,78-2:116:35,inner_half,lt16,False,1.0,0.9997426569268467,0.7630882692501201,1.0,0.021099697798490524,0.02120182104408741,0.02124466560781002,0.021352972835302353,-0.0002532750368118286,-0.00015115179121494293,-0.00010830722749233246
78,78-2:116:36,all,16to32,False,1.0,0.9991418865643755,0.800351471498817,1.0,0.018425440415740013,0.018405772745609283,0.01841679774224758,0.01839487999677658,3.056041896343231e-05,1.0892748832702637e-05,2.191774547100067e-05
78,78-2:116:36,inner_half,16to32,False,1.0,0.9991418865643755,0.800351471498817,1.0,0.0207115039229393,0.020738691091537476,0.020652681589126587,0.020842451602220535,-0.00013094767928123474,-0.00010376051068305969,-0.00018977001309394836
78,78-2:116:37,all,16to32,False,1.0,0.9991936211211876,0.7995892845879783,1.0,0.01717514917254448,0.017058292403817177,0.01710537075996399,0.017148200422525406,2.6948750019073486e-05,-8.990801870822906e-05,-4.2829662561416626e-05
78,78-2:116:37,inner_half,16to32,False,1.0,0.9991936211211876,0.7995892845879783,1.0,0.023038756102323532,0.022799702361226082,0.022945210337638855,0.022884313017129898,0.00015444308519363403,-8.461065590381622e-05,6.089732050895691e-05
78,78-2:116:38,all,ge32,False,1.0,0.9916024655883113,0.8037283496805172,1.0,0.006094740703701973,0.006214716471731663,0.006196016911417246,0.006192990578711033,-9.82498750090599e-05,2.1725893020629883e-05,3.0263327062129974e-06
78,78-2:116:38,inner_half,ge32,False,1.0,0.9916024655883113,0.8037283496805172,1.0,0.004737470299005508,0.004745150450617075,0.0047745900228619576,0.00475681945681572,-1.934915781021118e-05,-1.1669006198644638e-05,1.7770566046237946e-05
78,78-2:116:39,all,ge32,False,1.0,0.8659425421861534,0.9266544127145093,1.0,0.0077013298869132996,0.007778530940413475,0.007819794118404388,0.007788398768752813,-8.706888183951378e-05,-9.867828339338303e-06,3.139534965157509e-05
78,78-2:116:39,inner_half,ge32,False,1.0,0.8659425421861534,0.9266544127145093,1.0,0.010731692425906658,0.010788699612021446,0.010844727046787739,0.010907517746090889,-0.0001758253201842308,-0.00011881813406944275,-6.279069930315018e-05
78,78-2:116:40,all,ge32,False,1.0,0.9109047244736991,0.9507979494748948,1.0,0.0059494562447071075,0.005912471562623978,0.0057950192131102085,0.005784183740615845,0.00016527250409126282,0.00012828782200813293,1.0835472494363785e-05
78,78-2:116:40,inner_half,ge32,False,1.0,0.9109047244736991,0.9507979494748948,1.0,0.00460504274815321,0.004733914043754339,0.004464362747967243,0.004553641192615032,5.140155553817749e-05,0.00018027285113930702,-8.9278444647789e-05
78,78-2:116:41,all,ge32,True,1.0,0.9972858377981851,0.9825377554384664,1.0,0.014301929622888565,0.013898365199565887,0.013945518061518669,0.013709250837564468,0.0005926787853240967,0.00018911436200141907,0.00023626722395420074
78,78-2:116:41,inner_half,ge32,True,1.0,0.9972858377981851,0.9825377554384664,1.0,0.015107600018382072,0.013754572719335556,0.013816704973578453,0.01403672993183136,0.0010708700865507126,-0.00028215721249580383,-0.0002200249582529068
78,78-2:116:42,all,ge32,False,1.0,0.9524497442112752,0.8898842814841196,1.0,0.0076231458224356174,0.007470942102372646,0.007605254650115967,0.007651420310139656,-2.827448770403862e-05,-0.00018047820776700974,-4.616566002368927e-05
78,78-2:116:42,inner_half,ge32,False,1.0,0.9524497442112752,0.8898842814841196,1.0,0.007785153575241566,0.007709916681051254,0.007790818344801664,0.007716319989413023,6.883358582854271e-05,-6.4033083617687225e-06,7.449835538864136e-05
78,78-2:116:43,all,ge32,False,1.0,0.9966280057675527,0.6497067163398106,1.0,0.015121559612452984,0.015156898647546768,0.015106047503650188,0.0150807099416852,4.084967076778412e-05,7.618870586156845e-05,2.533756196498871e-05
78,78-2:116:43,inner_half,ge32,False,1.0,0.9966280057675527,0.6497067163398106,1.0,0.007773623801767826,0.007804359775036573,0.007772505283355713,0.007766083814203739,7.539987564086914e-06,3.8275960832834244e-05,6.421469151973724e-06
78,78-2:116:44,all,ge32,True,0.9453125,0.9996789377014536,0.9967795408118879,0.9453125,0.010545783676207066,0.011924738995730877,0.011952849105000496,0.012133175507187843,-0.0015873918309807777,-0.0002084365114569664,-0.0001803264021873474
78,78-2:116:44,inner_half,ge32,True,0.9453125,0.9996789377014536,0.9967795408118879,1.0,0.005790959112346172,0.0059241559356451035,0.005970492027699947,0.006142508238554001,-0.0003515491262078285,-0.0002183523029088974,-0.0001720162108540535
78,78-2:116:45,all,ge32,False,1.0,0.995393051284577,0.709768146352622,1.0,0.00941086933016777,0.009363542310893536,0.00939413346350193,0.009377643465995789,3.322586417198181e-05,-1.410115510225296e-05,1.6489997506141663e-05
78,78-2:116:45,inner_half,ge32,False,1.0,0.995393051284577,0.709768146352622,1.0,0.003458519699051976,0.003496635938063264,0.0035067694261670113,0.003455566242337227,2.9534567147493362e-06,4.1069695726037025e-05,5.120318382978439e-05
78,78-2:116:46,all,ge32,True,0.86328125,0.9988465888919621,0.9928827326306205,0.90234375,0.016964677721261978,0.019907157868146896,0.019979000091552734,0.02044440433382988,-0.0034797266125679016,-0.0005372464656829834,-0.0004654042422771454
78,78-2:116:46,inner_half,ge32,True,0.86328125,0.9988465888919621,0.9928827326306205,1.0,0.018984666094183922,0.018531110137701035,0.018504023551940918,0.018659323453903198,0.00032534264028072357,-0.0001282133162021637,-0.00015529990196228027
78,78-2:116:47,all,ge32,False,1.0,0.9894955310428581,0.6625557847748906,1.0,0.014012075960636139,0.01429757010191679,0.01439596340060234,0.014294235035777092,-0.00028215907514095306,3.3350661396980286e-06,0.00010172836482524872
78,78-2:116:47,inner_half,ge32,False,1.0,0.9894955310428581,0.6625557847748906,1.0,0.011390135623514652,0.011394323781132698,0.011397156864404678,0.011395959183573723,-5.823560059070587e-06,-1.6354024410247803e-06,1.1976808309555054e-06
78,78-2:116:48,all,ge32,False,1.0,0.9829059590649302,0.8823742924246477,1.0,0.011879326775670052,0.011820330284535885,0.011889423243701458,0.011844929307699203,3.4397467970848083e-05,-2.4599023163318634e-05,4.4493936002254486e-05
78,78-2:116:48,inner_half,ge32,False,1.0,0.9829059590649302,0.8823742924246477,1.0,0.005978674162179232,0.005991778336465359,0.0059767188504338264,0.005976419895887375,2.2542662918567657e-06,1.5358440577983856e-05,2.989545464515686e-07
78,78-2:116:49,all,16to32,False,1.0,0.994629403897475,0.698347195886823,1.0,0.01131495088338852,0.011438114568591118,0.011348151601850986,0.01129526924341917,1.9681639969348907e-05,0.00014284532517194748,5.28823584318161e-05
78,78-2:116:49,inner_half,16to32,False,1.0,0.994629403897475,0.698347195886823,1.0,0.0045959679409861565,0.004579532891511917,0.004640706814825535,0.004533875267952681,6.209267303347588e-05,4.5657623559236526e-05,0.00010683154687285423
78,78-2:116:50,all,ge32,False,1.0,0.9996707120863108,0.7843268238111221,1.0,0.006838561035692692,0.00685520563274622,0.006866849027574062,0.006853699684143066,-1.5138648450374603e-05,1.5059486031532288e-06,1.3149343430995941e-05
78,78-2:116:50,inner_half,ge32,False,1.0,0.9996707120863108,0.7843268238111221,1.0,0.0085891829803586,0.008634580299258232,0.008627420291304588,0.008639687672257423,-5.0504691898822784e-05,-5.107372999191284e-06,-1.2267380952835083e-05
78,78-2:116:51,all,16to32,False,1.0,0.9929687511161256,0.8323054600219861,1.0,0.013958405703306198,0.013951404020190239,0.01384357176721096,0.01381375826895237,0.00014464743435382843,0.00013764575123786926,2.9813498258590698e-05
78,78-2:116:51,inner_half,16to32,False,1.0,0.9929687511161256,0.8323054600219861,1.0,0.01031019352376461,0.01028220821171999,0.010210363194346428,0.010223008692264557,8.71848315000534e-05,5.919951945543289e-05,-1.2645497918128967e-05
78,78-2:116:52,all,ge32,True,0.921875,0.9991596971897234,0.9959095610843368,0.94921875,0.02937992662191391,0.030972253531217575,0.03109803982079029,0.03081916645169258,-0.0014392398297786713,0.0001530870795249939,0.00027887336909770966
78,78-2:116:52,inner_half,ge32,True,0.921875,0.9991596971897234,0.9959095610843368,1.0,0.0302177332341671,0.028739284723997116,0.028815459460020065,0.028551969677209854,0.0016657635569572449,0.00018731504678726196,0.0002634897828102112
78,78-2:116:53,all,16to32,True,1.0,0.9981428627495157,0.9864182319198875,1.0,0.028778312727808952,0.03328356891870499,0.033035118132829666,0.0337371863424778,-0.004958873614668846,-0.0004536174237728119,-0.0007020682096481323
78,78-2:116:53,inner_half,16to32,True,1.0,0.9981428627495157,0.9864182319198875,1.0,0.015255732461810112,0.015444442629814148,0.015295824036002159,0.015524348244071007,-0.0002686157822608948,-7.990561425685883e-05,-0.00022852420806884766
78,78-2:116:54,all,ge32,True,0.9765625,0.9969636533463957,0.9958543823170289,1.0,0.01583547703921795,0.014381238259375095,0.014461731538176537,0.014817662537097931,0.001017814502120018,-0.00043642427772283554,-0.00035593099892139435
78,78-2:116:54,inner_half,ge32,True,0.9765625,0.9969636533463957,0.9958543823170289,1.0,0.020614542067050934,0.019560091197490692,0.01947258785367012,0.01933468133211136,0.0012798607349395752,0.0002254098653793335,0.0001379065215587616
78,78-2:116:55,all,ge32,True,0.98046875,0.9946215316548117,0.9883370955758553,0.9921875,0.02219582349061966,0.01685584895312786,0.016718396916985512,0.01840251311659813,0.00379331037402153,-0.0015466641634702682,-0.0016841161996126175
78,78-2:116:55,inner_half,ge32,True,0.98046875,0.9946215316548117,0.9883370955758553,0.984375,0.020585237070918083,0.013089423067867756,0.013045169413089752,0.014794412069022655,0.005790825001895428,-0.0017049890011548996,-0.0017492426559329033
78,78-2:116:56,all,16to32,False,1.0,0.9580952508150647,0.9469464354461582,1.0,0.011424576863646507,0.011288309469819069,0.011224377900362015,0.011210400611162186,0.0002141762524843216,7.790885865688324e-05,1.3977289199829102e-05
78,78-2:116:56,inner_half,16to32,False,1.0,0.9580952508150647,0.9469464354461582,1.0,0.01498878002166748,0.015055499970912933,0.014998474158346653,0.015001466497778893,-1.2686476111412048e-05,5.403347313404083e-05,-2.9923394322395325e-06
78,78-2:116:57,all,16to32,False,1.0,0.9947224486921825,0.6142827437992124,1.0,0.018780037760734558,0.01889745518565178,0.018687807023525238,0.01873726397752762,4.27737832069397e-05,0.00016019120812416077,-4.945695400238037e-05
78,78-2:116:57,inner_half,16to32,False,1.0,0.9947224486921825,0.6142827437992124,1.0,0.014599211513996124,0.0146232470870018,0.014602244831621647,0.014632981270551682,-3.376975655555725e-05,-9.734183549880981e-06,-3.073643893003464e-05
78,78-2:116:58,all,ge32,True,0.984375,0.9972996827702275,0.9970659521597944,0.9921875,0.013484001159667969,0.015435924753546715,0.015283678658306599,0.015624522231519222,-0.0021405210718512535,-0.00018859747797250748,-0.0003408435732126236
78,78-2:116:58,inner_half,ge32,True,0.984375,0.9972996827702275,0.9970659521597944,1.0,0.020190447568893433,0.01595389097929001,0.015783272683620453,0.016098957508802414,0.004091490060091019,-0.0001450665295124054,-0.00031568482518196106
78,78-2:116:59,all,ge32,True,1.0,0.9950649511533596,0.9930793696875145,1.0,0.009798283688724041,0.008769644424319267,0.008666327223181725,0.008324742317199707,0.001473541371524334,0.00044490210711956024,0.0003415849059820175
78,78-2:116:59,inner_half,ge32,True,1.0,0.9950649511533596,0.9930793696875145,1.0,0.007966223172843456,0.00714911101385951,0.007113427855074406,0.0073881675489246845,0.0005780556239187717,-0.0002390565350651741,-0.00027473969385027885
78,78-2:116:60,all,16to32,True,0.9375,0.9984364513160892,0.9933081130304069,0.94140625,0.01881551928818226,0.020952070131897926,0.021004417911171913,0.02054482139647007,-0.0017293021082878113,0.00040724873542785645,0.00045959651470184326
78,78-2:116:60,inner_half,16to32,True,0.9375,0.9984364513160892,0.9933081130304069,1.0,0.01567327044904232,0.016625378280878067,0.016625378280878067,0.01565655507147312,1.671537756919861e-05,0.0009688232094049454,0.0009688232094049454
78,78-2:116:61,all,ge32,True,0.9609375,0.9927938011562599,0.9902207403243612,0.9609375,0.026030665263533592,0.016613591462373734,0.016437049955129623,0.01619281806051731,0.009837847203016281,0.0004207734018564224,0.0002442318946123123
78,78-2:116:61,inner_half,ge32,True,0.9609375,0.9927938011562599,0.9902207403243612,1.0,0.030330345034599304,0.01413789764046669,0.014331415295600891,0.013459848240017891,0.016870496794581413,0.0006780494004487991,0.0008715670555830002
78,78-2:116:62,all,16to32,True,0.85546875,0.9996477626223453,0.9971224341888327,0.85546875,0.014325028285384178,0.015269607305526733,0.015290375798940659,0.015400974079966545,-0.001075945794582367,-0.0001313667744398117,-0.00011059828102588654
78,78-2:116:62,inner_half,16to32,True,0.85546875,0.9996477626223453,0.9971224341888327,1.0,0.01441203709691763,0.014372024685144424,0.014440061524510384,0.014491301029920578,-7.926393300294876e-05,-0.00011927634477615356,-5.12395054101944e-05
78,78-2:116:63,all,ge32,False,1.0,0.5148115413460862,0.8937503296715686,1.0,0.012396404519677162,0.012370005249977112,0.012392505072057247,0.012420658022165298,-2.425350248813629e-05,-5.0652772188186646e-05,-2.81529501080513e-05
78,78-2:116:63,inner_half,ge32,False,1.0,0.5148115413460862,0.8937503296715686,1.0,0.011010721325874329,0.010985050350427628,0.01104080118238926,0.01096360944211483,4.7111883759498596e-05,2.1440908312797546e-05,7.719174027442932e-05
78,78-2:116:64,all,ge32,True,0.984375,0.9989981488447276,0.9954636266996774,0.984375,0.022356480360031128,0.024235747754573822,0.024235839024186134,0.024472445249557495,-0.002115964889526367,-0.0002366974949836731,-0.00023660622537136078
78,78-2:116:64,inner_half,ge32,True,0.984375,0.9989981488447276,0.9954636266996774,1.0,0.020735956728458405,0.02085874229669571,0.02085874229669571,0.022369004786014557,-0.0016330480575561523,-0.0015102624893188477,-0.0015102624893188477
78,78-2:116:65,all,ge32,True,0.9140625,0.9996782431675897,0.9989165077727714,0.92578125,0.01996055245399475,0.020382575690746307,0.020427659153938293,0.02031351625919342,-0.00035296380519866943,6.905943155288696e-05,0.00011414289474487305
78,78-2:116:65,inner_half,ge32,True,0.9140625,0.9996782431675897,0.9989165077727714,1.0,0.02065928280353546,0.021547820419073105,0.021547820419073105,0.022997982800006866,-0.002338699996471405,-0.0014501623809337616,-0.0014501623809337616
78,78-2:116:66,all,16to32,False,1.0,0.9705610173352442,0.8803679925870713,1.0,0.006949940230697393,0.0070403506979346275,0.007021431811153889,0.00700630247592926,-5.6362245231866837e-05,3.404822200536728e-05,1.5129335224628448e-05
78,78-2:116:66,inner_half,16to32,False,1.0,0.9705610173352442,0.8803679925870713,1.0,0.008042019791901112,0.007979249581694603,0.008020976558327675,0.007923141121864319,0.00011887867003679276,5.610845983028412e-05,9.783543646335602e-05
78,78-2:116:67,all,ge32,True,0.9921875,0.9708238831716316,0.9980334602218928,0.9921875,0.013917004689574242,0.012371876277029514,0.012179199606180191,0.012385531328618526,0.0015314733609557152,-1.3655051589012146e-05,-0.00020633172243833542
78,78-2:116:67,inner_half,ge32,True,0.9921875,0.9708238831716316,0.9980334602218928,1.0,0.008043774403631687,0.008629433810710907,0.008896611630916595,0.009098186157643795,-0.0010544117540121078,-0.00046875234693288803,-0.00020157452672719955
78,78-2:116:68,all,16to32,True,1.0,0.9982977326811295,0.9983027482583287,1.0,0.0078420490026474,0.00926370918750763,0.009326756000518799,0.00917895883321762,-0.001336909830570221,8.475035429000854e-05,0.00014779716730117798
78,78-2:116:68,inner_half,16to32,True,1.0,0.9982977326811295,0.9983027482583287,1.0,0.005512570030987263,0.006175063084810972,0.006202050484716892,0.005908363498747349,-0.00039579346776008606,0.00026669958606362343,0.00029368698596954346
78,78-2:116:69,all,ge32,True,0.99609375,0.9905742904187071,0.99167457179983,0.99609375,0.018886499106884003,0.019798140972852707,0.019856080412864685,0.01971777155995369,-0.0008312724530696869,8.036941289901733e-05,0.00013830885291099548
78,78-2:116:69,inner_half,ge32,True,0.99609375,0.9905742904187071,0.99167457179983,1.0,0.02838585525751114,0.02353178896009922,0.023627012968063354,0.023699253797531128,0.004686601459980011,-0.00016746483743190765,-7.224082946777344e-05
78,78-2:116:70,all,16to32,True,0.86328125,0.9998584336723623,0.9995029877693106,0.984375,0.010248596780002117,0.011317775584757328,0.01120786089450121,0.011184396222233772,-0.0009357994422316551,0.00013337936252355576,2.346467226743698e-05
78,78-2:116:70,inner_half,16to32,True,0.86328125,0.9998584336723623,0.9995029877693106,1.0,0.013585766777396202,0.013279234059154987,0.013121141120791435,0.013330397196114063,0.0002553695812821388,-5.116313695907593e-05,-0.00020925607532262802
78,78-2:116:71,all,16to32,True,1.0,0.9986894053363422,0.9963603918457894,1.0,0.011315548792481422,0.01263451762497425,0.012687385082244873,0.012933410704135895,-0.0016178619116544724,-0.000298893079161644,-0.00024602562189102173
78,78-2:116:71,inner_half,16to32,True,1.0,0.9986894053363422,0.9963603918457894,1.0,0.012729479931294918,0.013540513813495636,0.013632526621222496,0.013243156485259533,-0.0005136765539646149,0.00029735732823610306,0.0003893701359629631
78,78-2:116:72,all,16to32,True,0.98828125,0.9973094442195706,0.9891457798200378,1.0,0.027159087359905243,0.028192464262247086,0.028275130316615105,0.028582047671079636,-0.0014229603111743927,-0.00038958340883255005,-0.00030691735446453094
78,78-2:116:72,inner_half,16to32,True,0.98828125,0.9973094442195706,0.9891457798200378,1.0,0.02489021234214306,0.02481803297996521,0.024501826614141464,0.025371160358190536,-0.0004809480160474777,-0.0005531273782253265,-0.0008693337440490723
78,78-2:116:73,all,16to32,True,0.9609375,0.999655511795815,0.9981437112680702,0.9609375,0.01676538772881031,0.024730980396270752,0.024738673120737076,0.024775583297014236,-0.008010195568203926,-4.46029007434845e-05,-3.6910176277160645e-05
78,78-2:116:73,inner_half,16to32,True,0.9609375,0.999655511795815,0.9981437112680702,1.0,0.017600426450371742,0.019750818610191345,0.019755804911255836,0.018851347267627716,-0.0012509208172559738,0.0008994713425636292,0.0009044576436281204
78,78-2:116:74,all,16to32,True,0.99609375,0.9998685795321341,0.9985486692490759,0.99609375,0.010184879414737225,0.011319424025714397,0.01131769735366106,0.011452927254140377,-0.0012680478394031525,-0.00013350322842597961,-0.0001352299004793167
78,78-2:116:74,inner_half,16to32,True,0.99609375,0.9998685795321341,0.9985486692490759,1.0,0.010991194285452366,0.011840022169053555,0.011840022169053555,0.011944420635700226,-0.00095322635024786,-0.0001043984666466713,-0.0001043984666466713
78,78-2:116:75,all,16to32,True,0.99609375,0.9993069666600227,0.9979734634244648,1.0,0.013714276254177094,0.01645103096961975,0.01655777171254158,0.01651417836546898,-0.0027999021112918854,-6.31473958492279e-05,4.359334707260132e-05
78,78-2:116:75,inner_half,16to32,True,0.99609375,0.9993069666600227,0.9979734634244648,1.0,0.014165835455060005,0.013124234974384308,0.013229848816990852,0.012994924560189247,0.001170910894870758,0.00012931041419506073,0.00023492425680160522
78,78-2:116:76,all,16to32,True,1.0,0.9355790697241095,0.9991806609519982,1.0,0.009631766006350517,0.01031946949660778,0.009390991181135178,0.009514902718365192,0.00011686328798532486,0.000804566778242588,-0.0001239115372300148
78,78-2:116:76,inner_half,16to32,True,1.0,0.9355790697241095,0.9991806609519982,1.0,0.009633103385567665,0.010917355306446552,0.009471180848777294,0.009542368352413177,9.073503315448761e-05,0.0013749869540333748,-7.118750363588333e-05
78,78-2:116:77,all,ge32,True,1.0,0.9993767769846009,0.9978515241510382,1.0,0.012609904631972313,0.017276346683502197,0.01731937937438488,0.017510641366243362,-0.0049007367342710495,-0.00023429468274116516,-0.00019126199185848236
78,78-2:116:77,inner_half,ge32,True,1.0,0.9993767769846009,0.9978515241510382,1.0,0.009509041905403137,0.00900270789861679,0.009142071940004826,0.009436575695872307,7.246620953083038e-05,-0.00043386779725551605,-0.00029450375586748123
78,78-2:116:78,all,ge32,True,1.0,0.9967019172935642,0.993011777089294,1.0,0.024855639785528183,0.023380659520626068,0.023490136489272118,0.023518595844507217,0.0013370439410209656,-0.0001379363238811493,-2.8459355235099792e-05
78,78-2:116:78,inner_half,ge32,True,1.0,0.9967019172935642,0.993011777089294,1.0,0.025931324809789658,0.01988276094198227,0.020160071551799774,0.020287247374653816,0.005644077435135841,-0.00040448643267154694,-0.00012717582285404205
78,78-2:116:79,all,16to32,False,1.0,0.9948636745086719,0.7569502702939703,1.0,0.0061432672664523125,0.006223824806511402,0.006227290257811546,0.006226992234587669,-8.37249681353569e-05,-3.1674280762672424e-06,2.980232238769531e-07
78,78-2:116:79,inner_half,16to32,False,1.0,0.9948636745086719,0.7569502702939703,1.0,0.007648240774869919,0.00782045628875494,0.007770630065351725,0.007790538482367992,-0.00014229770749807358,2.9917806386947632e-05,-1.9908417016267776e-05
78,78-2:116:80,all,16to32,True,0.98046875,0.9976134459519057,0.9849786164377314,1.0,0.028295928612351418,0.0297732912003994,0.029796376824378967,0.030176976695656776,-0.0018810480833053589,-0.0004036854952573776,-0.00038059987127780914
78,78-2:116:80,inner_half,16to32,True,0.98046875,0.9976134459519057,0.9849786164377314,1.0,0.021152053028345108,0.018370309844613075,0.018370309844613075,0.020232360810041428,0.0009196922183036804,-0.0018620509654283524,-0.0018620509654283524
78,78-2:116:81,all,16to32,False,1.0,0.9812995616661776,0.6469259584202427,1.0,0.012004438787698746,0.01195214968174696,0.012001486495137215,0.012106368318200111,-0.00010192953050136566,-0.0001542186364531517,-0.00010488182306289673
78,78-2:116:81,inner_half,16to32,False,1.0,0.9812995616661776,0.6469259584202427,1.0,0.010006953030824661,0.010020177811384201,0.010015510022640228,0.010020177811384201,-1.3224780559539795e-05,0.0,-4.667788743972778e-06
78,78-2:116:82,all,16to32,True,1.0,0.9984619024825985,0.9976326403562512,1.0,0.018465667963027954,0.013412849977612495,0.013713289052248001,0.013893586583435535,0.004572081379592419,-0.00048073660582304,-0.00018029753118753433
78,78-2:116:82,inner_half,16to32,True,1.0,0.9984619024825985,0.9976326403562512,1.0,0.0109791848808527,0.011918390169739723,0.011957445181906223,0.011898204684257507,-0.000919019803404808,2.018548548221588e-05,5.924049764871597e-05
78,78-2:116:83,all,16to32,True,1.0,0.9974447443170321,0.9912265337192079,1.0,0.01191808097064495,0.015246478840708733,0.015416514128446579,0.015128306113183498,-0.0032102251425385475,0.00011817272752523422,0.0002882080152630806
78,78-2:116:83,inner_half,16to32,True,1.0,0.9974447443170321,0.9912265337192079,1.0,0.009256222285330296,0.008908604271709919,0.009059596806764603,0.008844854310154915,0.0004113679751753807,6.374996155500412e-05,0.0002147424966096878
78,78-2:116:84,all,16to32,False,1.0,0.9549499852193537,0.8214400997988779,1.0,0.017004452645778656,0.0170770101249218,0.01705389842391014,0.01707311160862446,-6.865896284580231e-05,3.898516297340393e-06,-1.9213184714317322e-05
78,78-2:116:84,inner_half,16to32,False,1.0,0.9549499852193537,0.8214400997988779,1.0,0.012814797461032867,0.012829737737774849,0.012724719941616058,0.012737706303596497,7.709115743637085e-05,9.203143417835236e-05,-1.2986361980438232e-05
78,78-2:116:85,all,16to32,False,1.0,0.9826135399224508,0.859993423145106,1.0,0.009943285025656223,0.010005537420511246,0.009966352954506874,0.009961900301277637,-1.8615275621414185e-05,4.3637119233608246e-05,4.452653229236603e-06
78,78-2:116:85,inner_half,16to32,False,1.0,0.9826135399224508,0.859993423145106,1.0,0.005221580155193806,0.005203150678426027,0.005214041098952293,0.0052111889235675335,1.0391231626272202e-05,-8.038245141506195e-06,2.852175384759903e-06
78,78-2:116:86,all,16to32,False,1.0,0.8213208917563148,0.6876355421715232,1.0,0.014745887368917465,0.014758358709514141,0.014743114821612835,0.014792939648032188,-4.7052279114723206e-05,-3.458093851804733e-05,-4.9824826419353485e-05
78,78-2:116:86,inner_half,16to32,False,1.0,0.8213208917563148,0.6876355421715232,1.0,0.009480992332100868,0.009455222636461258,0.009479296393692493,0.00944766029715538,3.3332034945487976e-05,7.5623393058776855e-06,3.163609653711319e-05
78,78-2:116:87,all,16to32,False,1.0,0.8895093516608681,0.855322849712878,1.0,0.015646232292056084,0.015606241300702095,0.0156320258975029,0.015623410232365131,2.28220596909523e-05,-1.7168931663036346e-05,8.615665137767792e-06
78,78-2:116:87,inner_half,16to32,False,1.0,0.8895093516608681,0.855322849712878,1.0,0.015922553837299347,0.01604962907731533,0.016005169600248337,0.01610570028424263,-0.00018314644694328308,-5.60712069272995e-05,-0.00010053068399429321
78,78-2:116:88,all,16to32,False,1.0,0.8066549984136198,0.8515396112909068,1.0,0.01596912555396557,0.01569528505206108,0.015998218208551407,0.01598755642771721,-1.843087375164032e-05,-0.00029227137565612793,1.0661780834197998e-05
78,78-2:116:88,inner_half,16to32,False,1.0,0.8066549984136198,0.8515396112909068,1.0,0.0160062313079834,0.015634575858712196,0.016081348061561584,0.01608230546116829,-7.607415318489075e-05,-0.00044772960245609283,-9.57399606704712e-07
78,78-2:116:89,all,16to32,False,1.0,0.9942475887906451,0.87962165510624,1.0,0.07196095585823059,0.0723692923784256,0.07212890684604645,0.07231098413467407,-0.00035002827644348145,5.830824375152588e-05,-0.0001820772886276245
78,78-2:116:89,inner_half,16to32,False,1.0,0.9942475887906451,0.87962165510624,1.0,0.06050610542297363,0.061118271201848984,0.06073395162820816,0.061149924993515015,-0.0006438195705413818,-3.1653791666030884e-05,-0.00041597336530685425
78,78-2:116:90,all,16to32,False,1.0,0.9870509628647895,0.5800470549529837,1.0,0.041198257356882095,0.04116298630833626,0.041091591119766235,0.04109451547265053,0.00010374188423156738,6.847083568572998e-05,-2.9243528842926025e-06
78,78-2:116:90,inner_half,16to32,False,1.0,0.9870509628647895,0.5800470549529837,1.0,0.04584033042192459,0.046059999614953995,0.04527800902724266,0.04575949162244797,8.083879947662354e-05,0.0003005079925060272,-0.000481482595205307
78,78-2:116:91,all,16to32,False,1.0,0.988463176214376,0.8254113580456655,1.0,0.01726384460926056,0.017339106649160385,0.017444070428609848,0.017432717606425285,-0.00016887299716472626,-9.361095726490021e-05,1.1352822184562683e-05
78,78-2:116:91,inner_half,16to32,False,1.0,0.988463176214376,0.8254113580456655,1.0,0.01664848066866398,0.01664848066866398,0.01664848066866398,0.01664668507874012,1.7955899238586426e-06,1.7955899238586426e-06,1.7955899238586426e-06
78,78-2:116:92,all,16to32,True,1.0,0.9974417937394987,0.9959827573617278,1.0,0.010173434391617775,0.01230291835963726,0.012558686546981335,0.012627934105694294,-0.002454499714076519,-0.00032501574605703354,-6.924755871295929e-05
78,78-2:116:92,inner_half,16to32,True,1.0,0.9974417937394987,0.9959827573617278,1.0,0.011400789022445679,0.011488271877169609,0.011641478165984154,0.011529043316841125,-0.00012825429439544678,-4.077143967151642e-05,0.00011243484914302826
78,78-2:116:93,all,16to32,False,1.0,0.9473805169021156,0.7812521580413049,1.0,0.015329286456108093,0.01527010090649128,0.015413304790854454,0.015288730151951313,4.055630415678024e-05,-1.8629245460033417e-05,0.00012457463890314102
78,78-2:116:93,inner_half,16to32,False,1.0,0.9473805169021156,0.7812521580413049,1.0,0.015850286930799484,0.015551493503153324,0.01582864299416542,0.015601755119860172,0.000248531810939312,-5.0261616706848145e-05,0.00022688787430524826
78,78-2:116:94,all,16to32,False,1.0,0.9835252759729147,0.6210641052107093,1.0,0.015571435913443565,0.015515202656388283,0.0154929980635643,0.01553179882466793,3.9637088775634766e-05,-1.6596168279647827e-05,-3.8800761103630066e-05
78,78-2:116:94,inner_half,16to32,False,1.0,0.9835252759729147,0.6210641052107093,1.0,0.01775434985756874,0.01775841973721981,0.0177592970430851,0.01775841973721981,-4.069879651069641e-06,0.0,8.773058652877808e-07
78,78-2:116:95,all,16to32,False,1.0,0.7709126281246571,0.6205779531374742,1.0,0.014805315062403679,0.014902643859386444,0.014866165816783905,0.015012804418802261,-0.00020748935639858246,-0.00011016055941581726,-0.00014663860201835632
78,78-2:116:95,inner_half,16to32,False,1.0,0.7709126281246571,0.6205779531374742,1.0,0.011885659769177437,0.011895472183823586,0.011895472183823586,0.01189541257917881,-9.752810001373291e-06,5.960464477539063e-08,5.960464477539063e-08
78,78-2:116:96,all,16to32,False,1.0,0.9674396932299688,0.9757405286317926,1.0,0.008084305562078953,0.007886928506195545,0.008162444457411766,0.00825180858373642,-0.0001675030216574669,-0.0003648800775408745,-8.936412632465363e-05
78,78-2:116:96,inner_half,16to32,False,1.0,0.9674396932299688,0.9757405286317926,1.0,0.007299445569515228,0.007086261175572872,0.007412160746753216,0.007420179434120655,-0.00012073386460542679,-0.0003339182585477829,-8.01868736743927e-06
78,78-2:116:97,all,16to32,False,1.0,0.9748928350524045,0.958183047367297,1.0,0.03927944600582123,0.038290660828351974,0.03899163007736206,0.038570284843444824,0.0007091611623764038,-0.00027962401509284973,0.00042134523391723633
78,78-2:116:97,inner_half,16to32,False,1.0,0.9748928350524045,0.958183047367297,1.0,0.04027264565229416,0.038125503808259964,0.03761693462729454,0.03772849962115288,0.002544146031141281,0.0003970041871070862,-0.0001115649938583374
78,78-2:116:98,all,lt16,False,0.875,0.9938550590506273,0.8382813523203042,0.9375,0.049563005566596985,0.04953477904200554,0.04950058460235596,0.0494871623814106,7.584318518638611e-05,4.7616660594940186e-05,1.3422220945358276e-05
78,78-2:116:98,inner_half,lt16,False,0.875,0.9938550590506273,0.8382813523203042,1.0,0.08946219831705093,0.08945053070783615,0.08941014111042023,0.08950133621692657,-3.913789987564087e-05,-5.0805509090423584e-05,-9.119510650634766e-05
78,78-2:116:99,all,lt16,False,0.2421875,0.9989583956939608,0.9991598716012512,0.49609375,0.03414444625377655,0.028583787381649017,0.0283676590770483,0.027972498908638954,0.006171947345137596,0.0006112884730100632,0.00039516016840934753
78,78-2:116:99,inner_half,lt16,False,0.2421875,0.9989583956939608,0.9991598716012512,0.265625,0.08136458694934845,0.04862876981496811,0.04816770181059837,0.04805401340126991,0.03331057354807854,0.0005747564136981964,0.0001136884093284607
78,78-2:232:0,all,16to32,True,0.84375,0.9966712774696981,0.9911145217871223,0.94140625,0.03125251829624176,0.021912261843681335,0.02188057266175747,0.022938843816518784,0.008313674479722977,-0.0010265819728374481,-0.0010582711547613144
78,78-2:232:0,inner_half,16to32,True,0.84375,0.9966712774696981,0.9911145217871223,1.0,0.03679586201906204,0.020183390006422997,0.020349379628896713,0.022123510017991066,0.014672352001070976,-0.0019401200115680695,-0.0017741303890943527
78,78-2:232:1,all,lt16,False,1.0,0.9988644099525821,0.6892666666135874,1.0,0.00817687064409256,0.008002297952771187,0.008022592402994633,0.008010884746909142,0.00016598589718341827,-8.586794137954712e-06,1.170765608549118e-05
78,78-2:232:1,inner_half,lt16,False,1.0,0.9988644099525821,0.6892666666135874,1.0,0.0068809958174824715,0.006920907646417618,0.006920907646417618,0.0068608298897743225,2.0165927708148956e-05,6.007775664329529e-05,6.007775664329529e-05
78,78-2:232:2,all,16to32,False,1.0,0.9996022828504326,0.6271913354535227,1.0,0.017808876931667328,0.01769610494375229,0.01767786033451557,0.017751049250364304,5.782768130302429e-05,-5.494430661201477e-05,-7.3188915848732e-05
78,78-2:232:2,inner_half,16to32,False,1.0,0.9996022828504326,0.6271913354535227,1.0,0.02830503322184086,0.028063686564564705,0.02805369347333908,0.02802881971001625,0.00027621351182460785,3.4866854548454285e-05,2.48737633228302e-05
78,78-2:232:3,all,16to32,False,1.0,0.985370621521436,0.8871040438686179,1.0,0.016782136633992195,0.016696013510227203,0.0166932363063097,0.016795724630355835,-1.3587996363639832e-05,-9.971112012863159e-05,-0.00010248832404613495
78,78-2:232:3,inner_half,16to32,False,1.0,0.985370621521436,0.8871040438686179,1.0,0.02568766102194786,0.02597895637154579,0.02596842311322689,0.025828521698713303,-0.0001408606767654419,0.00015043467283248901,0.00013990141451358795
78,78-2:232:4,all,lt16,False,1.0,0.9993034866161051,0.6992829597958415,1.0,0.012523720972239971,0.012407260946929455,0.012388959527015686,0.012401560321450233,0.0001221606507897377,5.700625479221344e-06,-1.2600794434547424e-05
78,78-2:232:4,inner_half,lt16,False,1.0,0.9993034866161051,0.6992829597958415,1.0,0.015242012217640877,0.015242012217640877,0.015242012217640877,0.015123831108212471,0.00011818110942840576,0.00011818110942840576,0.00011818110942840576
78,78-2:232:5,all,lt16,True,1.0,0.9978008199407862,0.9988719892025973,1.0,0.050548702478408813,0.044702526181936264,0.044625453650951385,0.044637810438871384,0.00591089203953743,6.471574306488037e-05,-1.2356787919998169e-05
78,78-2:232:5,inner_half,lt16,True,1.0,0.9978008199407862,0.9988719892025973,1.0,0.07936029881238937,0.060663480311632156,0.06051578000187874,0.060318030416965485,0.01904226839542389,0.00034544989466667175,0.00019774958491325378
78,78-2:232:6,all,lt16,False,1.0,0.9983791903189282,0.9864081812027269,1.0,0.00410405034199357,0.004367867484688759,0.004293174482882023,0.004313599318265915,-0.0002095489762723446,5.426816642284393e-05,-2.042483538389206e-05
78,78-2:232:6,inner_half,lt16,False,1.0,0.9983791903189282,0.9864081812027269,1.0,0.004699006676673889,0.005189979448914528,0.005189979448914528,0.005006036721169949,-0.0003070300444960594,0.00018394272774457932,0.00018394272774457932
78,78-2:232:7,all,16to32,False,1.0,0.997872569566036,0.9679807449577784,1.0,0.011822132393717766,0.011609645560383797,0.011737529188394547,0.01173525582998991,8.687656372785568e-05,-0.00012561026960611343,2.273358404636383e-06
78,78-2:232:7,inner_half,16to32,False,1.0,0.997872569566036,0.9679807449577784,1.0,0.008058473467826843,0.008051492273807526,0.008031705394387245,0.008051492273807526,6.981194019317627e-06,0.0,-1.9786879420280457e-05
78,78-2:232:8,all,16to32,True,0.94921875,0.999233749452427,0.9982571464359096,1.0,0.02927149459719658,0.022016149014234543,0.022031065076589584,0.021787844598293304,0.0074836499989032745,0.0002283044159412384,0.0002432204782962799
78,78-2:232:8,inner_half,16to32,True,0.94921875,0.999233749452427,0.9982571464359096,1.0,0.04691218212246895,0.028348155319690704,0.028358448296785355,0.027639169245958328,0.01927301287651062,0.0007089860737323761,0.0007192790508270264
78,78-2:232:9,all,16to32,False,1.0,0.9991125609140628,0.6072353971683535,1.0,0.011074225418269634,0.01120520755648613,0.011178524233400822,0.011082055047154427,-7.829628884792328e-06,0.00012315250933170319,9.646918624639511e-05
78,78-2:232:9,inner_half,16to32,False,1.0,0.9991125609140628,0.6072353971683535,1.0,0.010783039033412933,0.011004500091075897,0.011004500091075897,0.01074208877980709,4.095025360584259e-05,0.00026241131126880646,0.00026241131126880646
78,78-2:232:10,all,16to32,True,0.94921875,0.9983925124151312,0.9994000457830593,0.9765625,0.045875634998083115,0.021832695230841637,0.02189294807612896,0.021748872473835945,0.02412676252424717,8.382275700569153e-05,0.00014407560229301453
78,78-2:232:10,inner_half,16to32,True,0.94921875,0.9983925124151312,0.9994000457830593,0.984375,0.08148352801799774,0.031138895079493523,0.03124985657632351,0.030737433582544327,0.050746094435453415,0.00040146149694919586,0.0005124229937791824
78,78-2:232:11,all,lt16,False,1.0,0.9640150867530908,0.8526877191998601,1.0,0.009620217606425285,0.009540652856230736,0.009696627035737038,0.009703204035758972,-8.298642933368683e-05,-0.0001625511795282364,-6.577000021934509e-06
78,78-2:232:11,inner_half,lt16,False,1.0,0.9640150867530908,0.8526877191998601,1.0,0.013464035466313362,0.013279493898153305,0.013857115060091019,0.013873429968953133,-0.0004093945026397705,-0.0005939360707998276,-1.6314908862113953e-05
78,78-2:232:12,all,16to32,False,1.0,0.9993235837422423,0.7823175666936001,1.0,0.02503877878189087,0.025365356355905533,0.02537142112851143,0.025397084653377533,-0.0003583058714866638,-3.172829747200012e-05,-2.5663524866104126e-05
78,78-2:232:12,inner_half,16to32,False,1.0,0.9993235837422423,0.7823175666936001,1.0,0.034495215862989426,0.034755073487758636,0.034835994243621826,0.0348290354013443,-0.00033381953835487366,-7.396191358566284e-05,6.9588422775268555e-06
78,78-2:232:13,all,lt16,False,1.0,0.9900022263502389,0.9812573378459362,1.0,0.051292784512043,0.05090046674013138,0.050847966223955154,0.0508895069360733,0.00040327757596969604,1.0959804058074951e-05,-4.1540712118148804e-05
78,78-2:232:13,inner_half,lt16,False,1.0,0.9900022263502389,0.9812573378459362,1.0,0.09870140254497528,0.09790049493312836,0.09789382666349411,0.09790049493312836,0.0008009076118469238,0.0,-6.668269634246826e-06
78,78-2:232:14,all,16to32,False,1.0,0.9929237239966436,0.9643016020014906,1.0,0.07075529545545578,0.07008669525384903,0.07013494521379471,0.07054319977760315,0.00021209567785263062,-0.0004565045237541199,-0.00040825456380844116
78,78-2:232:14,inner_half,16to32,False,1.0,0.9929237239966436,0.9643016020014906,1.0,0.11565153300762177,0.11505793035030365,0.11526808142662048,0.1152094379067421,0.0004420951008796692,-0.00015150755643844604,5.864351987838745e-05
78,78-2:232:15,all,16to32,False,1.0,0.9982693576487038,0.9874106084279138,1.0,0.04298490285873413,0.04224526509642601,0.04222741350531578,0.04226735234260559,0.00071755051612854,-2.208724617958069e-05,-3.993883728981018e-05
78,78-2:232:15,inner_half,16to32,False,1.0,0.9982693576487038,0.9874106084279138,1.0,0.045563358813524246,0.04367498308420181,0.043663814663887024,0.043651364743709564,0.001911994069814682,2.3618340492248535e-05,1.2449920177459717e-05
78,78-2:232:16,all,lt16,False,1.0,0.9993514071608665,0.8040319837097556,1.0,0.010545257478952408,0.010527785867452621,0.01057007722556591,0.010635480284690857,-9.02228057384491e-05,-0.00010769441723823547,-6.54030591249466e-05
78,78-2:232:16,inner_half,lt16,False,1.0,0.9993514071608665,0.8040319837097556,1.0,0.012225162237882614,0.0120492372661829,0.012236889451742172,0.012395940721035004,-0.00017077848315238953,-0.0003467034548521042,-0.00015905126929283142
78,78-2:232:17,all,16to32,False,1.0,0.9993660934956895,0.799725221505242,1.0,0.01980487070977688,0.019757039844989777,0.01978834718465805,0.019806813448667526,-1.942738890647888e-06,-4.9773603677749634e-05,-1.8466264009475708e-05
78,78-2:232:17,inner_half,16to32,False,1.0,0.9993660934956895,0.799725221505242,1.0,0.020581234246492386,0.020409058779478073,0.020409058779478073,0.020547404885292053,3.382936120033264e-05,-0.0001383461058139801,-0.0001383461058139801
78,78-2:232:18,all,lt16,False,1.0,0.9996660211625376,0.7671517838543646,1.0,0.010656734928488731,0.010655282996594906,0.010612918063998222,0.010678799822926521,-2.2064894437789917e-05,-2.3516826331615448e-05,-6.588175892829895e-05
78,78-2:232:18,inner_half,lt16,False,1.0,0.9996660211625376,0.7671517838543646,1.0,0.015163267031311989,0.014987880364060402,0.014988000504672527,0.015028092078864574,0.0001351749524474144,-4.0211714804172516e-05,-4.009157419204712e-05
78,78-2:232:19,all,16to32,True,0.75390625,0.998003070209164,0.9970165868931892,0.90625,0.05325968563556671,0.035315804183483124,0.03514428064227104,0.035352908074855804,0.017906777560710907,-3.7103891372680664e-05,-0.00020862743258476257
78,78-2:232:19,inner_half,16to32,True,0.75390625,0.998003070209164,0.9970165868931892,0.921875,0.09076434373855591,0.037300512194633484,0.037670280784368515,0.03729997202754021,0.0534643717110157,5.401670932769775e-07,0.0003703087568283081
78,78-2:232:20,all,16to32,False,1.0,0.9991143182762835,0.8221942547184131,1.0,0.010962143540382385,0.010441390797495842,0.010487317107617855,0.010534435510635376,0.0004277080297470093,-9.3044713139534e-05,-4.7118403017520905e-05
78,78-2:232:20,inner_half,16to32,False,1.0,0.9991143182762835,0.8221942547184131,1.0,0.011194566264748573,0.011194566264748573,0.011194566264748573,0.011194566264748573,0.0,0.0,0.0
78,78-2:232:21,all,lt16,False,1.0,0.9715313728557856,0.9137427340930395,1.0,0.000865975976921618,0.0008298737229779363,0.0008702841587364674,0.0008558830013498664,1.0092975571751595e-05,-2.6009278371930122e-05,1.4401157386600971e-05
78,78-2:232:21,inner_half,lt16,False,1.0,0.9715313728557856,0.9137427340930395,1.0,0.00037307071033865213,0.00037307071033865213,0.00037307071033865213,0.00037307071033865213,0.0,0.0,0.0
78,78-2:232:22,all,lt16,False,1.0,0.9993965270637695,0.7774342571876964,1.0,0.01138738077133894,0.011440432630479336,0.011532863602042198,0.01154397428035736,-0.00015659350901842117,-0.00010354164987802505,-1.1110678315162659e-05
78,78-2:232:22,inner_half,lt16,False,1.0,0.9993965270637695,0.7774342571876964,1.0,0.012099819257855415,0.01213771477341652,0.012134882621467113,0.012136977165937424,-3.715790808200836e-05,7.37607479095459e-07,-2.094544470310211e-06
78,78-2:232:23,all,lt16,False,1.0,0.9885519769220704,0.667036142405158,1.0,0.00014877381909172982,0.0002579434076324105,0.00018084680777974427,0.00021461087453644723,-6.583705544471741e-05,4.33325330959633e-05,-3.376406675670296e-05
78,78-2:232:23,inner_half,lt16,False,1.0,0.9885519769220704,0.667036142405158,1.0,0.0,0.00014247465878725052,0.00014247465878725052,0.00014247465878725052,-0.00014247465878725052,0.0,0.0
78,78-2:232:24,all,lt16,False,1.0,0.9999664458770186,0.8097169629481424,1.0,0.010662454180419445,0.010622990317642689,0.010618802160024643,0.010617874562740326,4.457961767911911e-05,5.1157549023628235e-06,9.275972843170166e-07
78,78-2:232:24,inner_half,lt16,False,1.0,0.9999664458770186,0.8097169629481424,1.0,0.010420836508274078,0.010420836508274078,0.010420836508274078,0.010420836508274078,0.0,0.0,0.0
78,78-2:232:25,all,16to32,False,1.0,0.9995226235322993,0.7212995250568649,1.0,0.010613799095153809,0.010529338382184505,0.010545508936047554,0.010506619699299335,0.00010717939585447311,2.2718682885169983e-05,3.8889236748218536e-05
78,78-2:232:25,inner_half,16to32,False,1.0,0.9995226235322993,0.7212995250568649,1.0,0.012858793139457703,0.012889309786260128,0.01287989504635334,0.012858793139457703,0.0,3.0516646802425385e-05,2.1101906895637512e-05
78,78-2:232:26,all,16to32,False,1.0,0.9997730854306015,0.7607602481487368,1.0,0.010428689420223236,0.01043156161904335,0.010344406589865685,0.010353103280067444,7.558614015579224e-05,7.845833897590637e-05,-8.696690201759338e-06
78,78-2:232:26,inner_half,16to32,False,1.0,0.9997730854306015,0.7607602481487368,1.0,0.007557407021522522,0.007557407021522522,0.007557407021522522,0.007557407021522522,0.0,0.0,0.0
78,78-2:232:27,all,lt16,False,1.0,0.999910397208893,0.6538256582551163,1.0,0.007700366899371147,0.007674282416701317,0.007808939553797245,0.007713690400123596,-1.3323500752449036e-05,-3.940798342227936e-05,9.524915367364883e-05
78,78-2:232:27,inner_half,lt16,False,1.0,0.999910397208893,0.6538256582551163,1.0,0.010162732563912868,0.010074409656226635,0.010162732563912868,0.010074409656226635,8.832290768623352e-05,0.0,8.832290768623352e-05
78,78-2:232:28,all,lt16,False,1.0,0.9971072065948065,0.869213310421069,1.0,0.0028880792669951916,0.0027556917630136013,0.0028245453722774982,0.0028806189075112343,7.460359483957291e-06,-0.00012492714449763298,-5.607353523373604e-05
78,78-2:232:28,inner_half,lt16,False,1.0,0.9971072065948065,0.869213310421069,1.0,0.003339719260111451,0.0032782675698399544,0.0032480466179549694,0.0034859245643019676,-0.00014620530419051647,-0.00020765699446201324,-0.00023787794634699821
78,78-2:232:29,all,lt16,False,1.0,0.9979489653638962,0.9372591006039623,1.0,0.0003044379991479218,0.0003082176554016769,0.0002869800664484501,0.0002822527603711933,2.218523877672851e-05,2.5964895030483603e-05,4.727306077256799e-06
78,78-2:232:29,inner_half,lt16,False,1.0,0.9979489653638962,0.9372591006039623,1.0,0.0,0.0,0.0,0.0,0.0,0.0,0.0
78,78-2:232:30,all,16to32,False,1.0,0.9995574670297662,0.7239934835848145,1.0,0.013480441644787788,0.013464833609759808,0.013643505983054638,0.013429051265120506,5.1390379667282104e-05,3.57823446393013e-05,0.00021445471793413162
78,78-2:232:30,inner_half,16to32,False,1.0,0.9995574670297662,0.7239934835848145,1.0,0.011063938960433006,0.011063938960433006,0.01121493149548769,0.011240402236580849,-0.0001764632761478424,-0.0001764632761478424,-2.5470741093158722e-05
78,78-2:232:31,all,16to32,False,1.0,0.999908682636817,0.9837387323833322,1.0,0.010328985750675201,0.009932814165949821,0.009964259341359138,0.009954355657100677,0.0003746300935745239,-2.1541491150856018e-05,9.903684258460999e-06
78,78-2:232:31,inner_half,16to32,False,1.0,0.999908682636817,0.9837387323833322,1.0,0.013313839212059975,0.0130953099578619,0.0130953099578619,0.0130953099578619,0.00021852925419807434,0.0,0.0
78,78-2:232:32,all,16to32,False,1.0,0.9980621099405038,0.9225575063555487,1.0,0.004973676986992359,0.00492051662877202,0.004903472028672695,0.004924829117953777,4.884786903858185e-05,-4.312489181756973e-06,-2.1357089281082153e-05
78,78-2:232:32,inner_half,16to32,False,1.0,0.9980621099405038,0.9225575063555487,1.0,0.006050063297152519,0.006050063297152519,0.006050063297152519,0.006073320750147104,-2.3257452994585037e-05,-2.3257452994585037e-05,-2.3257452994585037e-05
78,78-2:232:33,all,lt16,False,1.0,0.9725932288828378,0.9493323930419882,1.0,0.0024544086772948503,0.0024344027042388916,0.002368924440816045,0.0023750727996230125,7.93358776718378e-05,5.932990461587906e-05,-6.148358806967735e-06
78,78-2:232:33,inner_half,lt16,False,1.0,0.9725932288828378,0.9493323930419882,1.0,0.002816693391650915,0.002947380533441901,0.002947380533441901,0.002947380533441901,-0.00013068714179098606,0.0,0.0
78,78-2:232:34,all,lt16,False,1.0,0.999773607564216,0.5881446856481143,1.0,0.011686206795275211,0.011670181527733803,0.011693363077938557,0.011689997278153896,-3.7904828786849976e-06,-1.9815750420093536e-05,3.3657997846603394e-06
78,78-2:232:34,inner_half,lt16,False,1.0,0.999773607564216,0.5881446856481143,1.0,0.01250252965837717,0.012529516592621803,0.012529516592621803,0.012529516592621803,-2.698693424463272e-05,0.0,0.0
78,78-2:232:35,all,lt16,False,1.0,0.9922565171641241,0.8629193162228243,1.0,0.0009139511385001242,0.0007754400139674544,0.0007640404510311782,0.0008029711898416281,0.00011097994865849614,-2.753117587417364e-05,-3.893073881044984e-05
78,78-2:232:35,inner_half,lt16,False,1.0,0.9922565171641241,0.8629193162228243,1.0,0.00025878241285681725,9.546242654323578e-05,4.348345100879669e-06,4.2645569919841364e-05,0.00021613684293697588,5.2816856623394415e-05,-3.8297224818961695e-05
78,78-2:232:36,all,lt16,False,1.0,0.999553219879624,0.9475010522136628,1.0,0.009062206372618675,0.009158346801996231,0.009158346801996231,0.009173395112156868,-0.00011118873953819275,-1.5048310160636902e-05,-1.5048310160636902e-05
78,78-2:232:36,inner_half,lt16,False,1.0,0.999553219879624,0.9475010522136628,1.0,0.012170711532235146,0.012315399944782257,0.012315399944782257,0.012331556528806686,-0.00016084499657154083,-1.615658402442932e-05,-1.615658402442932e-05
78,78-2:232:37,all,ge32,False,1.0,0.987214321483924,0.7337071513092556,1.0,0.007560980040580034,0.007386237382888794,0.007386237382888794,0.007415278814733028,0.00014570122584700584,-2.9041431844234467e-05,-2.9041431844234467e-05
78,78-2:232:37,inner_half,ge32,False,1.0,0.987214321483924,0.7337071513092556,1.0,0.0062889158725738525,0.006257122848182917,0.006257122848182917,0.006234385538846254,5.453033372759819e-05,2.2737309336662292e-05,2.2737309336662292e-05
78,78-2:232:38,all,ge32,False,1.0,0.9097361488674005,0.9678469480238965,1.0,0.004266287665814161,0.004463061690330505,0.004347268957644701,0.004373627714812756,-0.00010734004899859428,8.943397551774979e-05,-2.635875716805458e-05
78,78-2:232:38,inner_half,ge32,False,1.0,0.9097361488674005,0.9678469480238965,1.0,0.0053915781900286674,0.005740995518863201,0.005657002795487642,0.005721468478441238,-0.00032989028841257095,1.9527040421962738e-05,-6.446568295359612e-05
78,78-2:232:39,all,ge32,False,1.0,0.9958049731550596,0.9851631855188576,1.0,0.004824415780603886,0.004664204549044371,0.004602291155606508,0.004626999609172344,0.00019741617143154144,3.7204939872026443e-05,-2.4708453565835953e-05
78,78-2:232:39,inner_half,ge32,False,1.0,0.9958049731550596,0.9851631855188576,1.0,0.005550669971853495,0.004869929514825344,0.005042563192546368,0.005084349773824215,0.0004663201980292797,-0.00021442025899887085,-4.178658127784729e-05
78,78-2:232:40,all,ge32,False,1.0,0.5259836234269353,0.9499389422563509,1.0,0.0016831632237881422,0.0018586049554869533,0.002091550501063466,0.002156853908672929,-0.0004736906848847866,-0.00029824895318597555,-6.530340760946274e-05
78,78-2:232:40,inner_half,ge32,False,1.0,0.5259836234269353,0.9499389422563509,1.0,0.001860316377133131,0.001860316377133131,0.001860316377133131,0.0018791055772453547,-1.8789200112223625e-05,-1.8789200112223625e-05,-1.8789200112223625e-05
78,78-2:232:41,all,ge32,False,1.0,0.9495424973824839,0.6622728989015912,1.0,0.005593159236013889,0.005481002386659384,0.0054687256924808025,0.005468720104545355,0.00012443913146853447,1.228228211402893e-05,5.587935447692871e-09
78,78-2:232:41,inner_half,ge32,False,1.0,0.9495424973824839,0.6622728989015912,1.0,0.001863948069512844,0.0018515423871576786,0.0018556502182036638,0.0018370607867836952,2.6887282729148865e-05,1.4481600373983383e-05,1.8589431419968605e-05
78,78-2:232:42,all,ge32,False,1.0,0.991045372121954,0.5934162284204814,1.0,0.011834567412734032,0.01173655316233635,0.011837413534522057,0.011761276051402092,7.32913613319397e-05,-2.4722889065742493e-05,7.61374831199646e-05
78,78-2:232:42,inner_half,ge32,False,1.0,0.991045372121954,0.5934162284204814,1.0,0.006369936279952526,0.006381923332810402,0.006394210271537304,0.006381923332810402,-1.1987052857875824e-05,0.0,1.2286938726902008e-05
78,78-2:232:43,all,ge32,True,0.9609375,0.9996743185285099,0.9947874095110991,0.9609375,0.01223608385771513,0.017661193385720253,0.01757393404841423,0.017849214375019073,-0.005613130517303944,-0.0001880209892988205,-0.00027528032660484314
78,78-2:232:43,inner_half,ge32,True,0.9609375,0.9996743185285099,0.9947874095110991,1.0,0.007543565705418587,0.006890551187098026,0.006967383902519941,0.006872297264635563,0.0006712684407830238,1.825392246246338e-05,9.508663788437843e-05
78,78-2:232:44,all,ge32,False,1.0,0.9753083725220641,0.8171104397629115,1.0,0.008452510461211205,0.008615330792963505,0.008389884606003761,0.008646825328469276,-0.0001943148672580719,-3.149453550577164e-05,-0.00025694072246551514
78,78-2:232:44,inner_half,ge32,False,1.0,0.9753083725220641,0.8171104397629115,1.0,0.0036082749720662832,0.0034759514965116978,0.0034759514965116978,0.0034720415715128183,0.0001362334005534649,3.909924998879433e-06,3.909924998879433e-06
78,78-2:232:45,all,ge32,False,1.0,0.7829005640824057,0.9145852636330069,1.0,0.004818691406399012,0.004934667609632015,0.0048890262842178345,0.004887101240456104,-6.840983405709267e-05,4.756636917591095e-05,1.925043761730194e-06
78,78-2:232:45,inner_half,ge32,False,1.0,0.7829005640824057,0.9145852636330069,1.0,0.003619145369157195,0.0036101697478443384,0.0035603048745542765,0.003550970461219549,6.817490793764591e-05,5.919928662478924e-05,9.334413334727287e-06
78,78-2:232:46,all,ge32,False,1.0,0.998058535365181,0.5648125673991982,1.0,0.013545647263526917,0.013619537465274334,0.01351146399974823,0.013688340783119202,-0.00014269351959228516,-6.88033178448677e-05,-0.00017687678337097168
78,78-2:232:46,inner_half,ge32,False,1.0,0.998058535365181,0.5648125673991982,1.0,0.013313720002770424,0.013355047442018986,0.013202421367168427,0.013438144698739052,-0.00012442469596862793,-8.309725672006607e-05,-0.0002357233315706253
78,78-2:232:47,all,ge32,True,0.95703125,0.9994085683445966,0.9961541089670584,0.98828125,0.015550918877124786,0.015735100954771042,0.015718767419457436,0.015594767406582832,-4.384852945804596e-05,0.00014033354818820953,0.00012400001287460327
78,78-2:232:47,inner_half,ge32,True,0.95703125,0.9994085683445966,0.9961541089670584,1.0,0.011206712573766708,0.010177710093557835,0.010143621824681759,0.010221273638308048,0.0009854389354586601,-4.356354475021362e-05,-7.765181362628937e-05
78,78-2:232:48,all,ge32,True,1.0,0.9998999125555847,0.9978421626998064,1.0,0.010808492079377174,0.012811428867280483,0.012977834790945053,0.013176955282688141,-0.0023684632033109665,-0.0003655264154076576,-0.00019912049174308777
78,78-2:232:48,inner_half,ge32,True,1.0,0.9998999125555847,0.9978421626998064,1.0,0.0025574523024260998,0.002530946396291256,0.002542435657233,0.0025634984485805035,-6.0461461544036865e-06,-3.255205228924751e-05,-2.1062791347503662e-05
78,78-2:232:49,all,ge32,True,0.9765625,0.9908735059678998,0.9763108276437926,0.98828125,0.0332120843231678,0.02235083468258381,0.021731436252593994,0.021879345178604126,0.011332739144563675,0.0004714895039796829,-0.00014790892601013184
78,78-2:232:49,inner_half,ge32,True,0.9765625,0.9908735059678998,0.9763108276437926,1.0,0.03240280598402023,0.02309197187423706,0.02272215113043785,0.0255938358604908,0.006808970123529434,-0.0025018639862537384,-0.002871684730052948
78,78-2:232:50,all,ge32,True,1.0,0.9990848972336009,0.9840647006926484,1.0,0.014494912698864937,0.016401611268520355,0.016529731452465057,0.01621343567967415,-0.0017185229808092117,0.00018817558884620667,0.0003162957727909088
78,78-2:232:50,inner_half,ge32,True,1.0,0.9990848972336009,0.9840647006926484,1.0,0.008294913917779922,0.007886179722845554,0.007875926792621613,0.00794733501970768,0.00034757889807224274,-6.11552968621254e-05,-7.14082270860672e-05
78,78-2:232:51,all,ge32,True,0.99609375,0.9937581129816978,0.9915736463655647,0.99609375,0.02200634591281414,0.011090872809290886,0.010933095589280128,0.010707786306738853,0.011298559606075287,0.00038308650255203247,0.00022530928254127502
78,78-2:232:51,inner_half,ge32,True,0.99609375,0.9937581129816978,0.9915736463655647,1.0,0.033497728407382965,0.01499362662434578,0.014665933325886726,0.013206729665398598,0.020290998741984367,0.0017868969589471817,0.0014592036604881287
78,78-2:232:52,all,16to32,False,1.0,0.7423852882660501,0.8245233637550422,1.0,0.004644572734832764,0.00423344736918807,0.004233946092426777,0.00438628438860178,0.00025828834623098373,-0.00015283701941370964,-0.00015233829617500305
78,78-2:232:52,inner_half,16to32,False,1.0,0.7423852882660501,0.8245233637550422,1.0,0.0019321825820952654,0.0019248236203566194,0.0019077889155596495,0.002066919580101967,-0.00013473699800670147,-0.0001420959597453475,-0.0001591306645423174
78,78-2:232:53,all,16to32,False,1.0,0.9861359600977132,0.8103629141484749,1.0,0.005814720876514912,0.005824903957545757,0.00589715875685215,0.0058648111298680305,-5.0090253353118896e-05,-3.9907172322273254e-05,3.2347626984119415e-05
78,78-2:232:53,inner_half,16to32,False,1.0,0.9861359600977132,0.8103629141484749,1.0,0.0021507712081074715,0.0021575128193944693,0.0021155462600290775,0.0020738583989441395,7.691280916333199e-05,8.365442045032978e-05,4.168786108493805e-05
78,78-2:232:54,all,ge32,False,1.0,0.9990157747593906,0.9279241087968182,1.0,0.006317298859357834,0.006303022149950266,0.006382382940500975,0.006339612882584333,-2.2314023226499557e-05,-3.6590732634067535e-05,4.2770057916641235e-05
78,78-2:232:54,inner_half,ge32,False,1.0,0.9990157747593906,0.9279241087968182,1.0,0.006609709467738867,0.0066730184480547905,0.006628398783504963,0.006662426516413689,-5.2717048674821854e-05,1.0591931641101837e-05,-3.402773290872574e-05
78,78-2:232:55,all,ge32,True,1.0,0.993830842064922,0.9921002285796763,1.0,0.022718064486980438,0.02379237301647663,0.023730184882879257,0.024306682869791985,-0.0015886183828115463,-0.0005143098533153534,-0.0005764979869127274
78,78-2:232:55,inner_half,ge32,True,1.0,0.993830842064922,0.9921002285796763,1.0,0.02514161728322506,0.021717287600040436,0.022089041769504547,0.02307838946580887,0.002063227817416191,-0.0013611018657684326,-0.0009893476963043213
78,78-2:232:56,all,16to32,False,1.0,0.9914202530639917,0.527462518196048,1.0,0.0058672549203038216,0.00583335105329752,0.005903746001422405,0.00599230732768774,-0.00012505240738391876,-0.00015895627439022064,-8.856132626533508e-05
78,78-2:232:56,inner_half,16to32,False,1.0,0.9914202530639917,0.527462518196048,1.0,0.00251042190939188,0.0024534156545996666,0.002487782621756196,0.0024995526764541864,1.0869232937693596e-05,-4.6137021854519844e-05,-1.1770054697990417e-05
78,78-2:232:57,all,16to32,False,1.0,0.9985124691930243,0.5897941427248841,1.0,0.004557127598673105,0.00448337709531188,0.004526196047663689,0.004641893319785595,-8.47657211124897e-05,-0.00015851622447371483,-0.00011569727212190628
78,78-2:232:57,inner_half,16to32,False,1.0,0.9985124691930243,0.5897941427248841,1.0,0.005219941958785057,0.005216292105615139,0.00527349766343832,0.005248764529824257,-2.882257103919983e-05,-3.247242420911789e-05,2.4733133614063263e-05
78,78-2:232:58,all,16to32,False,1.0,0.9993941185622366,0.8880122627737035,1.0,0.007338544819504023,0.007178517058491707,0.007219207473099232,0.007263477426022291,7.506739348173141e-05,-8.496036753058434e-05,-4.4269952923059464e-05
78,78-2:232:58,inner_half,16to32,False,1.0,0.9993941185622366,0.8880122627737035,1.0,0.00860065221786499,0.008871839381754398,0.008871839381754398,0.008871220052242279,-0.0002705678343772888,6.193295121192932e-07,6.193295121192932e-07
78,78-2:232:59,all,ge32,True,1.0,0.9998199029232137,0.9984144227509679,1.0,0.009722188115119934,0.010712957009673119,0.010698914527893066,0.010794192552566528,-0.0010720044374465942,-8.123554289340973e-05,-9.527802467346191e-05
78,78-2:232:59,inner_half,ge32,True,1.0,0.9998199029232137,0.9984144227509679,1.0,0.009743684902787209,0.009544105269014835,0.009488575160503387,0.009774005971848965,-3.0321069061756134e-05,-0.00022990070283412933,-0.00028543081134557724
78,78-2:232:60,all,16to32,False,1.0,0.9987217392316751,0.9724105011290479,1.0,0.012379711493849754,0.012647746130824089,0.012739678844809532,0.012703699991106987,-0.00032398849725723267,-5.595386028289795e-05,3.5978853702545166e-05
78,78-2:232:60,inner_half,16to32,False,1.0,0.9987217392316751,0.9724105011290479,1.0,0.009622054174542427,0.009632445871829987,0.009544823318719864,0.009732954204082489,-0.00011090002954006195,-0.00010050833225250244,-0.00018813088536262512
78,78-2:232:61,all,16to32,True,1.0,0.9993850547849141,0.9959142429411151,1.0,0.01033172570168972,0.012863382697105408,0.01282393466681242,0.012779763899743557,-0.002448038198053837,8.361879736185074e-05,4.4170767068862915e-05
78,78-2:232:61,inner_half,16to32,True,1.0,0.9993850547849141,0.9959142429411151,1.0,0.010723716579377651,0.010794885456562042,0.010716376826167107,0.01116684079170227,-0.0004431242123246193,-0.00037195533514022827,-0.0004504639655351639
78,78-2:232:62,all,16to32,False,1.0,0.9787059599162854,0.9612268260421588,1.0,0.00818636640906334,0.008219031617045403,0.008199110627174377,0.008346892893314362,-0.00016052648425102234,-0.00012786127626895905,-0.00014778226613998413
78,78-2:232:62,inner_half,16to32,False,1.0,0.9787059599162854,0.9612268260421588,1.0,0.005320670548826456,0.005441583693027496,0.005436078645288944,0.005401132628321648,-8.046207949519157e-05,4.0451064705848694e-05,3.49460169672966e-05
78,78-2:232:63,all,ge32,True,0.99609375,0.9871484398492442,0.975931207482644,1.0,0.03300926461815834,0.02606327459216118,0.026037342846393585,0.02739584445953369,0.005613420158624649,-0.0013325698673725128,-0.0013585016131401062
78,78-2:232:63,inner_half,ge32,True,0.99609375,0.9871484398492442,0.975931207482644,1.0,0.029979553073644638,0.024798544123768806,0.024943053722381592,0.02617308869957924,0.003806464374065399,-0.0013745445758104324,-0.001230034977197647
78,78-2:232:64,all,ge32,True,1.0,0.9989321742919853,0.997478994253512,1.0,0.0139720868319273,0.011363137513399124,0.011331556364893913,0.011453716084361076,0.002518370747566223,-9.057857096195221e-05,-0.00012215971946716309
78,78-2:232:64,inner_half,ge32,True,1.0,0.9989321742919853,0.997478994253512,1.0,0.010357667692005634,0.00964401476085186,0.009694757871329784,0.010074371472001076,0.00028329622000455856,-0.0004303567111492157,-0.00037961360067129135
78,78-2:232:65,all,ge32,True,0.9609375,0.9942330264577184,0.9868607733765301,0.9609375,0.020927228033542633,0.021222230046987534,0.021147161722183228,0.02035503461956978,0.0005721934139728546,0.0008671954274177551,0.0007921271026134491
78,78-2:232:65,inner_half,ge32,True,0.9609375,0.9942330264577184,0.9868607733765301,1.0,0.02403746172785759,0.026200635358691216,0.026133375242352486,0.02846282348036766,-0.004425361752510071,-0.002262188121676445,-0.002329448238015175
78,78-2:232:66,all,ge32,True,0.953125,0.9995952018710447,0.9977303972959315,0.9765625,0.02377723716199398,0.024659698829054832,0.024600163102149963,0.02548772469162941,-0.0017104875296354294,-0.0008280258625745773,-0.0008875615894794464
78,78-2:232:66,inner_half,ge32,True,0.953125,0.9995952018710447,0.9977303972959315,1.0,0.028856400400400162,0.025670483708381653,0.025609269738197327,0.026398420333862305,0.002457980066537857,-0.0007279366254806519,-0.000789150595664978
78,78-2:232:67,all,16to32,False,0.99609375,0.9966557999545129,0.9955772484080253,1.0,0.010133260861039162,0.010020685382187366,0.009645623154938221,0.00992634892463684,0.00020691193640232086,9.433645755052567e-05,-0.00028072576969861984
78,78-2:232:67,inner_half,16to32,False,0.99609375,0.9966557999545129,0.9955772484080253,1.0,0.010503710247576237,0.01103244163095951,0.01040671207010746,0.011070918291807175,-0.000567208044230938,-3.847666084766388e-05,-0.0006642062216997147
78,78-2:232:68,all,ge32,True,0.83203125,0.999243726092159,0.9959797250661443,0.890625,0.01680678501725197,0.017422817647457123,0.017161767929792404,0.01729237474501133,-0.00048558972775936127,0.00013044290244579315,-0.00013060681521892548
78,78-2:232:68,inner_half,ge32,True,0.83203125,0.999243726092159,0.9959797250661443,0.96875,0.01357722282409668,0.013797635212540627,0.013400709256529808,0.014689924195408821,-0.0011127013713121414,-0.0008922889828681946,-0.001289214938879013
78,78-2:232:69,all,ge32,True,0.9765625,0.9992153720153801,0.998106718167409,0.9765625,0.022269148379564285,0.02100825496017933,0.021001705899834633,0.02133285254240036,0.0009362958371639252,-0.0003245975822210312,-0.00033114664256572723
78,78-2:232:69,inner_half,ge32,True,0.9765625,0.9992153720153801,0.998106718167409,1.0,0.02650282345712185,0.023874059319496155,0.023873021826148033,0.024775348603725433,0.0017274748533964157,-0.0009012892842292786,-0.0009023267775774002
78,78-2:232:70,all,16to32,True,0.62890625,0.9995553470834322,0.9981149512450015,0.76171875,0.017335541546344757,0.011365734040737152,0.011407984420657158,0.01167293917387724,0.005662602372467518,-0.00030720513314008713,-0.00026495475322008133
78,78-2:232:70,inner_half,16to32,True,0.62890625,0.9995553470834322,0.9981149512450015,0.875,0.006358508486300707,0.007871312089264393,0.007833288051187992,0.008013604208827019,-0.0016550957225263119,-0.00014229211956262589,-0.00018031615763902664
78,78-2:232:71,all,ge32,True,0.99609375,0.9955534352560044,0.9923504444893035,0.99609375,0.030242839828133583,0.024027865380048752,0.02402518317103386,0.023688891902565956,0.006553947925567627,0.0003389734774827957,0.00033629126846790314
78,78-2:232:71,inner_half,ge32,True,0.99609375,0.9955534352560044,0.9923504444893035,1.0,0.03566772863268852,0.02198372595012188,0.021729053929448128,0.02283325046300888,0.012834478169679642,-0.000849524512887001,-0.0011041965335607529
78,78-2:232:72,all,16to32,True,0.96875,0.9996621387689186,0.9976479199804638,0.96875,0.021480612456798553,0.026575934141874313,0.0262009110301733,0.02567683905363083,-0.004196226596832275,0.0008990950882434845,0.0005240719765424728
78,78-2:232:72,inner_half,16to32,True,0.96875,0.9996621387689186,0.9976479199804638,1.0,0.0258803628385067,0.03322823718190193,0.03347024321556091,0.03319805860519409,-0.007317695766687393,3.0178576707839966e-05,0.0002721846103668213
78,78-2:232:73,all,16to32,True,0.99609375,0.9980049727208766,0.9832641505082819,0.99609375,0.015568410977721214,0.020667316392064095,0.020754294469952583,0.020991835743188858,-0.005423424765467644,-0.0003245193511247635,-0.00023754127323627472
78,78-2:232:73,inner_half,16to32,True,0.99609375,0.9980049727208766,0.9832641505082819,1.0,0.012020593509078026,0.013023987412452698,0.0129783283919096,0.013694994151592255,-0.0016744006425142288,-0.0006710067391395569,-0.0007166657596826553
78,78-2:232:74,all,ge32,False,0.46484375,0.9989999790523677,0.9924225657987281,0.53515625,0.028874419629573822,0.027276474982500076,0.027459725737571716,0.02511579357087612,0.0037586260586977005,0.0021606814116239548,0.002343932166695595
78,78-2:232:74,inner_half,ge32,False,0.46484375,0.9989999790523677,0.9924225657987281,0.15625,0.052064698189496994,0.049823202192783356,0.04979000985622406,0.03925934433937073,0.012805353850126266,0.010563857853412628,0.010530665516853333
78,78-2:232:75,all,16to32,True,0.9921875,0.9966350046113107,0.9963198182188988,1.0,0.013669392094016075,0.01312277466058731,0.012645108625292778,0.01285756565630436,0.0008118264377117157,0.00026520900428295135,-0.00021245703101158142
78,78-2:232:75,inner_half,16to32,True,0.9921875,0.9966350046113107,0.9963198182188988,1.0,0.01323230192065239,0.014103369787335396,0.01315708551555872,0.01307694148272276,0.00015536043792963028,0.0010264283046126366,8.014403283596039e-05
78,78-2:232:76,all,16to32,True,0.93359375,0.9995104504132627,0.9978084957746431,0.96875,0.012944568879902363,0.019942663609981537,0.01970638707280159,0.020180750638246536,-0.007236181758344173,-0.0002380870282649994,-0.0004743635654449463
78,78-2:232:76,inner_half,16to32,True,0.93359375,0.9995104504132627,0.9978084957746431,1.0,0.012415943667292595,0.013895748183131218,0.013912503607571125,0.014571381732821465,-0.0021554380655288696,-0.0006756335496902466,-0.0006588781252503395
78,78-2:232:77,all,16to32,True,1.0,0.9996830294590098,0.9979089296274049,1.0,0.01099560596048832,0.012941582128405571,0.012937652878463268,0.012857568450272083,-0.0018619624897837639,8.40136781334877e-05,8.0084428191185e-05
78,78-2:232:77,inner_half,16to32,True,1.0,0.9996830294590098,0.9979089296274049,1.0,0.00970656517893076,0.009235316887497902,0.009260967373847961,0.009512764401733875,0.00019380077719688416,-0.00027744751423597336,-0.00025179702788591385
78,78-2:232:78,all,16to32,True,0.99609375,0.9959575325827021,0.9865023122950933,1.0,0.021125661209225655,0.02223513275384903,0.022196941077709198,0.022459110245108604,-0.0013334490358829498,-0.0002239774912595749,-0.00026216916739940643
78,78-2:232:78,inner_half,16to32,True,0.99609375,0.9959575325827021,0.9865023122950933,1.0,0.027211764827370644,0.019348442554473877,0.019399423152208328,0.020781928673386574,0.00642983615398407,-0.0014334861189126968,-0.0013825055211782455
78,78-2:232:79,all,16to32,False,1.0,0.9978994970116948,0.8049113387488281,1.0,0.009326934814453125,0.00928749144077301,0.009275035001337528,0.009273529052734375,5.340576171875e-05,1.3962388038635254e-05,1.5059486031532288e-06
78,78-2:232:79,inner_half,16to32,False,1.0,0.9978994970116948,0.8049113387488281,1.0,0.005647769197821617,0.005647769197821617,0.005651239771395922,0.005651239771395922,-3.4705735743045807e-06,-3.4705735743045807e-06,0.0
78,78-2:232:80,all,ge32,False,1.0,0.9967007114817114,0.6450152301124482,1.0,0.010372018441557884,0.01014750450849533,0.01051107794046402,0.010478489100933075,-0.00010647065937519073,-0.00033098459243774414,3.2588839530944824e-05
78,78-2:232:80,inner_half,ge32,False,1.0,0.9967007114817114,0.6450152301124482,1.0,0.014356506988406181,0.013530619442462921,0.014385171234607697,0.014393847435712814,-3.7340447306632996e-05,-0.0008632279932498932,-8.676201105117798e-06
78,78-2:232:81,all,16to32,True,0.984375,0.9997191782882396,0.9989210892749264,0.98828125,0.014449789188802242,0.022603582590818405,0.022321540862321854,0.021958721801638603,-0.007508932612836361,0.0006448607891798019,0.00036281906068325043
78,78-2:232:81,inner_half,16to32,True,0.984375,0.9997191782882396,0.9989210892749264,1.0,0.014733784832060337,0.01645824685692787,0.01648736745119095,0.01571086421608925,-0.0009770793840289116,0.000747382640838623,0.0007765032351016998
78,78-2:232:82,all,16to32,True,0.96875,0.9974111144987177,0.9885842619644756,0.96875,0.021591143682599068,0.02626768685877323,0.026280974969267845,0.02652680315077305,-0.004935659468173981,-0.0002591162919998169,-0.00024582818150520325
78,78-2:232:82,inner_half,16to32,True,0.96875,0.9974111144987177,0.9885842619644756,1.0,0.01876140385866165,0.020042845979332924,0.0200791098177433,0.02054930105805397,-0.0017878971993923187,-0.0005064550787210464,-0.00047019124031066895
78,78-2:232:83,all,16to32,True,0.9921875,0.9969098263001782,0.990767119747971,1.0,0.014454186893999577,0.015118608251214027,0.015142343938350677,0.014811566099524498,-0.0003573792055249214,0.0003070421516895294,0.0003307778388261795
78,78-2:232:83,inner_half,16to32,True,0.9921875,0.9969098263001782,0.990767119747971,1.0,0.010951879434287548,0.010501635260879993,0.010425321757793427,0.010284719057381153,0.000667160376906395,0.00021691620349884033,0.0001406027004122734
78,78-2:232:84,all,16to32,True,1.0,0.9987200329406831,0.9931676944890435,1.0,0.022274645045399666,0.022133536636829376,0.021898072212934494,0.021907657384872437,0.0003669876605272293,0.0002258792519569397,-9.585171937942505e-06
78,78-2:232:84,inner_half,16to32,True,1.0,0.9987200329406831,0.9931676944890435,1.0,0.021219372749328613,0.02120905928313732,0.02080169878900051,0.021301468834280968,-8.209608495235443e-05,-9.240955114364624e-05,-0.0004997700452804565
78,78-2:232:85,all,16to32,True,1.0,0.9998449996458207,0.9989834812749488,1.0,0.01612023077905178,0.017617303878068924,0.017620448023080826,0.017661772668361664,-0.0015415418893098831,-4.446879029273987e-05,-4.132464528083801e-05
78,78-2:232:85,inner_half,16to32,True,1.0,0.9998449996458207,0.9989834812749488,1.0,0.018461478874087334,0.01821933686733246,0.01821933686733246,0.01815377175807953,0.00030770711600780487,6.556510925292969e-05,6.556510925292969e-05
78,78-2:232:86,all,16to32,False,1.0,0.9993903175930473,0.7310377048674928,1.0,0.009357033297419548,0.0093785859644413,0.009372606873512268,0.009366707876324654,-9.67457890510559e-06,1.1878088116645813e-05,5.898997187614441e-06
78,78-2:232:86,inner_half,16to32,False,1.0,0.9993903175930473,0.7310377048674928,1.0,0.008454987779259682,0.008507329039275646,0.008487481623888016,0.008466158993542194,-1.1171214282512665e-05,4.117004573345184e-05,2.132263034582138e-05
78,78-2:232:87,all,16to32,False,1.0,0.9995855263698448,0.5968350819674014,1.0,0.014598553068935871,0.014588569290935993,0.014576442539691925,0.0145798334851861,1.8719583749771118e-05,8.735805749893188e-06,-3.3909454941749573e-06
78,78-2:232:87,inner_half,16to32,False,1.0,0.9995855263698448,0.5968350819674014,1.0,0.010380227118730545,0.01038028672337532,0.01038028672337532,0.010383396409451962,-3.1692907214164734e-06,-3.1096860766410828e-06,-3.1096860766410828e-06
78,78-2:232:88,all,ge32,True,1.0,0.9835388254841223,0.9703739126873514,1.0,0.024045351892709732,0.020457826554775238,0.020786143839359283,0.02076098695397377,0.003284364938735962,-0.0003031603991985321,2.5156885385513306e-05
78,78-2:232:88,inner_half,ge32,True,1.0,0.9835388254841223,0.9703739126873514,1.0,0.018518485128879547,0.014907117933034897,0.014731612987816334,0.015017617493867874,0.003500867635011673,-0.0001104995608329773,-0.0002860045060515404
78,78-2:232:89,all,16to32,False,1.0,0.9986881455791159,0.7984723104753253,1.0,0.010541858151555061,0.010486787185072899,0.010596510022878647,0.010605307295918465,-6.344914436340332e-05,-0.0001185201108455658,-8.79727303981781e-06
78,78-2:232:89,inner_half,16to32,False,1.0,0.9986881455791159,0.7984723104753253,1.0,0.010053783655166626,0.010065911337733269,0.01006217859685421,0.010069262236356735,-1.5478581190109253e-05,-3.3508986234664917e-06,-7.08363950252533e-06
78,78-2:232:90,all,16to32,False,1.0,0.9997798735607454,0.8615469372448912,1.0,0.010577138513326645,0.010612767189741135,0.010604757815599442,0.010702285915613174,-0.00012514740228652954,-8.95187258720398e-05,-9.752810001373291e-05
78,78-2:232:90,inner_half,16to32,False,1.0,0.9997798735607454,0.8615469372448912,1.0,0.00946942251175642,0.009488951414823532,0.00947592593729496,0.009642497636377811,-0.0001730751246213913,-0.00015354622155427933,-0.0001665716990828514
78,78-2:232:91,all,16to32,False,1.0,0.9992388207900154,0.6362823895385006,1.0,0.008541606366634369,0.008529400452971458,0.008535752072930336,0.008548477664589882,-6.8712979555130005e-06,-1.9077211618423462e-05,-1.2725591659545898e-05
78,78-2:232:91,inner_half,16to32,False,1.0,0.9992388207900154,0.6362823895385006,1.0,0.005930401384830475,0.005922981072217226,0.0059611378237605095,0.005946418270468712,-1.6016885638237e-05,-2.3437198251485825e-05,1.4719553291797638e-05
78,78-2:232:92,all,16to32,False,1.0,0.9996745453164546,0.6409990059387085,1.0,0.011898934841156006,0.011786713264882565,0.011786713264882565,0.011765087023377419,0.00013384781777858734,2.1626241505146027e-05,2.1626241505146027e-05
78,78-2:232:92,inner_half,16to32,False,1.0,0.9996745453164546,0.6409990059387085,1.0,0.012773817405104637,0.012744776904582977,0.012744776904582977,0.012744776904582977,2.904050052165985e-05,0.0,0.0
78,78-2:232:93,all,ge32,False,1.0,0.9518688428703198,0.6402772053884143,1.0,0.001300482894293964,0.0010387145448476076,0.0008537888061255217,0.0010625800350680947,0.00023790285922586918,-2.3865490220487118e-05,-0.00020879122894257307
78,78-2:232:93,inner_half,ge32,False,1.0,0.9518688428703198,0.6402772053884143,1.0,0.0005765033420175314,0.000533878686837852,0.000446513993665576,0.0007957911002449691,-0.00021928775822743773,-0.00026191241340711713,-0.00034927710657939315
78,78-2:232:94,all,16to32,False,1.0,0.999550355697195,0.6462664933799336,1.0,0.012654483318328857,0.01277464535087347,0.012755177915096283,0.013014726340770721,-0.000360243022441864,-0.00024008098989725113,-0.0002595484256744385
78,78-2:232:94,inner_half,16to32,False,1.0,0.999550355697195,0.6462664933799336,1.0,0.010327888652682304,0.010330600664019585,0.010356050916016102,0.011435016989707947,-0.0011071283370256424,-0.0011044163256883621,-0.001078966073691845
78,78-2:232:95,all,16to32,True,1.0,0.9944509931074005,0.9967232995285131,1.0,0.030777614563703537,0.027635589241981506,0.027386900037527084,0.02708376571536064,0.0036938488483428955,0.0005518235266208649,0.00030313432216644287
78,78-2:232:95,inner_half,16to32,True,1.0,0.9944509931074005,0.9967232995285131,1.0,0.03174739331007004,0.027334272861480713,0.02725129947066307,0.027352504432201385,0.004394888877868652,-1.8231570720672607e-05,-0.00010120496153831482
78,78-2:232:96,all,16to32,False,1.0,0.9994966490768082,0.7139954591724604,1.0,0.010561924427747726,0.010393926873803139,0.010402568615972996,0.010409589856863022,0.0001523345708847046,-1.5662983059883118e-05,-7.0212408900260925e-06
78,78-2:232:96,inner_half,16to32,False,1.0,0.9994966490768082,0.7139954591724604,1.0,0.007324338890612125,0.007320907898247242,0.007368058897554874,0.007368058897554874,-4.3720006942749023e-05,-4.7150999307632446e-05,0.0
78,78-2:232:97,all,16to32,False,1.0,0.9984837551615959,0.9138396347847432,1.0,0.011908367276191711,0.011756528168916702,0.011859254911541939,0.01199369691312313,-8.532963693141937e-05,-0.00023716874420642853,-0.00013444200158119202
78,78-2:232:97,inner_half,16to32,False,1.0,0.9984837551615959,0.9138396347847432,1.0,0.012225659564137459,0.011914619244635105,0.012342344038188457,0.012809263542294502,-0.0005836039781570435,-0.0008946442976593971,-0.00046691950410604477
78,78-2:232:98,all,16to32,False,1.0,0.9992352142282163,0.9325369777602022,1.0,0.010905927047133446,0.011011934839189053,0.0109324399381876,0.010836094617843628,6.983242928981781e-05,0.00017584022134542465,9.634532034397125e-05
78,78-2:232:98,inner_half,16to32,False,1.0,0.9992352142282163,0.9325369777602022,1.0,0.005768422968685627,0.0057601649314165115,0.005768422968685627,0.005768422968685627,0.0,-8.258037269115448e-06,0.0
78,78-2:232:99,all,16to32,True,1.0,0.9971621485781498,0.992570996960904,1.0,0.05670756846666336,0.055308371782302856,0.05543284863233566,0.05534617230296135,0.001361396163702011,-3.780052065849304e-05,8.667632937431335e-05
78,78-2:232:99,inner_half,16to32,True,1.0,0.9971621485781498,0.992570996960904,1.0,0.05972038209438324,0.053429313004016876,0.053400054574012756,0.05327828228473663,0.0064420998096466064,0.00015103071928024292,0.00012177228927612305
