pair,camera,anchor,key,region,native_min_side,size_bin,common_fraction,bg_l1,constant_l1,affine_l1,dense_l1,shuffle_l1,constant_minus_dense_l1,affine_minus_dense_l1,shuffle_minus_dense_l1
23,1,233,23-1:233:0,all,21.523681640625,16to32,0.8515625,0.1348208487033844,0.06425216794013977,0.05716744810342789,0.06403670459985733,0.08579064905643463,0.00021546334028244019,-0.006869256496429443,0.0217539444565773
23,1,233,23-1:233:0,inner_half,21.523681640625,16to32,0.953125,0.12457465380430222,0.05765233188867569,0.05211300775408745,0.06393652409315109,0.07290004193782806,-0.006284192204475403,-0.011823516339063644,0.008963517844676971
23,1,233,23-1:233:1,all,15.639892578125,lt16,0.78515625,0.16943499445915222,0.03958212956786156,0.0678127184510231,0.04099838435649872,0.07416380941867828,-0.0014162547886371613,0.026814334094524384,0.033165425062179565
23,1,233,23-1:233:1,inner_half,15.639892578125,lt16,1.0,0.24143271148204803,0.03697489947080612,0.08027023077011108,0.030772492289543152,0.0907956212759018,0.00620240718126297,0.04949773848056793,0.06002312898635864
23,1,233,23-1:233:2,all,27.91180419921875,16to32,1.0,0.019569506868720055,0.017506401985883713,0.017475390806794167,0.017447292804718018,0.01764869876205921,5.910918116569519e-05,2.8098002076148987e-05,0.00020140595734119415
23,1,233,23-1:233:2,inner_half,27.91180419921875,16to32,1.0,0.021420586854219437,0.019977901130914688,0.019882580265402794,0.020093869417905807,0.020127560943365097,-0.00011596828699111938,-0.0002112891525030136,3.369152545928955e-05
23,1,233,23-1:233:3,all,20.72979736328125,16to32,0.73828125,0.06334633380174637,0.06485497951507568,0.05403704196214676,0.04202670231461525,0.06319570541381836,0.022828277200460434,0.01201033964753151,0.02116900309920311
23,1,233,23-1:233:3,inner_half,20.72979736328125,16to32,0.921875,0.12931224703788757,0.133220836520195,0.10690100491046906,0.06602639704942703,0.12558701634407043,0.06719443947076797,0.04087460786104202,0.0595606192946434
23,1,233,23-1:233:12,all,20.51824951171875,16to32,1.0,0.046628549695014954,0.020848847925662994,0.02011311799287796,0.020307637751102448,0.02172517403960228,0.0005412101745605469,-0.0001945197582244873,0.0014175362884998322
23,1,233,23-1:233:12,inner_half,20.51824951171875,16to32,1.0,0.05980374291539192,0.021298296749591827,0.020290659740567207,0.021093910560011864,0.022144213318824768,0.00020438618957996368,-0.0008032508194446564,0.0010503027588129044
23,1,233,23-1:233:13,all,23.71875,16to32,1.0,0.01579415239393711,0.012817627750337124,0.012702776119112968,0.012902796268463135,0.013292339630424976,-8.51685181260109e-05,-0.00020002014935016632,0.0003895433619618416
23,1,233,23-1:233:13,inner_half,23.71875,16to32,1.0,0.020636798813939095,0.015176590532064438,0.014500257559120655,0.015527105890214443,0.01695389114320278,-0.00035051535815000534,-0.0010268483310937881,0.0014267852529883385
23,1,233,23-1:233:14,all,24.596923828125,16to32,1.0,0.008874844759702682,0.0078694773837924,0.008015711791813374,0.007998807355761528,0.007861991412937641,-0.00012932997196912766,1.690443605184555e-05,-0.00013681594282388687
23,1,233,23-1:233:14,inner_half,24.596923828125,16to32,1.0,0.010522162541747093,0.009191359393298626,0.00961802713572979,0.009343666024506092,0.009125791490077972,-0.00015230663120746613,0.00027436111122369766,-0.00021787453442811966
23,1,233,23-1:233:17,all,75.80892944335938,ge32,1.0,0.018828339874744415,0.01315624825656414,0.014137880876660347,0.01361205242574215,0.0132370600476861,-0.00045580416917800903,0.0005258284509181976,-0.00037499237805604935
23,1,233,23-1:233:17,inner_half,75.80892944335938,ge32,1.0,0.011401926167309284,0.0092552425339818,0.009496093727648258,0.009317973628640175,0.009453228674829006,-6.273109465837479e-05,0.00017812009900808334,0.00013525504618883133
23,1,233,23-1:233:18,all,61.6373291015625,ge32,1.0,0.02162424847483635,0.013853704556822777,0.01393035613000393,0.013894283212721348,0.01408098079264164,-4.0578655898571014e-05,3.607291728258133e-05,0.0001866975799202919
23,1,233,23-1:233:18,inner_half,61.6373291015625,ge32,1.0,0.021578602492809296,0.011662361212074757,0.012152855284512043,0.012462359853088856,0.010553956031799316,-0.0007999986410140991,-0.00030950456857681274,-0.0019084038212895393
23,1,233,23-1:233:19,all,57.648712158203125,ge32,1.0,0.025485366582870483,0.013290262781083584,0.013086294755339622,0.01333562284708023,0.01338743232190609,-4.536006599664688e-05,-0.0002493280917406082,5.180947482585907e-05
23,1,233,23-1:233:19,inner_half,57.648712158203125,ge32,1.0,0.028696654364466667,0.01514106709510088,0.01587354578077793,0.01610659621655941,0.015898004174232483,-0.0009655291214585304,-0.00023305043578147888,-0.00020859204232692719
23,1,233,23-1:233:20,all,55.4365234375,ge32,1.0,0.018060021102428436,0.016340412199497223,0.016749385744333267,0.01702231913805008,0.016780853271484375,-0.0006819069385528564,-0.00027293339371681213,-0.00024146586656570435
23,1,233,23-1:233:20,inner_half,55.4365234375,ge32,1.0,0.019261835142970085,0.016912320628762245,0.016080526635050774,0.016673188656568527,0.017292313277721405,0.00023913197219371796,-0.0005926620215177536,0.0006191246211528778
23,1,233,23-1:233:21,all,57.596466064453125,ge32,1.0,0.01953665167093277,0.011882178485393524,0.011794166639447212,0.01182618085294962,0.011952579021453857,5.599763244390488e-05,-3.2014213502407074e-05,0.00012639816850423813
23,1,233,23-1:233:21,inner_half,57.596466064453125,ge32,1.0,0.019110865890979767,0.011508998461067677,0.011482571251690388,0.011248581111431122,0.01147728506475687,0.0002604173496365547,0.0002339901402592659,0.00022870395332574844
23,1,233,23-1:233:22,all,48.219879150390625,ge32,1.0,0.019388314336538315,0.017968617379665375,0.017449259757995605,0.01738872192800045,0.018019743263721466,0.0005798954516649246,6.0537829995155334e-05,0.0006310213357210159
23,1,233,23-1:233:22,inner_half,48.219879150390625,ge32,1.0,0.01657150685787201,0.015898503363132477,0.016033537685871124,0.01562406588345766,0.016027774661779404,0.00027443747967481613,0.0004094718024134636,0.000403708778321743
23,1,233,23-1:233:23,all,92.06439971923828,ge32,0.99609375,0.03175462782382965,0.012984294444322586,0.017377521842718124,0.011548587121069431,0.019322257488965988,0.0014357073232531548,0.005828934721648693,0.007773670367896557
23,1,233,23-1:233:23,inner_half,92.06439971923828,ge32,1.0,0.03222103789448738,0.009864818304777145,0.017196517437696457,0.008939875289797783,0.015269740484654903,0.0009249430149793625,0.008256642147898674,0.0063298651948571205
23,1,233,23-1:233:24,all,38.57183837890625,ge32,0.8203125,0.15169231593608856,0.016285637393593788,0.05262092500925064,0.02296239510178566,0.05711750686168671,-0.006676757708191872,0.02965852990746498,0.03415511175990105
23,1,233,23-1:233:24,inner_half,38.57183837890625,ge32,1.0,0.19493821263313293,0.011529441922903061,0.08177013695240021,0.017734501510858536,0.06761398166418076,-0.006205059587955475,0.06403563544154167,0.04987948015332222
23,1,233,23-1:233:25,all,34.182861328125,ge32,0.76171875,0.13463135063648224,0.04647497460246086,0.07905471324920654,0.0478588305413723,0.05803534761071205,-0.001383855938911438,0.031195882707834244,0.010176517069339752
23,1,233,23-1:233:25,inner_half,34.182861328125,ge32,1.0,0.10890479385852814,0.03824242949485779,0.07430072128772736,0.03026282601058483,0.0485958494246006,0.007979603484272957,0.044037895277142525,0.01833302341401577
23,1,233,23-1:233:26,all,30.35528564453125,16to32,0.796875,0.14738568663597107,0.03830603137612343,0.05582963675260544,0.04150141030550003,0.05387972667813301,-0.003195378929376602,0.014328226447105408,0.01237831637263298
23,1,233,23-1:233:26,inner_half,30.35528564453125,16to32,1.0,0.23459643125534058,0.05455627292394638,0.09525380283594131,0.05796090140938759,0.07758649438619614,-0.003404628485441208,0.037292901426553726,0.019625592976808548
23,1,467,23-1:467:0,all,20.8377685546875,16to32,0.421875,0.10266615450382233,0.09340866655111313,0.0757751613855362,0.04003893584012985,0.07578707486391068,0.053369730710983276,0.03573622554540634,0.03574813902378082
23,1,467,23-1:467:0,inner_half,20.8377685546875,16to32,0.46875,0.2422477900981903,0.2249208390712738,0.17317946255207062,0.05866029113531113,0.17838123440742493,0.16626054793596268,0.11451917141675949,0.1197209432721138
23,1,467,23-1:467:1,all,17.30010986328125,16to32,0.62109375,0.14729030430316925,0.026654986664652824,0.04892682284116745,0.03137830272316933,0.053367938846349716,-0.004723316058516502,0.017548520117998123,0.02198963612318039
23,1,467,23-1:467:1,inner_half,17.30010986328125,16to32,0.9375,0.18393927812576294,0.030321475118398666,0.06793393939733505,0.03428233787417412,0.0689663216471672,-0.003960862755775452,0.033651601523160934,0.03468398377299309
23,1,467,23-1:467:2,all,14.4652099609375,lt16,1.0,0.04495968669652939,0.033159174025058746,0.0331965908408165,0.033235352486371994,0.033215731382369995,-7.617846131324768e-05,-3.8761645555496216e-05,-1.96211040019989e-05
23,1,467,23-1:467:2,inner_half,14.4652099609375,lt16,1.0,0.06802858412265778,0.05409049242734909,0.05412105470895767,0.05408869683742523,0.05418996885418892,1.7955899238586426e-06,3.2357871532440186e-05,0.00010127201676368713
23,1,467,23-1:467:3,all,18.563201904296875,16to32,0.76171875,0.08993574231863022,0.027470260858535767,0.03525890037417412,0.022607773542404175,0.06049453467130661,0.004862487316131592,0.012651126831769943,0.037886761128902435
23,1,467,23-1:467:3,inner_half,18.563201904296875,16to32,0.8125,0.1098499447107315,0.03164760023355484,0.05963405221700668,0.02896234765648842,0.05938150733709335,0.0026852525770664215,0.030671704560518265,0.030419159680604935
23,1,467,23-1:467:4,all,12.3470458984375,lt16,1.0,0.07935503125190735,0.07923591881990433,0.07931356132030487,0.07931298017501831,0.07902513444423676,-7.706135511398315e-05,5.811452865600586e-07,-0.0002878457307815552
23,1,467,23-1:467:4,inner_half,12.3470458984375,lt16,1.0,0.11502452194690704,0.11479432880878448,0.11472706496715546,0.11472870409488678,0.11487732827663422,6.562471389770508e-05,-1.6391277313232422e-06,0.00014862418174743652
23,1,467,23-1:467:5,all,13.68212890625,lt16,1.0,0.04002620279788971,0.02991580218076706,0.02970409393310547,0.029705699533224106,0.029841694980859756,0.0002101026475429535,-1.605600118637085e-06,0.00013599544763565063
23,1,467,23-1:467:5,inner_half,13.68212890625,lt16,1.0,0.054834380745887756,0.04079687222838402,0.04077443480491638,0.04064681753516197,0.04051276296377182,0.0001500546932220459,0.0001276172697544098,-0.00013405457139015198
23,1,467,23-1:467:9,all,30.50164794921875,16to32,1.0,0.05821653828024864,0.018718790262937546,0.018965238705277443,0.018975326791405678,0.019293682649731636,-0.000256536528468132,-1.0088086128234863e-05,0.00031835585832595825
23,1,467,23-1:467:9,inner_half,30.50164794921875,16to32,1.0,0.06193722039461136,0.023257147520780563,0.02280411124229431,0.02351301535964012,0.024436041712760925,-0.0002558678388595581,-0.0007089041173458099,0.0009230263531208038
23,1,467,23-1:467:10,all,19.36199951171875,16to32,1.0,0.017917750403285027,0.016588665544986725,0.017649194225668907,0.01752764917910099,0.018388839438557625,-0.0009389836341142654,0.00012154504656791687,0.0008611902594566345
23,1,467,23-1:467:10,inner_half,19.36199951171875,16to32,1.0,0.018129859119653702,0.01716069132089615,0.019048035144805908,0.01879284717142582,0.02241944521665573,-0.0016321558505296707,0.0002551879733800888,0.003626598045229912
23,1,467,23-1:467:11,all,22.0018310546875,16to32,1.0,0.05641597509384155,0.02116323634982109,0.021417612209916115,0.02136802114546299,0.02100854180753231,-0.0002047847956418991,4.9591064453125e-05,-0.0003594793379306793
23,1,467,23-1:467:11,inner_half,22.0018310546875,16to32,1.0,0.05991586297750473,0.02134084329009056,0.02143353596329689,0.021411333233118057,0.0219002366065979,-7.048994302749634e-05,2.2202730178833008e-05,0.0004889033734798431
23,1,467,23-1:467:12,all,16.9730224609375,16to32,1.0,0.040056586265563965,0.015797292813658714,0.015897246077656746,0.01580916903913021,0.016362424939870834,-1.1876225471496582e-05,8.807703852653503e-05,0.0005532559007406235
23,1,467,23-1:467:12,inner_half,16.9730224609375,16to32,1.0,0.036016084253787994,0.01684378832578659,0.01729205995798111,0.017101015895605087,0.01768800988793373,-0.0002572275698184967,0.00019104406237602234,0.0005869939923286438
23,1,467,23-1:467:13,all,15.28204345703125,lt16,1.0,0.027153849601745605,0.014507850632071495,0.01413995586335659,0.01419597864151001,0.014376839622855186,0.0003118719905614853,-5.6022778153419495e-05,0.0001808609813451767
23,1,467,23-1:467:13,inner_half,15.28204345703125,lt16,1.0,0.03642216697335243,0.017702367156744003,0.017231978476047516,0.01727847196161747,0.01717233657836914,0.0004238951951265335,-4.649348556995392e-05,-0.00010613538324832916
23,1,467,23-1:467:14,all,18.1859130859375,16to32,1.0,0.031162764877080917,0.015418816357851028,0.015031818300485611,0.015020502731204033,0.01550041139125824,0.00039831362664699554,1.1315569281578064e-05,0.00047990866005420685
23,1,467,23-1:467:14,inner_half,18.1859130859375,16to32,1.0,0.029657643288373947,0.0137700866907835,0.013556327670812607,0.013609722256660461,0.013740447349846363,0.00016036443412303925,-5.3394585847854614e-05,0.00013072509318590164
23,1,467,23-1:467:15,all,15.096817016601562,lt16,1.0,0.02836747094988823,0.013491202145814896,0.013655373826622963,0.013565482571721077,0.013540918938815594,-7.428042590618134e-05,8.989125490188599e-05,-2.4563632905483246e-05
23,1,467,23-1:467:15,inner_half,15.096817016601562,lt16,1.0,0.030194172635674477,0.01350821927189827,0.01395778451114893,0.013708436861634254,0.012850776314735413,-0.0002002175897359848,0.00024934764951467514,-0.0008576605468988419
23,1,467,23-1:467:20,all,47.4976806640625,ge32,1.0,0.018474919721484184,0.013666540384292603,0.014045067131519318,0.013977229595184326,0.013903345912694931,-0.00031068921089172363,6.783753633499146e-05,-7.388368248939514e-05
23,1,467,23-1:467:20,inner_half,47.4976806640625,ge32,1.0,0.015840036794543266,0.012734965421259403,0.012972641736268997,0.012828055769205093,0.012870199047029018,-9.309034794569016e-05,0.0001445859670639038,4.214327782392502e-05
23,1,467,23-1:467:21,all,51.47015380859375,ge32,0.8671875,0.1215137466788292,0.016532044857740402,0.032817672938108444,0.017151150852441788,0.036997489631175995,-0.0006191059947013855,0.015666522085666656,0.019846338778734207
23,1,467,23-1:467:21,inner_half,51.47015380859375,ge32,1.0,0.1143098697066307,0.008601527661085129,0.017565123736858368,0.008194058202207088,0.032918915152549744,0.0004074694588780403,0.00937106553465128,0.024724856950342655
23,1,467,23-1:467:22,all,36.60577392578125,ge32,1.0,0.011525752022862434,0.007904555648565292,0.007927902974188328,0.008054745383560658,0.008001118898391724,-0.00015018973499536514,-0.0001268424093723297,-5.362648516893387e-05
23,1,467,23-1:467:22,inner_half,36.60577392578125,ge32,1.0,0.007345342077314854,0.005126733332872391,0.004797823261469603,0.004893605597317219,0.004950052127242088,0.00023312773555517197,-9.57823358476162e-05,5.644652992486954e-05
23,1,467,23-1:467:23,all,40.02545166015625,ge32,1.0,0.012207148596644402,0.016292566433548927,0.015427090227603912,0.014806415885686874,0.01577523723244667,0.001486150547862053,0.000620674341917038,0.0009688213467597961
23,1,467,23-1:467:23,inner_half,40.02545166015625,ge32,1.0,0.009142874740064144,0.009840315207839012,0.009792303666472435,0.009989511221647263,0.00937042385339737,-0.00014919601380825043,-0.00019720755517482758,-0.0006190873682498932
23,1,467,23-1:467:24,all,43.093017578125,ge32,1.0,0.019297029823064804,0.013153426349163055,0.013304268009960651,0.013309593312442303,0.013454118743538857,-0.00015616696327924728,-5.325302481651306e-06,0.0001445254310965538
23,1,467,23-1:467:24,inner_half,43.093017578125,ge32,1.0,0.016745932400226593,0.01191825419664383,0.011682490818202496,0.01127911638468504,0.011866236105561256,0.0006391378119587898,0.00040337443351745605,0.0005871197208762169
23,1,467,23-1:467:25,all,43.856201171875,ge32,1.0,0.017254041507840157,0.018431223928928375,0.01829867996275425,0.01824360340833664,0.01844150386750698,0.00018762052059173584,5.507655441761017e-05,0.0001979004591703415
23,1,467,23-1:467:25,inner_half,43.856201171875,ge32,1.0,0.014018956571817398,0.014672012999653816,0.014507437124848366,0.014574755914509296,0.014570707455277443,9.72570851445198e-05,-6.731878966093063e-05,-4.048459231853485e-06
23,1,467,23-1:467:26,all,28.64501953125,16to32,1.0,0.018687935546040535,0.012325388379395008,0.01209480594843626,0.012120342813432217,0.012485401704907417,0.00020504556596279144,-2.553686499595642e-05,0.00036505889147520065
23,1,467,23-1:467:26,inner_half,28.64501953125,16to32,1.0,0.01653282716870308,0.01161738857626915,0.011626004241406918,0.011620122008025646,0.011620420031249523,-2.7334317564964294e-06,5.882233381271362e-06,2.980232238769531e-07
23,1,467,23-1:467:27,all,37.375732421875,ge32,1.0,0.01897294446825981,0.015227435156702995,0.014950534328818321,0.015198050998151302,0.01581740938127041,2.9384158551692963e-05,-0.0002475166693329811,0.0006193583831191063
23,1,467,23-1:467:27,inner_half,37.375732421875,ge32,1.0,0.0063814884051680565,0.005499465391039848,0.005677921697497368,0.005684562958776951,0.005470420233905315,-0.0001850975677371025,-6.641261279582977e-06,-0.00021414272487163544
23,1,467,23-1:467:28,all,70.42572021484375,ge32,0.77734375,0.07503139227628708,0.016587795689702034,0.021684113889932632,0.011312383227050304,0.0276777446269989,0.00527541246265173,0.010371730662882328,0.016365361399948597
23,1,467,23-1:467:28,inner_half,70.42572021484375,ge32,1.0,0.03887784108519554,0.0067165386863052845,0.008213874883949757,0.0075111533515155315,0.009252408519387245,-0.000794614665210247,0.0007027215324342251,0.0017412551678717136
23,1,467,23-1:467:29,all,36.036376953125,ge32,1.0,0.018660344183444977,0.012283027172088623,0.01243043877184391,0.012548455037176609,0.012459240853786469,-0.000265427865087986,-0.00011801626533269882,-8.921418339014053e-05
23,1,467,23-1:467:29,inner_half,36.036376953125,ge32,1.0,0.00896427035331726,0.007024991326034069,0.0070329699665308,0.006883729249238968,0.007028439547866583,0.00014126207679510117,0.00014924071729183197,0.00014471029862761497
23,1,467,23-1:467:30,all,31.43231201171875,16to32,1.0,0.01503041759133339,0.01076343934983015,0.01079259067773819,0.01108694076538086,0.011034801602363586,-0.00032350141555070877,-0.0002943500876426697,-5.213916301727295e-05
23,1,467,23-1:467:30,inner_half,31.43231201171875,16to32,1.0,0.006729245651513338,0.004826925694942474,0.004908806178718805,0.004918497987091541,0.00501541793346405,-9.157229214906693e-05,-9.691808372735977e-06,9.6919946372509e-05
23,1,467,23-1:467:31,all,30.38314437866211,16to32,0.8984375,0.01775767281651497,0.014606266282498837,0.014593105763196945,0.014663312584161758,0.014727783389389515,-5.7046301662921906e-05,-7.020682096481323e-05,6.44708052277565e-05
23,1,467,23-1:467:31,inner_half,30.38314437866211,16to32,1.0,0.01660192385315895,0.016698341816663742,0.016681049019098282,0.016765721142292023,0.01674094796180725,-6.737932562828064e-05,-8.467212319374084e-05,-2.477318048477173e-05
23,1,467,23-1:467:32,all,32.6744384765625,ge32,1.0,0.011721043847501278,0.011073391884565353,0.010270994156599045,0.010127831250429153,0.010590940713882446,0.0009455606341362,0.00014316290616989136,0.00046310946345329285
23,1,467,23-1:467:32,inner_half,32.6744384765625,ge32,1.0,0.005103956442326307,0.004951647482812405,0.004722684621810913,0.005005223676562309,0.004939537961035967,-5.357619374990463e-05,-0.0002825390547513962,-6.568571552634239e-05
23,1,467,23-1:467:33,all,29.83453369140625,16to32,0.94140625,0.10471472144126892,0.018001431599259377,0.030998878180980682,0.018038896843791008,0.03451554477214813,-3.746524453163147e-05,0.012959981337189674,0.016476647928357124
23,1,467,23-1:467:33,inner_half,29.83453369140625,16to32,1.0,0.17543521523475647,0.024889197200536728,0.05748213082551956,0.01822918839752674,0.053374070674180984,0.006660008803009987,0.03925294242799282,0.03514488227665424
23,1,467,23-1:467:34,all,31.51715087890625,16to32,1.0,0.020755788311362267,0.013712390325963497,0.013597959652543068,0.01378944143652916,0.015043463557958603,-7.705111056566238e-05,-0.00019148178398609161,0.0012540221214294434
23,1,467,23-1:467:34,inner_half,31.51715087890625,16to32,1.0,0.021445758640766144,0.013282706961035728,0.013414551503956318,0.012950284406542778,0.013810219243168831,0.00033242255449295044,0.0004642670974135399,0.0008599348366260529
23,1,467,23-1:467:35,all,31.35455322265625,16to32,1.0,0.019020959734916687,0.014194712974131107,0.014158809557557106,0.014206052757799625,0.014365939423441887,-1.1339783668518066e-05,-4.724320024251938e-05,0.0001598866656422615
23,1,467,23-1:467:35,inner_half,31.35455322265625,16to32,1.0,0.018763244152069092,0.013234536163508892,0.01372205838561058,0.013518927618861198,0.0135125033557415,-0.00028439145535230637,0.00020313076674938202,-6.424263119697571e-06
23,1,467,23-1:467:36,all,33.51043701171875,ge32,1.0,0.024853775277733803,0.01665816828608513,0.016650669276714325,0.016507761552929878,0.016666371375322342,0.00015040673315525055,0.00014290772378444672,0.00015860982239246368
23,1,467,23-1:467:36,inner_half,33.51043701171875,ge32,1.0,0.015954669564962387,0.010918707586824894,0.011076364666223526,0.010834679007530212,0.010683044791221619,8.402857929468155e-05,0.0002416856586933136,-0.00015163421630859375
23,1,467,23-1:467:37,all,16.101192474365234,16to32,0.875,0.025722410529851913,0.015413993038237095,0.015142838470637798,0.015222446992993355,0.015378705225884914,0.00019154604524374008,-7.960852235555649e-05,0.0001562582328915596
23,1,467,23-1:467:37,inner_half,16.101192474365234,16to32,1.0,0.0382690466940403,0.015830785036087036,0.015568213537335396,0.01556186843663454,0.01608603447675705,0.0002689165994524956,6.345100700855255e-06,0.000524166040122509
23,1,467,23-1:467:38,all,19.222474366426468,16to32,0.875,0.016720782965421677,0.011700115166604519,0.011857354082167149,0.011979475617408752,0.011816742829978466,-0.00027936045080423355,-0.00012212153524160385,-0.0001627327874302864
23,1,467,23-1:467:38,inner_half,19.222474366426468,16to32,1.0,0.02328489162027836,0.013304747641086578,0.013685359619557858,0.013971605338156223,0.013607451692223549,-0.0006668576970696449,-0.0002862457185983658,-0.0003641536459326744
23,1,467,23-1:467:39,all,12.044266194105148,lt16,0.75,0.015994735062122345,0.01326008141040802,0.013260585255920887,0.013217714615166187,0.013213307596743107,4.236679524183273e-05,4.287064075469971e-05,-4.407018423080444e-06
23,1,467,23-1:467:39,inner_half,12.044266194105148,lt16,1.0,0.026906631886959076,0.016895946115255356,0.016896585002541542,0.016703447327017784,0.016927141696214676,0.00019249878823757172,0.00019313767552375793,0.00022369436919689178
23,2,233,23-2:233:0,all,24.55267333984375,16to32,0.4921875,0.1168089509010315,0.048086438328027725,0.07539042830467224,0.0469195730984211,0.09328147023916245,0.0011668652296066284,0.028470855206251144,0.04636189714074135
23,2,233,23-2:233:0,inner_half,24.55267333984375,16to32,0.8125,0.16846929490566254,0.045239534229040146,0.06662195920944214,0.04874900355935097,0.11944735050201416,-0.0035094693303108215,0.01787295565009117,0.07069834694266319
23,2,233,23-2:233:1,all,15.224853515625,lt16,1.0,0.02199758216738701,0.026016639545559883,0.025721373036503792,0.025675196200609207,0.025718137621879578,0.00034144334495067596,4.6176835894584656e-05,4.2941421270370483e-05
23,2,233,23-2:233:1,inner_half,15.224853515625,lt16,1.0,0.01784093864262104,0.023748043924570084,0.02368820458650589,0.02357223816215992,0.023593995720148087,0.00017580576241016388,0.00011596642434597015,2.175755798816681e-05
23,2,233,23-2:233:2,all,20.1571044921875,16to32,0.73046875,0.10172343254089355,0.06915014982223511,0.09588080644607544,0.06621699780225754,0.07870424538850784,0.0029331520199775696,0.0296638086438179,0.012487247586250305
23,2,233,23-2:233:2,inner_half,20.1571044921875,16to32,1.0,0.10737386345863342,0.059394411742687225,0.09113502502441406,0.05702245235443115,0.07069044560194016,0.002371959388256073,0.03411257266998291,0.013667993247509003
23,2,233,23-2:233:3,all,18.75433349609375,16to32,0.70703125,0.09205934405326843,0.06895517557859421,0.09378521889448166,0.0717834010720253,0.0982835441827774,-0.0028282254934310913,0.02200181782245636,0.026500143110752106
23,2,233,23-2:233:3,inner_half,18.75433349609375,16to32,0.71875,0.12150422483682632,0.08877788484096527,0.1777152568101883,0.08268414437770844,0.15503297746181488,0.006093740463256836,0.09503111243247986,0.07234883308410645
23,2,233,23-2:233:4,all,16.95751953125,16to32,1.0,0.034687064588069916,0.033318422734737396,0.031913019716739655,0.032183628529310226,0.03171275556087494,0.0011347942054271698,-0.0002706088125705719,-0.0004708729684352875
23,2,233,23-2:233:4,inner_half,16.95751953125,16to32,1.0,0.036480411887168884,0.034780532121658325,0.03450269624590874,0.03638698533177376,0.03381870687007904,-0.0016064532101154327,-0.0018842890858650208,-0.0025682784616947174
23,2,233,23-2:233:8,all,19.62921142578125,16to32,1.0,0.022213835269212723,0.017674515023827553,0.017456330358982086,0.017654618248343468,0.01833265647292137,1.9896775484085083e-05,-0.00019828788936138153,0.0006780382245779037
23,2,233,23-2:233:8,inner_half,19.62921142578125,16to32,1.0,0.02397853508591652,0.020306970924139023,0.019851764664053917,0.020214702934026718,0.02134355530142784,9.226799011230469e-05,-0.0003629382699728012,0.001128852367401123
23,2,233,23-2:233:9,all,11.53271484375,lt16,1.0,0.014082217589020729,0.012310406193137169,0.012089293450117111,0.012006542645394802,0.01205065380781889,0.0003038635477423668,8.275080472230911e-05,4.4111162424087524e-05
23,2,233,23-2:233:9,inner_half,11.53271484375,lt16,1.0,0.015956765040755272,0.014179426245391369,0.01412421464920044,0.014061782509088516,0.013788904063403606,0.00011764373630285263,6.243214011192322e-05,-0.0002728784456849098
23,2,233,23-2:233:10,all,10.9256591796875,lt16,1.0,0.022935673594474792,0.018084559589624405,0.017855951562523842,0.017874347046017647,0.018157390877604485,0.00021021254360675812,-1.839548349380493e-05,0.00028304383158683777
23,2,233,23-2:233:10,inner_half,10.9256591796875,lt16,1.0,0.02324005402624607,0.019190073013305664,0.018837125971913338,0.01894804835319519,0.01894870400428772,0.00024202466011047363,-0.00011092238128185272,6.556510925292969e-07
23,2,233,23-2:233:11,all,52.460479736328125,ge32,1.0,0.009270616807043552,0.009282186627388,0.009408580139279366,0.009586973115801811,0.009716732427477837,-0.00030478648841381073,-0.00017839297652244568,0.0001297593116760254
23,2,233,23-2:233:11,inner_half,52.460479736328125,ge32,1.0,0.009097148664295673,0.00932333990931511,0.00927768275141716,0.009192133322358131,0.009282510727643967,0.00013120658695697784,8.554942905902863e-05,9.037740528583527e-05
23,2,233,23-2:233:12,all,48.70323181152344,ge32,1.0,0.01134424190968275,0.01137017272412777,0.01141271274536848,0.011409295722842216,0.011334758251905441,-3.912299871444702e-05,3.4170225262641907e-06,-7.453747093677521e-05
23,2,233,23-2:233:12,inner_half,48.70323181152344,ge32,1.0,0.012495812028646469,0.011898765340447426,0.011921005323529243,0.011824985966086388,0.01146276481449604,7.377937436103821e-05,9.601935744285583e-05,-0.0003622211515903473
23,2,233,23-2:233:13,all,49.61180114746094,ge32,1.0,0.011657844297587872,0.012932948768138885,0.012492647394537926,0.013040592893958092,0.012857931666076183,-0.00010764412581920624,-0.000547945499420166,-0.00018266122788190842
23,2,233,23-2:233:13,inner_half,49.61180114746094,ge32,1.0,0.010571271181106567,0.012176331132650375,0.012199826538562775,0.013856634497642517,0.012719445861876011,-0.0016803033649921417,-0.0016568079590797424,-0.0011371886357665062
23,2,233,23-2:233:14,all,53.16487121582031,ge32,1.0,0.011975472792983055,0.011085959151387215,0.010999169200658798,0.011134224012494087,0.011164208874106407,-4.826486110687256e-05,-0.000135054811835289,2.9984861612319946e-05
23,2,233,23-2:233:14,inner_half,53.16487121582031,ge32,1.0,0.011761557310819626,0.011044930666685104,0.011082367971539497,0.012074548751115799,0.011471277102828026,-0.0010296180844306946,-0.0009921807795763016,-0.0006032716482877731
23,2,233,23-2:233:15,all,48.97608947753906,ge32,1.0,0.022648870944976807,0.012604933232069016,0.01372056920081377,0.013104353100061417,0.013176416978240013,-0.0004994198679924011,0.0006162161007523537,7.20638781785965e-05
23,2,233,23-2:233:15,inner_half,48.97608947753906,ge32,1.0,0.03347249701619148,0.018678713589906693,0.019069118425250053,0.018006667494773865,0.02149793691933155,0.0006720460951328278,0.0010624509304761887,0.003491269424557686
23,2,233,23-2:233:16,all,50.45329284667969,ge32,1.0,0.012082505971193314,0.012373711913824081,0.01234770193696022,0.012212926521897316,0.01279926672577858,0.00016078539192676544,0.00013477541506290436,0.0005863402038812637
23,2,233,23-2:233:16,inner_half,50.45329284667969,ge32,1.0,0.011235872283577919,0.00997021421790123,0.009974002838134766,0.009671959094703197,0.010298402979969978,0.0002982551231980324,0.00030204374343156815,0.0006264438852667809
23,2,233,23-2:233:17,all,47.011993408203125,ge32,1.0,0.008692609146237373,0.00840624701231718,0.00847792811691761,0.00855094101279974,0.008594851940870285,-0.0001446940004825592,-7.301289588212967e-05,4.3910928070545197e-05
23,2,233,23-2:233:17,inner_half,47.011993408203125,ge32,1.0,0.007234162651002407,0.006836297456175089,0.006784497760236263,0.006778853014111519,0.006846310570836067,5.744444206357002e-05,5.644746124744415e-06,6.745755672454834e-05
23,2,233,23-2:233:18,all,49.75285339355469,ge32,1.0,0.01335100643336773,0.0135478051379323,0.013421979732811451,0.01331055536866188,0.013445581309497356,0.00023724976927042007,0.00011142436414957047,0.00013502594083547592
23,2,233,23-2:233:18,inner_half,49.75285339355469,ge32,1.0,0.01453564316034317,0.014474227093160152,0.014571862295269966,0.014373102225363255,0.015051726251840591,0.00010112486779689789,0.00019876006990671158,0.0006786240264773369
23,2,233,23-2:233:19,all,52.61236572265625,ge32,0.796875,0.15047164261341095,0.03421706333756447,0.087061807513237,0.03766149282455444,0.0481121763586998,-0.003444429486989975,0.049400314688682556,0.010450683534145355
23,2,233,23-2:233:19,inner_half,52.61236572265625,ge32,1.0,0.21196091175079346,0.04320593178272247,0.10181450843811035,0.04093281179666519,0.06909997761249542,0.0022731199860572815,0.06088169664144516,0.02816716581583023
23,2,233,23-2:233:20,all,48.791412353515625,ge32,1.0,0.009991491213440895,0.010006893426179886,0.009991215541958809,0.010036138817667961,0.010115019977092743,-2.9245391488075256e-05,-4.492327570915222e-05,7.88811594247818e-05
23,2,233,23-2:233:20,inner_half,48.791412353515625,ge32,1.0,0.007690190337598324,0.007382681593298912,0.007590319961309433,0.007668309845030308,0.007494697812944651,-0.0002856282517313957,-7.798988372087479e-05,-0.00017361203208565712
23,2,233,23-2:233:21,all,49.459625244140625,ge32,1.0,0.012377515435218811,0.01145399734377861,0.011256372556090355,0.011379620060324669,0.012092579156160355,7.437728345394135e-05,-0.00012324750423431396,0.0007129590958356857
23,2,233,23-2:233:21,inner_half,49.459625244140625,ge32,1.0,0.01161251962184906,0.010386593639850616,0.01042957790195942,0.010351946577429771,0.011059494689106941,3.464706242084503e-05,7.763132452964783e-05,0.0007075481116771698
23,2,233,23-2:233:22,all,58.229644775390625,ge32,0.86328125,0.058509502559900284,0.01202524546533823,0.017492303624749184,0.014230946078896523,0.01750357635319233,-0.0022057006135582924,0.003261357545852661,0.003272630274295807
23,2,233,23-2:233:22,inner_half,58.229644775390625,ge32,1.0,0.05400123447179794,0.01087409257888794,0.014718489721417427,0.010910313576459885,0.013407867401838303,-3.622099757194519e-05,0.0038081761449575424,0.002497553825378418
23,2,467,23-2:467:0,all,30.53277587890625,16to32,0.65625,0.1743372678756714,0.05042392760515213,0.15019071102142334,0.04569516330957413,0.08244138211011887,0.004728764295578003,0.10449554771184921,0.03674621880054474
23,2,467,23-2:467:0,inner_half,30.53277587890625,16to32,0.9375,0.2241646945476532,0.07060795277357101,0.1917310506105423,0.052942004054784775,0.1242680773139,0.01766594871878624,0.13878904655575752,0.07132607325911522
23,2,467,23-2:467:1,all,28.846923828125,16to32,0.78515625,0.17708390951156616,0.023843400180339813,0.06304769963026047,0.023355422541499138,0.03609186038374901,0.00048797763884067535,0.03969227708876133,0.01273643784224987
23,2,467,23-2:467:1,inner_half,28.846923828125,16to32,0.96875,0.20784805715084076,0.030909446999430656,0.0804278627038002,0.027809981256723404,0.041351255029439926,0.0030994657427072525,0.0526178814470768,0.013541273772716522
23,2,467,23-2:467:2,all,26.716365814208984,16to32,0.78515625,0.07509507983922958,0.02272898145020008,0.049755655229091644,0.022199612110853195,0.032009441405534744,0.0005293693393468857,0.02755604311823845,0.009809829294681549
23,2,467,23-2:467:2,inner_half,26.716365814208984,16to32,0.90625,0.09104786813259125,0.029923291876912117,0.067641980946064,0.028260624036192894,0.03445766866207123,0.001662667840719223,0.0393813569098711,0.006197044625878334
23,2,467,23-2:467:3,all,28.8272705078125,16to32,0.90234375,0.08207153528928757,0.08619986474514008,0.06671404093503952,0.04685526713728905,0.07503646612167358,0.03934459760785103,0.019858773797750473,0.028181198984384537
23,2,467,23-2:467:3,inner_half,28.8272705078125,16to32,0.953125,0.13792987167835236,0.14703874289989471,0.11663611978292465,0.06654133647680283,0.1266268789768219,0.08049740642309189,0.050094783306121826,0.060085542500019073
23,2,467,23-2:467:4,all,30.291595458984375,16to32,0.8359375,0.18060031533241272,0.021230299025774002,0.06336665898561478,0.022847361862659454,0.030879385769367218,-0.0016170628368854523,0.04051929712295532,0.008032023906707764
23,2,467,23-2:467:4,inner_half,30.291595458984375,16to32,1.0,0.26819485425949097,0.024638773873448372,0.0802769660949707,0.024702301248908043,0.050764117389917374,-6.352737545967102e-05,0.05557466484606266,0.02606181614100933
23,2,467,23-2:467:7,all,31.22021484375,16to32,1.0,0.0168968066573143,0.0188145749270916,0.018342342227697372,0.018138177692890167,0.018798036500811577,0.0006763972342014313,0.0002041645348072052,0.0006598588079214096
23,2,467,23-2:467:7,inner_half,31.22021484375,16to32,1.0,0.01898163929581642,0.02197594940662384,0.021506359800696373,0.021314894780516624,0.022296464070677757,0.0006610546261072159,0.00019146502017974854,0.0009815692901611328
23,2,467,23-2:467:8,all,23.448623657226562,16to32,1.0,0.012092063203454018,0.011595518328249454,0.01156401727348566,0.011673830449581146,0.01178667787462473,-7.831212133169174e-05,-0.00010981317609548569,0.00011284742504358292
23,2,467,23-2:467:8,inner_half,23.448623657226562,16to32,1.0,0.014737418852746487,0.014688469469547272,0.014192627742886543,0.014172380790114403,0.014788040891289711,0.000516088679432869,2.0246952772140503e-05,0.0006156601011753082
23,2,467,23-2:467:9,all,18.27349853515625,16to32,1.0,0.015464290976524353,0.013604901731014252,0.014171620830893517,0.014378208667039871,0.014275612309575081,-0.0007733069360256195,-0.00020658783614635468,-0.00010259635746479034
23,2,467,23-2:467:9,inner_half,18.27349853515625,16to32,1.0,0.015276363119482994,0.01282065361738205,0.01265342440456152,0.013487531803548336,0.013233520090579987,-0.0006668781861662865,-0.0008341073989868164,-0.00025401171296834946
23,2,467,23-2:467:10,all,22.138137817382812,16to32,1.0,0.013992460444569588,0.012709645554423332,0.01299152709543705,0.013018006458878517,0.01315394602715969,-0.00030836090445518494,-2.6479363441467285e-05,0.0001359395682811737
23,2,467,23-2:467:10,inner_half,22.138137817382812,16to32,1.0,0.0158334169536829,0.012146634981036186,0.012183833867311478,0.012359678745269775,0.013129539787769318,-0.00021304376423358917,-0.00017584487795829773,0.0007698610424995422
23,2,467,23-2:467:11,all,19.3819580078125,16to32,1.0,0.015537481755018234,0.014503957703709602,0.015323400497436523,0.015136120840907097,0.015257379040122032,-0.0006321631371974945,0.00018727965652942657,0.0001212581992149353
23,2,467,23-2:467:11,inner_half,19.3819580078125,16to32,1.0,0.016406511887907982,0.01546966191381216,0.01545003429055214,0.01577240228652954,0.01555616594851017,-0.0003027403727173805,-0.00032236799597740173,-0.00021623633801937103
23,2,467,23-2:467:18,all,70.4967041015625,ge32,1.0,0.016649598255753517,0.013954751193523407,0.01310495100915432,0.012483942322432995,0.01561581902205944,0.0014708088710904121,0.0006210086867213249,0.0031318766996264458
23,2,467,23-2:467:18,inner_half,70.4967041015625,ge32,1.0,0.022036980837583542,0.017884396016597748,0.0157039612531662,0.01606454886496067,0.02116180583834648,0.0018198471516370773,-0.00036058761179447174,0.005097256973385811
23,2,467,23-2:467:19,all,63.443572998046875,ge32,0.9921875,0.026580488309264183,0.01617816463112831,0.020476697012782097,0.013254763558506966,0.01766815409064293,0.0029234010726213455,0.007221933454275131,0.0044133905321359634
23,2,467,23-2:467:19,inner_half,63.443572998046875,ge32,1.0,0.02050735056400299,0.013197535648941994,0.01566728577017784,0.01335255429148674,0.013845148496329784,-0.0001550186425447464,0.002314731478691101,0.0004925942048430443
23,2,467,23-2:467:20,all,56.15081787109375,ge32,0.828125,0.13620179891586304,0.017510058358311653,0.030458491295576096,0.018337227404117584,0.02415800280869007,-0.0008271690458059311,0.012121263891458511,0.005820775404572487
23,2,467,23-2:467:20,inner_half,56.15081787109375,ge32,1.0,0.16838622093200684,0.016216743737459183,0.028225945308804512,0.016159137710928917,0.02339014783501625,5.760602653026581e-05,0.012066807597875595,0.007231010124087334
23,2,467,23-2:467:21,all,66.23919677734375,ge32,1.0,0.018165137618780136,0.011540746316313744,0.010438185185194016,0.010240115225315094,0.011907648295164108,0.0013006310909986496,0.0001980699598789215,0.0016675330698490143
23,2,467,23-2:467:21,inner_half,66.23919677734375,ge32,1.0,0.017341667786240578,0.011147154495120049,0.010595066472887993,0.010048882104456425,0.011931978166103363,0.0010982723906636238,0.0005461843684315681,0.0018830960616469383
23,2,467,23-2:467:22,all,66.2076416015625,ge32,1.0,0.023467762395739555,0.009898665361106396,0.009598910808563232,0.008843709714710712,0.010179022327065468,0.0010549556463956833,0.00075520109385252,0.0013353126123547554
23,2,467,23-2:467:22,inner_half,66.2076416015625,ge32,1.0,0.021126698702573776,0.0093843974173069,0.00966537557542324,0.008477247320115566,0.010347830131649971,0.0009071500971913338,0.0011881282553076744,0.0018705828115344048
23,2,467,23-2:467:23,all,54.523193359375,ge32,1.0,0.02484862133860588,0.012371161952614784,0.012769291177392006,0.012112990953028202,0.012209642678499222,0.0002581709995865822,0.0006563002243638039,9.665172547101974e-05
23,2,467,23-2:467:23,inner_half,54.523193359375,ge32,1.0,0.028932254761457443,0.011230151169002056,0.01185629703104496,0.011037411168217659,0.012179683893918991,0.00019274000078439713,0.000818885862827301,0.001142272725701332
23,2,467,23-2:467:24,all,61.415313720703125,ge32,1.0,0.021958306431770325,0.016396647319197655,0.014124447479844093,0.013492630794644356,0.015522899106144905,0.002904016524553299,0.0006318166851997375,0.0020302683115005493
23,2,467,23-2:467:24,inner_half,61.415313720703125,ge32,1.0,0.013793107122182846,0.012250932864844799,0.011358821764588356,0.011362612247467041,0.012644290924072266,0.000888320617377758,-3.7904828786849976e-06,0.0012816786766052246
23,2,467,23-2:467:25,all,60.636016845703125,ge32,0.9375,0.011560308746993542,0.008710752241313457,0.008641992695629597,0.00854753889143467,0.008833598345518112,0.000163213349878788,9.445380419492722e-05,0.0002860594540834427
23,2,467,23-2:467:25,inner_half,60.636016845703125,ge32,1.0,0.008360719308257103,0.0075139254331588745,0.007656898815184832,0.00741164106875658,0.007527827750891447,0.00010228436440229416,0.00024525774642825127,0.00011618668213486671
23,2,467,23-2:467:26,all,59.35443115234375,ge32,0.9375,0.010743043385446072,0.008030375465750694,0.007908176630735397,0.007645345758646727,0.008231740444898605,0.00038502970710396767,0.00026283087208867073,0.0005863946862518787
23,2,467,23-2:467:26,inner_half,59.35443115234375,ge32,1.0,0.006495237350463867,0.007002527825534344,0.006857000291347504,0.006923660635948181,0.006401012651622295,7.886718958616257e-05,-6.666034460067749e-05,-0.0005226479843258858
23,2,467,23-2:467:27,all,55.998504638671875,ge32,1.0,0.023932933807373047,0.012271703220903873,0.012638991698622704,0.012178897857666016,0.012473443523049355,9.280536323785782e-05,0.00046009384095668793,0.00029454566538333893
23,2,467,23-2:467:27,inner_half,55.998504638671875,ge32,1.0,0.0177510604262352,0.011027698405086994,0.011067035607993603,0.01086372323334217,0.01050100289285183,0.00016397517174482346,0.00020331237465143204,-0.0003627203404903412
23,2,467,23-2:467:28,all,49.491973876953125,ge32,1.0,0.024462517350912094,0.011823073029518127,0.010366859845817089,0.013178089633584023,0.014856964349746704,-0.001355016604065895,-0.0028112297877669334,0.0016788747161626816
23,2,467,23-2:467:28,inner_half,49.491973876953125,ge32,1.0,0.020209740847349167,0.011167757213115692,0.010357843711972237,0.012220115400850773,0.013375754468142986,-0.0010523581877350807,-0.0018622716888785362,0.0011556390672922134
23,2,467,23-2:467:29,all,104.9871826171875,ge32,1.0,0.029149767011404037,0.01408199779689312,0.013166568242013454,0.01057460531592369,0.014900574460625648,0.003507392480969429,0.0025919629260897636,0.004325969144701958
23,2,467,23-2:467:29,inner_half,104.9871826171875,ge32,1.0,0.03916940838098526,0.01715392991900444,0.017454812303185463,0.012298542074859142,0.016807707026600838,0.004855387844145298,0.005156270228326321,0.004509164951741695
23,2,467,23-2:467:30,all,51.792724609375,ge32,0.8984375,0.09610577672719955,0.023161081597208977,0.05531812459230423,0.027037454769015312,0.034788984805345535,-0.0038763731718063354,0.028280669823288918,0.007751530036330223
23,2,467,23-2:467:30,inner_half,51.792724609375,ge32,1.0,0.12215791642665863,0.03268418461084366,0.07211537659168243,0.03476065397262573,0.04481958970427513,-0.002076469361782074,0.0373547226190567,0.010058935731649399
23,2,467,23-2:467:31,all,69.2039794921875,ge32,1.0,0.015507698059082031,0.01360449381172657,0.013451073318719864,0.013331685215234756,0.014588774181902409,0.00027280859649181366,0.00011938810348510742,0.0012570889666676521
23,2,467,23-2:467:31,inner_half,69.2039794921875,ge32,1.0,0.01870165392756462,0.01517385896295309,0.01449720747768879,0.014810603111982346,0.016515057533979416,0.0003632558509707451,-0.0003133956342935562,0.0017044544219970703
23,2,467,23-2:467:32,all,58.09185516834259,ge32,0.7890625,0.08230756968259811,0.012997597455978394,0.04725206643342972,0.016516627743840218,0.02457081526517868,-0.003519030287861824,0.0307354386895895,0.008054187521338463
23,2,467,23-2:467:32,inner_half,58.09185516834259,ge32,1.0,0.12861362099647522,0.011209766380488873,0.05918922275304794,0.012649398297071457,0.038119006901979446,-0.0014396319165825844,0.046539824455976486,0.02546960860490799
23,2,467,23-2:467:33,all,82.7552490234375,ge32,1.0,0.013597724959254265,0.00990538764744997,0.009330149739980698,0.00932698417454958,0.00959533266723156,0.0005784034729003906,3.1655654311180115e-06,0.00026834849268198013
23,2,467,23-2:467:33,inner_half,82.7552490234375,ge32,1.0,0.0069587258622050285,0.0067635527811944485,0.006530379876494408,0.00682823546230793,0.006158201023936272,-6.468268111348152e-05,-0.00029785558581352234,-0.0006700344383716583
23,2,467,23-2:467:34,all,83.02719116210938,ge32,1.0,0.02136935666203499,0.010156111791729927,0.010050665587186813,0.009739518165588379,0.010073181241750717,0.00041659362614154816,0.00031114742159843445,0.00033366307616233826
23,2,467,23-2:467:34,inner_half,83.02719116210938,ge32,1.0,0.019408702850341797,0.008507960475981236,0.008834757842123508,0.007993673905730247,0.007866458967328072,0.000514286570250988,0.000841083936393261,-0.0001272149384021759
23,2,467,23-2:467:35,all,62.698974609375,ge32,1.0,0.012782527133822441,0.00814344547688961,0.008235203102231026,0.008182026445865631,0.008999204263091087,-3.858096897602081e-05,5.317665636539459e-05,0.0008171778172254562
23,2,467,23-2:467:35,inner_half,62.698974609375,ge32,1.0,0.00979953445494175,0.008051394484937191,0.007846767082810402,0.0076972730457782745,0.008242697454988956,0.0003541214391589165,0.00014949403703212738,0.0005454244092106819
23,2,467,23-2:467:36,all,83.8466796875,ge32,1.0,0.013564062304794788,0.012653370387852192,0.012307625263929367,0.012122320011258125,0.01450367271900177,0.0005310503765940666,0.00018530525267124176,0.0023813527077436447
23,2,467,23-2:467:36,inner_half,83.8466796875,ge32,1.0,0.017798971384763718,0.0159899964928627,0.014750400558114052,0.014058511704206467,0.01562222745269537,0.0019314847886562347,0.0006918888539075851,0.001563715748488903
23,2,467,23-2:467:37,all,68.5609130859375,ge32,1.0,0.011444645002484322,0.00906510092318058,0.009300395846366882,0.009026151150465012,0.009049508720636368,3.894977271556854e-05,0.00027424469590187073,2.33575701713562e-05
23,2,467,23-2:467:37,inner_half,68.5609130859375,ge32,1.0,0.008886699564754963,0.007575897499918938,0.0076987650245428085,0.007863480597734451,0.007821854203939438,-0.0002875830978155136,-0.00016471557319164276,-4.162639379501343e-05
23,2,467,23-2:467:38,all,36.5892333984375,ge32,0.8125,0.017469482496380806,0.01586698740720749,0.016562266275286674,0.016302965581417084,0.01570449024438858,-0.0004359781742095947,0.00025930069386959076,-0.0005984753370285034
23,2,467,23-2:467:38,inner_half,36.5892333984375,ge32,1.0,0.017521876841783524,0.01591320149600506,0.01624361053109169,0.016072271391749382,0.014899160712957382,-0.00015906989574432373,0.00017133913934230804,-0.0011731106787919998
23,2,467,23-2:467:39,all,42.501708984375,ge32,0.875,0.01273520477116108,0.009166802279651165,0.00926266424357891,0.009165720082819462,0.009623427875339985,1.082196831703186e-06,9.6944160759449e-05,0.00045770779252052307
23,2,467,23-2:467:39,inner_half,42.501708984375,ge32,1.0,0.019422903656959534,0.011727247387170792,0.012575835920870304,0.01104644499719143,0.01350843720138073,0.0006808023899793625,0.001529390923678875,0.0024619922041893005
25,1,167,25-1:167:0,all,8.77587890625,lt16,1.0,0.019679948687553406,0.021375831216573715,0.02052958682179451,0.02039230987429619,0.021544959396123886,0.0009835213422775269,0.00013727694749832153,0.0011526495218276978
25,1,167,25-1:167:0,inner_half,8.77587890625,lt16,1.0,0.022608580067753792,0.024917680770158768,0.02497785910964012,0.025222575291991234,0.02442934364080429,-0.0003048945218324661,-0.00024471618235111237,-0.000793231651186943
25,1,167,25-1:167:1,all,10.010986328125,lt16,1.0,0.029636196792125702,0.029406458139419556,0.02939949929714203,0.029418494552373886,0.029383093118667603,-1.2036412954330444e-05,-1.89952552318573e-05,-3.540143370628357e-05
25,1,167,25-1:167:1,inner_half,10.010986328125,lt16,1.0,0.06568442285060883,0.06624908745288849,0.06624908745288849,0.06623608618974686,0.06620904058218002,1.300126314163208e-05,1.300126314163208e-05,-2.7045607566833496e-05
25,1,167,25-1:167:2,all,8.88116455078125,lt16,1.0,0.01691855490207672,0.017072893679142,0.017216216772794724,0.01719069853425026,0.017155122011899948,-0.00011780485510826111,2.551823854446411e-05,-3.557652235031128e-05
25,1,167,25-1:167:2,inner_half,8.88116455078125,lt16,1.0,0.02101275324821472,0.02075151354074478,0.020942416042089462,0.02095167338848114,0.020825792104005814,-0.00020015984773635864,-9.257346391677856e-06,-0.00012588128447532654
25,1,167,25-1:167:3,all,10.13922119140625,lt16,1.0,0.03896549344062805,0.03714066743850708,0.03842107206583023,0.03847397118806839,0.03951709717512131,-0.0013333037495613098,-5.289912223815918e-05,0.0010431259870529175
25,1,167,25-1:167:3,inner_half,10.13922119140625,lt16,1.0,0.03502238914370537,0.031925834715366364,0.03350791707634926,0.03173518925905228,0.037820592522621155,0.00019064545631408691,0.0017727278172969818,0.006085403263568878
25,1,167,25-1:167:4,all,8.10137939453125,lt16,1.0,0.014775799587368965,0.01464834250509739,0.014728989452123642,0.014727817848324776,0.014730844646692276,-7.947534322738647e-05,1.171603798866272e-06,3.026798367500305e-06
25,1,167,25-1:167:4,inner_half,8.10137939453125,lt16,1.0,0.013446325436234474,0.013238364830613136,0.013273070566356182,0.013303907588124275,0.013224203139543533,-6.554275751113892e-05,-3.083702176809311e-05,-7.970444858074188e-05
25,1,167,25-1:167:11,all,9.21044921875,lt16,1.0,0.07757673412561417,0.0773109570145607,0.0774540826678276,0.07718922942876816,0.07719291746616364,0.0001217275857925415,0.00026485323905944824,3.688037395477295e-06
25,1,167,25-1:167:11,inner_half,9.21044921875,lt16,1.0,0.17929697036743164,0.17854148149490356,0.17865748703479767,0.17813289165496826,0.1780456155538559,0.00040858983993530273,0.0005245953798294067,-8.727610111236572e-05
25,1,167,25-1:167:14,all,33.85708236694336,ge32,1.0,0.018037959933280945,0.017381899058818817,0.01719602942466736,0.017316941171884537,0.017341872677206993,6.49578869342804e-05,-0.00012091174721717834,2.493150532245636e-05
25,1,167,25-1:167:14,inner_half,33.85708236694336,ge32,1.0,0.01334459614008665,0.01386882271617651,0.013718189671635628,0.013723572716116905,0.01435448694974184,0.00014525000005960464,-5.383044481277466e-06,0.0006309142336249352
25,1,167,25-1:167:15,all,41.710350036621094,ge32,1.0,0.021584700793027878,0.020489417016506195,0.020441245287656784,0.020362157374620438,0.020567303523421288,0.00012725964188575745,7.908791303634644e-05,0.00020514614880084991
25,1,167,25-1:167:15,inner_half,41.710350036621094,ge32,1.0,0.025432655587792397,0.02545395866036415,0.025392286479473114,0.024858245626091957,0.025491036474704742,0.0005957130342721939,0.0005340408533811569,0.0006327908486127853
25,1,167,25-1:167:16,all,26.120849609375,16to32,1.0,0.014777405187487602,0.014551239088177681,0.014452291652560234,0.014494717121124268,0.014598747715353966,5.652196705341339e-05,-4.242546856403351e-05,0.00010403059422969818
25,1,167,25-1:167:16,inner_half,26.120849609375,16to32,1.0,0.012557463720440865,0.01346608903259039,0.0135243721306324,0.013568991795182228,0.013529778458178043,-0.00010290276259183884,-4.4619664549827576e-05,-3.921333700418472e-05
25,1,167,25-1:167:17,all,38.958740234375,ge32,0.9765625,0.03905021771788597,0.031179606914520264,0.03190896287560463,0.023312140256166458,0.03397957235574722,0.007867466658353806,0.008596822619438171,0.010667432099580765
25,1,167,25-1:167:17,inner_half,38.958740234375,ge32,1.0,0.03771962225437164,0.022530172020196915,0.024906635284423828,0.014969085343182087,0.02969261072576046,0.007561086677014828,0.009937549941241741,0.014723525382578373
25,1,167,25-1:167:18,all,28.889404296875,16to32,1.0,0.015389777719974518,0.01409289799630642,0.013987068086862564,0.014076396822929382,0.014121714979410172,1.650117337703705e-05,-8.932873606681824e-05,4.5318156480789185e-05
25,1,167,25-1:167:18,inner_half,28.889404296875,16to32,1.0,0.013796057552099228,0.013672075234353542,0.013760176487267017,0.013817721977829933,0.013771209865808487,-0.00014564674347639084,-5.75454905629158e-05,-4.651211202144623e-05
25,1,167,25-1:167:19,all,30.7503662109375,16to32,1.0,0.021589940413832664,0.016825761646032333,0.016666848212480545,0.01686067506670952,0.017259785905480385,-3.491342067718506e-05,-0.0001938268542289734,0.0003991108387708664
25,1,167,25-1:167:19,inner_half,30.7503662109375,16to32,1.0,0.022205431014299393,0.016216827556490898,0.01634799689054489,0.01654786802828312,0.0169818215072155,-0.00033104047179222107,-0.00019987113773822784,0.0004339534789323807
25,1,167,25-1:167:20,all,28.8233642578125,16to32,1.0,0.029445910826325417,0.02402876317501068,0.02362930029630661,0.025071337819099426,0.025034843012690544,-0.0010425746440887451,-0.0014420375227928162,-3.649480640888214e-05
25,1,167,25-1:167:20,inner_half,28.8233642578125,16to32,1.0,0.030704032629728317,0.026147063821554184,0.025344472378492355,0.02679794654250145,0.02501082792878151,-0.0006508827209472656,-0.0014534741640090942,-0.0017871186137199402
25,1,167,25-1:167:21,all,23.135513305664062,16to32,1.0,0.019698256626725197,0.01799665577709675,0.01803457923233509,0.017785610631108284,0.018619082868099213,0.00021104514598846436,0.00024896860122680664,0.0008334722369909286
25,1,167,25-1:167:21,inner_half,23.135513305664062,16to32,1.0,0.017094217240810394,0.01513739675283432,0.015240056440234184,0.014429749920964241,0.01573857292532921,0.000707646831870079,0.0008103065192699432,0.0013088230043649673
25,1,167,25-1:167:22,all,37.42100524902344,ge32,1.0,0.016916777938604355,0.01512511819601059,0.015237708576023579,0.015197288244962692,0.015036741271615028,-7.217004895210266e-05,4.042033106088638e-05,-0.00016054697334766388
25,1,167,25-1:167:22,inner_half,37.42100524902344,ge32,1.0,0.0176972858607769,0.015261323191225529,0.01541636511683464,0.015348906628787518,0.015140151605010033,-8.758343756198883e-05,6.745848804712296e-05,-0.0002087550237774849
25,1,167,25-1:167:23,all,36.968994140625,ge32,1.0,0.016108592972159386,0.015033731237053871,0.015016837045550346,0.015025697648525238,0.015050375834107399,8.033588528633118e-06,-8.860602974891663e-06,2.467818558216095e-05
25,1,167,25-1:167:23,inner_half,36.968994140625,ge32,1.0,0.016094570979475975,0.01535123586654663,0.015465708449482918,0.015067063271999359,0.015359816141426563,0.00028417259454727173,0.00039864517748355865,0.00029275286942720413
25,1,167,25-1:167:24,all,25.9720458984375,16to32,1.0,0.024144116789102554,0.01931193098425865,0.019715910777449608,0.019898539409041405,0.019755953922867775,-0.000586608424782753,-0.00018262863159179688,-0.00014258548617362976
25,1,167,25-1:167:24,inner_half,25.9720458984375,16to32,1.0,0.028931360691785812,0.02012835443019867,0.020398784428834915,0.02065305784344673,0.021376803517341614,-0.0005247034132480621,-0.0002542734146118164,0.0007237456738948822
25,1,167,25-1:167:25,all,32.45622253417969,ge32,1.0,0.017188193276524544,0.015276355668902397,0.015438614413142204,0.015446781180799007,0.015409298241138458,-0.00017042551189661026,-8.166767656803131e-06,-3.7482939660549164e-05
25,1,167,25-1:167:25,inner_half,32.45622253417969,ge32,1.0,0.01915133371949196,0.017365578562021255,0.017369229346513748,0.01733478158712387,0.017727123573422432,3.0796974897384644e-05,3.444775938987732e-05,0.0003923419862985611
25,1,167,25-1:167:26,all,23.08349609375,16to32,1.0,0.02296505495905876,0.022494643926620483,0.02232782542705536,0.022687867283821106,0.02273070253431797,-0.00019322335720062256,-0.00036004185676574707,4.283525049686432e-05
25,1,167,25-1:167:26,inner_half,23.08349609375,16to32,1.0,0.021229781210422516,0.023039832711219788,0.023075832054018974,0.024336351081728935,0.0232709888368845,-0.0012965183705091476,-0.001260519027709961,-0.0010653622448444366
25,1,167,25-1:167:27,all,27.53692626953125,16to32,1.0,0.01619878038764,0.015990613028407097,0.015972111374139786,0.01594552956521511,0.016016662120819092,4.5083463191986084e-05,2.6581808924674988e-05,7.113255560398102e-05
25,1,167,25-1:167:27,inner_half,27.53692626953125,16to32,1.0,0.020331550389528275,0.01962731033563614,0.01962731033563614,0.019615761935710907,0.019511304795742035,1.1548399925231934e-05,1.1548399925231934e-05,-0.00010445713996887207
25,1,167,25-1:167:28,all,14.90899658203125,lt16,1.0,0.014994366094470024,0.01541559025645256,0.01535610668361187,0.015363471582531929,0.015297957696020603,5.211867392063141e-05,-7.364898920059204e-06,-6.551388651132584e-05
25,1,167,25-1:167:28,inner_half,14.90899658203125,lt16,1.0,0.01700698770582676,0.01768277958035469,0.01746532879769802,0.01748170331120491,0.017556942999362946,0.00020107626914978027,-1.6374513506889343e-05,7.523968815803528e-05
25,1,167,25-1:167:29,all,19.3876953125,16to32,1.0,0.019962908700108528,0.016925670206546783,0.016816219314932823,0.017024017870426178,0.017008395865559578,-9.834766387939453e-05,-0.0002077985554933548,-1.5622004866600037e-05
25,1,167,25-1:167:29,inner_half,19.3876953125,16to32,1.0,0.02500104159116745,0.015284042805433273,0.015307998284697533,0.015610720030963421,0.015471694990992546,-0.00032667722553014755,-0.0003027217462658882,-0.00013902503997087479
25,1,167,25-1:167:30,all,22.22528076171875,16to32,1.0,0.024486372247338295,0.020266685634851456,0.020507946610450745,0.02066808193922043,0.020542580634355545,-0.0004013963043689728,-0.00016013532876968384,-0.00012550130486488342
25,1,167,25-1:167:30,inner_half,22.22528076171875,16to32,1.0,0.03648843616247177,0.021200302988290787,0.02140096202492714,0.021671712398529053,0.0211659986525774,-0.000471409410238266,-0.00027075037360191345,-0.0005057137459516525
25,1,167,25-1:167:31,all,14.467703819274902,lt16,1.0,0.0185066107660532,0.01817404478788376,0.018656160682439804,0.018637632951140404,0.0185399129986763,-0.0004635881632566452,1.852773129940033e-05,-9.77199524641037e-05
25,1,167,25-1:167:31,inner_half,14.467703819274902,lt16,1.0,0.014007086865603924,0.011937657371163368,0.012024899944663048,0.012210438027977943,0.011609241366386414,-0.0002727806568145752,-0.00018553808331489563,-0.0006011966615915298
25,1,167,25-1:167:32,all,18.908447265625,16to32,1.0,0.017090152949094772,0.01608201302587986,0.016223307698965073,0.01622360572218895,0.016270959749817848,-0.00014159269630908966,-2.980232238769531e-07,4.735402762889862e-05
25,1,167,25-1:167:32,inner_half,18.908447265625,16to32,1.0,0.01296269055455923,0.01033853180706501,0.010201506316661835,0.01020493172109127,0.010175734758377075,0.00013360008597373962,-3.42540442943573e-06,-2.919696271419525e-05
25,1,167,25-1:167:33,all,12.49114990234375,lt16,0.9375,0.024163851514458656,0.022170929238200188,0.022088048979640007,0.022114945575594902,0.022149749100208282,5.5983662605285645e-05,-2.689659595489502e-05,3.480352461338043e-05
25,1,167,25-1:167:33,inner_half,12.49114990234375,lt16,1.0,0.030640725046396255,0.025262031704187393,0.02515438199043274,0.025157494470477104,0.02541302517056465,0.000104537233710289,-3.112480044364929e-06,0.0002555307000875473
25,1,167,25-1:167:34,all,12.9410400390625,lt16,1.0,0.01880888268351555,0.01786917820572853,0.01781536266207695,0.017844554036855698,0.01781548745930195,2.4624168872833252e-05,-2.919137477874756e-05,-2.9066577553749084e-05
25,1,167,25-1:167:34,inner_half,12.9410400390625,lt16,1.0,0.02552569843828678,0.02377060428261757,0.023631777614355087,0.023727700114250183,0.023708075284957886,4.2904168367385864e-05,-9.592249989509583e-05,-1.9624829292297363e-05
25,1,167,25-1:167:35,all,15.02685546875,lt16,1.0,0.01719057187438011,0.015579449944198132,0.01576763577759266,0.01567200757563114,0.015567770227789879,-9.25576314330101e-05,9.562820196151733e-05,-0.00010423734784126282
25,1,167,25-1:167:35,inner_half,15.02685546875,lt16,1.0,0.01634659431874752,0.015359140001237392,0.015359140001237392,0.015359140001237392,0.015224166214466095,0.0,0.0,-0.00013497378677129745
25,1,167,25-1:167:36,all,17.1993408203125,16to32,1.0,0.013914113864302635,0.014213645830750465,0.014357821084558964,0.014328649267554283,0.01422263216227293,-0.00011500343680381775,2.9171817004680634e-05,-0.000106017105281353
25,1,167,25-1:167:36,inner_half,17.1993408203125,16to32,1.0,0.014508914202451706,0.01455315575003624,0.014777909964323044,0.014719706028699875,0.014558260329067707,-0.00016655027866363525,5.8203935623168945e-05,-0.00016144569963216782
25,1,167,25-1:167:37,all,15.01995849609375,lt16,1.0,0.0149462278932333,0.014654003083705902,0.014727624133229256,0.014665770344436169,0.014660974033176899,-1.1767260730266571e-05,6.1853788793087e-05,-4.796311259269714e-06
25,1,167,25-1:167:37,inner_half,15.01995849609375,lt16,1.0,0.015014449134469032,0.014085439965128899,0.014158561825752258,0.014140929095447063,0.014013831503689289,-5.5489130318164825e-05,1.7632730305194855e-05,-0.00012709759175777435
25,1,167,25-1:167:38,all,15.25335693359375,lt16,1.0,0.016032300889492035,0.01498155202716589,0.015144478529691696,0.015095090493559837,0.01509085763245821,-0.0001135384663939476,4.9388036131858826e-05,-4.23286110162735e-06
25,1,167,25-1:167:38,inner_half,15.25335693359375,lt16,1.0,0.016967255622148514,0.016775451600551605,0.017079709097743034,0.016933623701334,0.016940847039222717,-0.0001581721007823944,0.00014608539640903473,7.223337888717651e-06
25,1,167,25-1:167:39,all,12.97503662109375,lt16,1.0,0.01759040541946888,0.017499983310699463,0.017484597861766815,0.017426790669560432,0.017378609627485275,7.319264113903046e-05,5.780719220638275e-05,-4.8181042075157166e-05
25,1,167,25-1:167:39,inner_half,12.97503662109375,lt16,1.0,0.01842511259019375,0.018094195052981377,0.01810023933649063,0.01805228926241398,0.017920004203915596,4.190579056739807e-05,4.795007407665253e-05,-0.00013228505849838257
25,1,167,25-1:167:40,all,14.56158447265625,lt16,0.75390625,0.09028325974941254,0.02192298136651516,0.0214412622153759,0.03433781489729881,0.0420713908970356,-0.012414833530783653,-0.012896552681922913,0.007733575999736786
25,1,167,25-1:167:40,inner_half,14.56158447265625,lt16,0.953125,0.11687435209751129,0.03080977499485016,0.023015733808279037,0.039173565804958344,0.05819816514849663,-0.008363790810108185,-0.016157831996679306,0.019024599343538284
25,1,167,25-1:167:41,all,13.84124755859375,lt16,1.0,0.020035449415445328,0.018864795565605164,0.01861109957098961,0.01856149360537529,0.01867532730102539,0.00030330196022987366,4.960596561431885e-05,0.00011383369565010071
25,1,167,25-1:167:41,inner_half,13.84124755859375,lt16,1.0,0.011116676032543182,0.01453438401222229,0.01453952956944704,0.01454341970384121,0.014047421514987946,-9.035691618919373e-06,-3.890134394168854e-06,-0.0004959981888532639
25,1,167,25-1:167:42,all,13.6292724609375,lt16,1.0,0.015119517222046852,0.015291380695998669,0.015331044793128967,0.015260864049196243,0.015278146602213383,3.0516646802425385e-05,7.0180743932724e-05,1.7282553017139435e-05
25,1,167,25-1:167:42,inner_half,13.6292724609375,lt16,1.0,0.016367454081773758,0.01866009645164013,0.018744708970189095,0.01854967698454857,0.018563859164714813,0.00011041946709156036,0.00019503198564052582,1.4182180166244507e-05
25,1,167,25-1:167:43,all,15.08941650390625,lt16,1.0,0.02327345870435238,0.024003446102142334,0.02398417331278324,0.024038273841142654,0.024045128375291824,-3.4827739000320435e-05,-5.410052835941315e-05,6.854534149169922e-06
25,1,167,25-1:167:43,inner_half,15.08941650390625,lt16,1.0,0.022032156586647034,0.02565024234354496,0.025645336136221886,0.02571207657456398,0.02576497197151184,-6.183423101902008e-05,-6.674043834209442e-05,5.289539694786072e-05
25,1,167,25-1:167:44,all,27.54583740234375,16to32,1.0,0.017862483859062195,0.017837539315223694,0.0179159976541996,0.017865469679236412,0.017805762588977814,-2.79303640127182e-05,5.052797496318817e-05,-5.970709025859833e-05
25,1,167,25-1:167:44,inner_half,27.54583740234375,16to32,1.0,0.02406977489590645,0.024024657905101776,0.024171916767954826,0.024171916767954826,0.024037441238760948,-0.00014725886285305023,0.0,-0.00013447552919387817
25,1,167,25-1:167:45,all,20.25335693359375,16to32,1.0,0.019550003111362457,0.01981639675796032,0.01957865059375763,0.019511528313159943,0.019445043057203293,0.0003048684448003769,6.712228059768677e-05,-6.648525595664978e-05
25,1,167,25-1:167:45,inner_half,20.25335693359375,16to32,1.0,0.01672932133078575,0.012969806790351868,0.013147668913006783,0.012917396612465382,0.013005855493247509,5.2410177886486053e-05,0.0002302723005414009,8.845888078212738e-05
25,1,167,25-1:167:46,all,15.63873291015625,lt16,1.0,0.015082770958542824,0.015255403704941273,0.015092190355062485,0.015148578211665154,0.015207278542220592,0.00010682549327611923,-5.638785660266876e-05,5.8700330555438995e-05
25,1,167,25-1:167:46,inner_half,15.63873291015625,lt16,1.0,0.017476998269557953,0.018118780106306076,0.018041929230093956,0.01803385093808174,0.01805122196674347,8.492916822433472e-05,8.07829201221466e-06,1.7371028661727905e-05
25,1,167,25-1:167:47,all,14.3262939453125,lt16,1.0,0.026561830192804337,0.022631941363215446,0.022605761885643005,0.022594638168811798,0.022558297961950302,3.7303194403648376e-05,1.1123716831207275e-05,-3.634020686149597e-05
25,1,167,25-1:167:47,inner_half,14.3262939453125,lt16,1.0,0.03528893366456032,0.027720514684915543,0.027784422039985657,0.02730679139494896,0.02758077159523964,0.00041372328996658325,0.0004776306450366974,0.00027398020029067993
25,1,167,25-1:167:48,all,14.7974853515625,lt16,0.9375,0.04178698733448982,0.038849759846925735,0.03912971168756485,0.039118554443120956,0.03927941620349884,-0.00026879459619522095,1.1157244443893433e-05,0.0001608617603778839
25,1,167,25-1:167:48,inner_half,14.7974853515625,lt16,1.0,0.046112895011901855,0.04448894411325455,0.0446220226585865,0.044592760503292084,0.04465072229504585,-0.00010381639003753662,2.9262155294418335e-05,5.796179175376892e-05
25,1,167,25-1:167:49,all,16.64361572265625,16to32,1.0,0.012918977066874504,0.012611953541636467,0.012551691383123398,0.012495303526520729,0.012467101216316223,0.00011665001511573792,5.638785660266876e-05,-2.820231020450592e-05
25,1,167,25-1:167:49,inner_half,16.64361572265625,16to32,1.0,0.014874503947794437,0.013242991641163826,0.013315316289663315,0.013293534517288208,0.013080110773444176,-5.054287612438202e-05,2.178177237510681e-05,-0.0002134237438440323
25,1,167,25-1:167:50,all,18.45611572265625,16to32,1.0,0.00991586409509182,0.0069971694611012936,0.006991413421928883,0.0069573805667459965,0.00699029304087162,3.978889435529709e-05,3.4032855182886124e-05,3.29124741256237e-05
25,1,167,25-1:167:50,inner_half,18.45611572265625,16to32,1.0,0.009313572198152542,0.007228564936667681,0.007251541130244732,0.007254255004227161,0.00725497305393219,-2.5690067559480667e-05,-2.7138739824295044e-06,7.180497050285339e-07
25,1,167,25-1:167:51,all,14.2708740234375,lt16,1.0,0.01938740164041519,0.019475601613521576,0.019655760377645493,0.019594065845012665,0.019541185349225998,-0.00011846423149108887,6.169453263282776e-05,-5.288049578666687e-05
25,1,167,25-1:167:51,inner_half,14.2708740234375,lt16,1.0,0.02566121518611908,0.025743015110492706,0.02590637281537056,0.026180313900113106,0.02581745572388172,-0.0004372987896203995,-0.0002739410847425461,-0.0003628581762313843
25,1,167,25-1:167:52,all,14.360107421875,lt16,1.0,0.021471206098794937,0.021083589643239975,0.021214522421360016,0.02119908109307289,0.021033719182014465,-0.00011549144983291626,1.5441328287124634e-05,-0.0001653619110584259
25,1,167,25-1:167:52,inner_half,14.360107421875,lt16,1.0,0.01931830123066902,0.019459856674075127,0.01917889714241028,0.019148200750350952,0.019245196133852005,0.0003116559237241745,3.069639205932617e-05,9.699538350105286e-05
25,1,167,25-1:167:53,all,12.56756591796875,lt16,1.0,0.02300364524126053,0.020592287182807922,0.02036130800843239,0.02029922418296337,0.020508768036961555,0.0002930629998445511,6.208382546901703e-05,0.0002095438539981842
25,1,167,25-1:167:53,inner_half,12.56756591796875,lt16,1.0,0.02458178624510765,0.021977804601192474,0.02229399047791958,0.022480566054582596,0.02241121418774128,-0.0005027614533901215,-0.00018657557666301727,-6.935186684131622e-05
25,1,167,25-1:167:54,all,12.12127685546875,lt16,1.0,0.02232813462615013,0.020947935059666634,0.02094811573624611,0.020951256155967712,0.020948752760887146,-3.3210963010787964e-06,-3.1404197216033936e-06,-2.5033950805664062e-06
25,1,167,25-1:167:54,inner_half,12.12127685546875,lt16,1.0,0.017334703356027603,0.016693033277988434,0.016693033277988434,0.016711223870515823,0.016716530546545982,-1.8190592527389526e-05,-1.8190592527389526e-05,5.306676030158997e-06
25,1,167,25-1:167:55,all,12.9261474609375,lt16,1.0,0.024615593254566193,0.023046983405947685,0.02274387702345848,0.02287696674466133,0.023202892392873764,0.00017001666128635406,-0.00013308972120285034,0.00032592564821243286
25,1,167,25-1:167:55,inner_half,12.9261474609375,lt16,1.0,0.02874859794974327,0.023829519748687744,0.023241311311721802,0.02355606108903885,0.024739665910601616,0.00027345865964889526,-0.0003147497773170471,0.001183604821562767
25,1,167,25-1:167:56,all,19.61968994140625,16to32,1.0,0.011533414013683796,0.0074263643473386765,0.00745692104101181,0.007498808205127716,0.007441570516675711,-7.244385778903961e-05,-4.188716411590576e-05,-5.7237688452005386e-05
25,1,167,25-1:167:56,inner_half,19.61968994140625,16to32,1.0,0.00970718078315258,0.006685963831841946,0.006680516991764307,0.006659992039203644,0.0067257145419716835,2.597179263830185e-05,2.0524952560663223e-05,6.57225027680397e-05
25,1,167,25-1:167:57,all,11.77777099609375,lt16,1.0,0.047942813485860825,0.03802424669265747,0.038053374737501144,0.03807639703154564,0.03791264444589615,-5.2150338888168335e-05,-2.302229404449463e-05,-0.00016375258564949036
25,1,167,25-1:167:57,inner_half,11.77777099609375,lt16,1.0,0.06007864326238632,0.04599481076002121,0.04599481076002121,0.04599451273679733,0.04583616182208061,2.980232238769531e-07,2.980232238769531e-07,-0.00015835091471672058
25,1,167,25-1:167:58,all,27.5712890625,16to32,1.0,0.015672188252210617,0.015688354149460793,0.015689998865127563,0.015697618946433067,0.015716858208179474,-9.26479697227478e-06,-7.620081305503845e-06,1.9239261746406555e-05
25,1,167,25-1:167:58,inner_half,27.5712890625,16to32,1.0,0.01470358669757843,0.014436888508498669,0.01442898903042078,0.014371125027537346,0.01451308187097311,6.576348096132278e-05,5.7864002883434296e-05,0.0001419568434357643
25,1,167,25-1:167:59,all,12.72930908203125,lt16,1.0,0.09207168221473694,0.08481141179800034,0.08199718594551086,0.0801074206829071,0.08233775198459625,0.004703991115093231,0.0018897652626037598,0.002230331301689148
25,1,167,25-1:167:59,inner_half,12.72930908203125,lt16,1.0,0.10873615741729736,0.10313580185174942,0.09872815012931824,0.08880892395973206,0.09423522651195526,0.014326877892017365,0.009919226169586182,0.005426302552223206
25,1,167,25-1:167:60,all,14.6663818359375,lt16,1.0,0.016647562384605408,0.017604995518922806,0.01778138056397438,0.0175821240991354,0.017535369843244553,2.287141978740692e-05,0.00019925646483898163,-4.675425589084625e-05
25,1,167,25-1:167:60,inner_half,14.6663818359375,lt16,1.0,0.01448352262377739,0.014461199752986431,0.014467701315879822,0.014462197199463844,0.014494268223643303,-9.974464774131775e-07,5.504116415977478e-06,3.207102417945862e-05
25,1,167,25-1:167:61,all,12.41693115234375,lt16,1.0,0.017521927133202553,0.018810991197824478,0.018911557272076607,0.01893746852874756,0.01885189488530159,-0.00012647733092308044,-2.5911256670951843e-05,-8.557364344596863e-05
25,1,167,25-1:167:61,inner_half,12.41693115234375,lt16,1.0,0.01778002455830574,0.019423047080636024,0.019176794216036797,0.019176296889781952,0.019448738545179367,0.00024675019085407257,4.973262548446655e-07,0.00027244165539741516
25,1,167,25-1:167:62,all,18.16357421875,16to32,0.8125,0.104749396443367,0.09997575730085373,0.051607247442007065,0.03496956080198288,0.08018888533115387,0.06500619649887085,0.016637686640024185,0.04521932452917099
25,1,167,25-1:167:62,inner_half,18.16357421875,16to32,0.890625,0.09621860831975937,0.08982726186513901,0.07127504050731659,0.0391092412173748,0.0701565146446228,0.050718020647764206,0.03216579928994179,0.031047273427248
25,1,167,25-1:167:63,all,17.44024658203125,16to32,0.76953125,0.13797490298748016,0.054829515516757965,0.07340460270643234,0.05015292018651962,0.0867895558476448,0.004676595330238342,0.02325168251991272,0.03663663566112518
25,1,167,25-1:167:63,inner_half,17.44024658203125,16to32,0.875,0.12803581357002258,0.06763932853937149,0.09224904328584671,0.04726359620690346,0.09556390345096588,0.020375732332468033,0.04498544707894325,0.048300307244062424
25,1,167,25-1:167:64,all,28.57928466796875,16to32,1.0,0.016642138361930847,0.01686801388859749,0.016830727458000183,0.016894247382879257,0.016842378303408623,-2.62334942817688e-05,-6.35199248790741e-05,-5.186907947063446e-05
25,1,167,25-1:167:64,inner_half,28.57928466796875,16to32,1.0,0.0169900543987751,0.016814367845654488,0.016814367845654488,0.016814367845654488,0.01676035299897194,0.0,0.0,-5.401484668254852e-05
25,1,333,25-1:333:0,all,8.7977294921875,lt16,1.0,0.035152237862348557,0.020359007641673088,0.020432887598872185,0.020412089303135872,0.02037034183740616,-5.3081661462783813e-05,2.0798295736312866e-05,-4.174746572971344e-05
25,1,333,25-1:333:0,inner_half,8.7977294921875,lt16,1.0,0.04012734070420265,0.02851039543747902,0.028498191386461258,0.028825506567955017,0.02874881401658058,-0.0003151111304759979,-0.00032731518149375916,-7.669255137443542e-05
25,1,333,25-1:333:1,all,10.7547607421875,lt16,1.0,0.02936115860939026,0.03390868008136749,0.03385436534881592,0.03389667719602585,0.03388895094394684,1.2002885341644287e-05,-4.231184720993042e-05,-7.72625207901001e-06
25,1,333,25-1:333:1,inner_half,10.7547607421875,lt16,1.0,0.06744615733623505,0.08454210311174393,0.08472335338592529,0.08464451134204865,0.08446551114320755,-0.00010240823030471802,7.884204387664795e-05,-0.00017900019884109497
25,1,333,25-1:333:2,all,7.9100341796875,lt16,1.0,0.022209716960787773,0.01902063749730587,0.019075360149145126,0.019062144681811333,0.018989235162734985,-4.1507184505462646e-05,1.321546733379364e-05,-7.290951907634735e-05
25,1,333,25-1:333:2,inner_half,7.9100341796875,lt16,1.0,0.02314307913184166,0.023714769631624222,0.023637019097805023,0.023452334105968475,0.02373575046658516,0.00026243552565574646,0.00018468499183654785,0.00028341636061668396
25,1,333,25-1:333:3,all,8.0706787109375,lt16,1.0,0.03602556884288788,0.03167309612035751,0.03132664039731026,0.03121373988687992,0.03163661062717438,0.00045935623347759247,0.000112900510430336,0.0004228707402944565
25,1,333,25-1:333:3,inner_half,8.0706787109375,lt16,1.0,0.06259798258543015,0.05273577570915222,0.05306476354598999,0.05261172726750374,0.05282381922006607,0.00012404844164848328,0.00045303627848625183,0.00021209195256233215
25,1,333,25-1:333:4,all,14.216712951660156,lt16,1.0,0.0592091828584671,0.05962133780121803,0.05955227091908455,0.05958690866827965,0.059567078948020935,3.442913293838501e-05,-3.463774919509888e-05,-1.982972025871277e-05
25,1,333,25-1:333:4,inner_half,14.216712951660156,lt16,1.0,0.09859715402126312,0.09844736009836197,0.09833087027072906,0.09849146008491516,0.09834235906600952,-4.409998655319214e-05,-0.0001605898141860962,-0.00014910101890563965
25,1,333,25-1:333:5,all,10.57763671875,lt16,1.0,0.03642020374536514,0.033660389482975006,0.03358888626098633,0.03424516320228577,0.03338846564292908,-0.0005847737193107605,-0.0006562769412994385,-0.0008566975593566895
25,1,333,25-1:333:5,inner_half,10.57763671875,lt16,1.0,0.055322371423244476,0.05306369438767433,0.05290001258254051,0.05435995012521744,0.05182162672281265,-0.001296255737543106,-0.0014599375426769257,-0.002538323402404785
25,1,333,25-1:333:6,all,9.562255859375,lt16,1.0,0.022501293569803238,0.021643560379743576,0.021637771278619766,0.02171625941991806,0.021649334579706192,-7.269904017448425e-05,-7.848814129829407e-05,-6.692484021186829e-05
25,1,333,25-1:333:6,inner_half,9.562255859375,lt16,1.0,0.022755682468414307,0.02394046261906624,0.0242747999727726,0.024443523958325386,0.023950792849063873,-0.0005030613392591476,-0.00016872398555278778,-0.0004927311092615128
25,1,333,25-1:333:7,all,10.27001953125,lt16,1.0,0.017876945436000824,0.015135351568460464,0.015112947672605515,0.015014697797596455,0.015241166576743126,0.00012065377086400986,9.82498750090599e-05,0.0002264687791466713
25,1,333,25-1:333:7,inner_half,10.27001953125,lt16,1.0,0.024151351302862167,0.014386823400855064,0.01446555182337761,0.013789178803563118,0.014647401869297028,0.0005976445972919464,0.0006763730198144913,0.0008582230657339096
25,1,333,25-1:333:8,all,9.16650390625,lt16,1.0,0.019015846773982048,0.01980300061404705,0.019847527146339417,0.01983385905623436,0.019804690033197403,-3.0858442187309265e-05,1.3668090105056763e-05,-2.9169023036956787e-05
25,1,333,25-1:333:8,inner_half,9.16650390625,lt16,1.0,0.019300013780593872,0.021605368703603745,0.02160249650478363,0.02160249650478363,0.021523987874388695,2.8721988201141357e-06,0.0,-7.850863039493561e-05
25,1,333,25-1:333:9,all,9.833251953125,lt16,1.0,0.027049679309129715,0.026845112442970276,0.02689380571246147,0.02691219374537468,0.026978909969329834,-6.708130240440369e-05,-1.8388032913208008e-05,6.671622395515442e-05
25,1,333,25-1:333:9,inner_half,9.833251953125,lt16,1.0,0.02509404718875885,0.026109639555215836,0.026180507615208626,0.026219960302114487,0.02644333615899086,-0.00011032074689865112,-3.94526869058609e-05,0.0002233758568763733
25,1,333,25-1:333:14,all,8.3433837890625,lt16,1.0,0.041341669857501984,0.039891332387924194,0.03976134955883026,0.039781711995601654,0.03993585705757141,0.00010962039232254028,-2.0362436771392822e-05,0.00015414506196975708
25,1,333,25-1:333:14,inner_half,8.3433837890625,lt16,1.0,0.05199535936117172,0.0533050000667572,0.053307950496673584,0.05328048765659332,0.053466107696294785,2.4512410163879395e-05,2.746284008026123e-05,0.0001856200397014618
25,1,333,25-1:333:15,all,11.71832275390625,lt16,0.1171875,0.019452784210443497,0.015483089722692966,0.014376956038177013,0.013848037458956242,0.013983184471726418,0.0016350522637367249,0.0005289185792207718,0.00013514701277017593
25,1,333,25-1:333:16,all,10.99969482421875,lt16,1.0,0.050677455961704254,0.04780426621437073,0.047701459378004074,0.04766066372394562,0.047763120383024216,0.00014360249042510986,4.079565405845642e-05,0.00010245665907859802
25,1,333,25-1:333:16,inner_half,10.99969482421875,lt16,1.0,0.12494928389787674,0.11723718792200089,0.11724203824996948,0.11699920892715454,0.11751729249954224,0.000237978994846344,0.0002428293228149414,0.0005180835723876953
25,1,333,25-1:333:17,all,11.9083251953125,lt16,1.0,0.06014476716518402,0.06083536148071289,0.058108292520046234,0.05685117095708847,0.06062357872724533,0.00398419052362442,0.0012571215629577637,0.0037724077701568604
25,1,333,25-1:333:17,inner_half,11.9083251953125,lt16,1.0,0.0928293913602829,0.09430818259716034,0.09224915504455566,0.08458976447582245,0.09345778822898865,0.00971841812133789,0.007659390568733215,0.008868023753166199
25,1,333,25-1:333:20,all,36.250640869140625,ge32,1.0,0.04307474195957184,0.02001502737402916,0.020576436072587967,0.02036255970597267,0.02020183950662613,-0.00034753233194351196,0.0002138763666152954,-0.00016072019934654236
25,1,333,25-1:333:20,inner_half,36.250640869140625,ge32,1.0,0.050054870545864105,0.02510988339781761,0.024743452668190002,0.02447306364774704,0.02523532509803772,0.0006368197500705719,0.00027038902044296265,0.0007622614502906799
25,1,333,25-1:333:21,all,29.44244384765625,16to32,1.0,0.05370058864355087,0.025698894634842873,0.035512275993824005,0.027852702885866165,0.03409140929579735,-0.0021538082510232925,0.00765957310795784,0.006238706409931183
25,1,333,25-1:333:21,inner_half,29.44244384765625,16to32,1.0,0.05691717937588692,0.011035759001970291,0.03388061374425888,0.00945177674293518,0.028016291558742523,0.0015839822590351105,0.0244288370013237,0.018564514815807343
25,1,333,25-1:333:22,all,32.982940673828125,ge32,1.0,0.041101664304733276,0.02154293656349182,0.021757811307907104,0.021472293883562088,0.02169765904545784,7.064267992973328e-05,0.0002855174243450165,0.00022536516189575195
25,1,333,25-1:333:22,inner_half,32.982940673828125,ge32,1.0,0.04138082265853882,0.02362603321671486,0.023102305829524994,0.023206964135169983,0.02371259778738022,0.0004190690815448761,-0.00010465830564498901,0.0005056336522102356
25,1,333,25-1:333:23,all,34.248382568359375,ge32,0.76171875,0.039213113486766815,0.03401678055524826,0.030810056254267693,0.021055368706583977,0.030353540554642677,0.012961411848664284,0.009754687547683716,0.0092981718480587
25,1,333,25-1:333:23,inner_half,34.248382568359375,ge32,0.5625,0.03436202555894852,0.03009539470076561,0.029086070135235786,0.02672402374446392,0.03160257637500763,0.003371370956301689,0.002362046390771866,0.004878552630543709
25,1,333,25-1:333:24,all,30.7891845703125,16to32,0.20703125,0.06230466440320015,0.06414882838726044,0.040844522416591644,0.028600625693798065,0.05585041269659996,0.03554820269346237,0.012243896722793579,0.027249787002801895
25,1,333,25-1:333:25,all,21.59429931640625,16to32,1.0,0.023960571736097336,0.018897786736488342,0.019008642062544823,0.01899591088294983,0.01876138336956501,-9.812414646148682e-05,1.2731179594993591e-05,-0.00023452751338481903
25,1,333,25-1:333:25,inner_half,21.59429931640625,16to32,1.0,0.023872748017311096,0.020054342225193977,0.020028531551361084,0.020034514367580414,0.019272372126579285,1.9827857613563538e-05,-5.982816219329834e-06,-0.0007621422410011292
25,1,333,25-1:333:26,all,27.68096923828125,16to32,1.0,0.029563719406723976,0.019890855997800827,0.020018864423036575,0.019987517967820168,0.019649941474199295,-9.666197001934052e-05,3.1346455216407776e-05,-0.0003375764936208725
25,1,333,25-1:333:26,inner_half,27.68096923828125,16to32,1.0,0.030714906752109528,0.017301173880696297,0.01746850088238716,0.017533106729388237,0.01734122633934021,-0.0002319328486919403,-6.460584700107574e-05,-0.00019188039004802704
25,1,333,25-1:333:27,all,20.12398910522461,16to32,1.0,0.01872291788458824,0.01664688065648079,0.01658555492758751,0.016654059290885925,0.016643298789858818,-7.178634405136108e-06,-6.850436329841614e-05,-1.0760501027107239e-05
25,1,333,25-1:333:27,inner_half,20.12398910522461,16to32,1.0,0.016625316813588142,0.016341781243681908,0.016406407579779625,0.01640261709690094,0.01637832447886467,-6.083585321903229e-05,3.7904828786849976e-06,-2.429261803627014e-05
25,1,333,25-1:333:28,all,12.791969299316406,lt16,1.0,0.023720473051071167,0.020406531170010567,0.020719014108181,0.020835354924201965,0.020788095891475677,-0.0004288237541913986,-0.00011634081602096558,-4.725903272628784e-05
25,1,333,25-1:333:28,inner_half,12.791969299316406,lt16,1.0,0.028301743790507317,0.02257656492292881,0.023164615035057068,0.023636862635612488,0.023444022983312607,-0.0010602977126836777,-0.0004722476005554199,-0.00019283965229988098
25,1,333,25-1:333:29,all,24.32537841796875,16to32,0.2421875,0.14407120645046234,0.03054089844226837,0.06630530208349228,0.0316755473613739,0.06864757090806961,-0.0011346489191055298,0.03462975472211838,0.03697202354669571
25,1,333,25-1:333:30,all,23.66162109375,16to32,1.0,0.028180111199617386,0.025709111243486404,0.025652950629591942,0.02557206153869629,0.025610798969864845,0.00013704970479011536,8.088909089565277e-05,3.873743116855621e-05
25,1,333,25-1:333:30,inner_half,23.66162109375,16to32,1.0,0.02235470339655876,0.020204950124025345,0.020618032664060593,0.020923569798469543,0.020347142592072487,-0.0007186196744441986,-0.0003055371344089508,-0.0005764272063970566
25,1,333,25-1:333:31,all,18.847166061401367,16to32,1.0,0.016359327360987663,0.014556447975337505,0.014400698244571686,0.014370279386639595,0.014397536404430866,0.0001861685886979103,3.041885793209076e-05,2.725701779127121e-05
25,1,333,25-1:333:31,inner_half,18.847166061401367,16to32,1.0,0.012395503930747509,0.012274393811821938,0.012066313996911049,0.012101617641746998,0.012194388546049595,0.00017277617007493973,-3.5303644835948944e-05,9.277090430259705e-05
25,1,333,25-1:333:32,all,15.2935791015625,lt16,1.0,0.015197454020380974,0.018483739346265793,0.018464095890522003,0.01851772703230381,0.01853102445602417,-3.398768603801727e-05,-5.3631141781806946e-05,1.3297423720359802e-05
25,1,333,25-1:333:32,inner_half,15.2935791015625,lt16,1.0,0.014958406798541546,0.016570664942264557,0.01666903868317604,0.0167321115732193,0.016776351258158684,-0.00016144663095474243,-6.307289004325867e-05,4.423968493938446e-05
25,1,333,25-1:333:33,all,23.39666748046875,16to32,1.0,0.02849842980504036,0.020294731482863426,0.0197531096637249,0.01974046416580677,0.020127182826399803,0.0005542673170566559,1.2645497918128967e-05,0.00038671866059303284
25,1,333,25-1:333:33,inner_half,23.39666748046875,16to32,1.0,0.026431776583194733,0.017957240343093872,0.01763678714632988,0.017743557691574097,0.01807229220867157,0.0002136826515197754,-0.00010677054524421692,0.00032873451709747314
25,1,333,25-1:333:34,all,25.54132080078125,16to32,0.8125,0.21217195689678192,0.03271718695759773,0.10960560292005539,0.039031341671943665,0.06980101764202118,-0.006314154714345932,0.07057426124811172,0.030769675970077515
25,1,333,25-1:333:34,inner_half,25.54132080078125,16to32,0.96875,0.2923160195350647,0.02698306180536747,0.1398126482963562,0.021030951291322708,0.08931370079517365,0.005952110514044762,0.11878169700503349,0.06828274950385094
25,1,333,25-1:333:35,all,23.51812744140625,16to32,1.0,0.03720783442258835,0.02056143432855606,0.02010406367480755,0.020142093300819397,0.02064461261034012,0.0004193410277366638,-3.802962601184845e-05,0.0005025193095207214
25,1,333,25-1:333:35,inner_half,23.51812744140625,16to32,1.0,0.035383161157369614,0.019115790724754333,0.020291481167078018,0.019405951723456383,0.019434256479144096,-0.00029016099870204926,0.0008855294436216354,2.8304755687713623e-05
25,1,333,25-1:333:36,all,20.96104335784912,16to32,1.0,0.01686573401093483,0.014048388227820396,0.01394770946353674,0.01414045412093401,0.014198756776750088,-9.206589311361313e-05,-0.0001927446573972702,5.8302655816078186e-05
25,1,333,25-1:333:36,inner_half,20.96104335784912,16to32,1.0,0.015712399035692215,0.013972467742860317,0.013560698367655277,0.013954012654721737,0.014263256452977657,1.8455088138580322e-05,-0.00039331428706645966,0.0003092437982559204
25,1,333,25-1:333:37,all,23.6649169921875,16to32,0.734375,0.2124825119972229,0.03453962132334709,0.09509171545505524,0.041066739708185196,0.08895789086818695,-0.006527118384838104,0.05402497574687004,0.047891151160001755
25,1,333,25-1:333:37,inner_half,23.6649169921875,16to32,1.0,0.3263644576072693,0.022943558171391487,0.09267968684434891,0.02005988545715809,0.10156610608100891,0.0028836727142333984,0.07261980138719082,0.08150622062385082
25,1,333,25-1:333:38,all,20.90460205078125,16to32,0.80078125,0.12652462720870972,0.02815054915845394,0.032620351761579514,0.0347941555082798,0.04548751190304756,-0.006643606349825859,-0.002173803746700287,0.010693356394767761
25,1,333,25-1:333:38,inner_half,20.90460205078125,16to32,1.0,0.15275390446186066,0.021504420787096024,0.02568133920431137,0.02631404995918274,0.040001507848501205,-0.004809629172086716,-0.0006327107548713684,0.013687457889318466
25,1,333,25-1:333:39,all,14.889847755432129,lt16,1.0,0.018842782825231552,0.015781596302986145,0.015767760574817657,0.015749644488096237,0.015815909951925278,3.195181488990784e-05,1.8116086721420288e-05,6.626546382904053e-05
25,1,333,25-1:333:39,inner_half,14.889847755432129,lt16,1.0,0.017883438616991043,0.015743980184197426,0.015721280127763748,0.015822088345885277,0.01578514836728573,-7.810816168785095e-05,-0.00010080821812152863,-3.693997859954834e-05
25,1,333,25-1:333:40,all,16.8887939453125,16to32,1.0,0.026805445551872253,0.017776668071746826,0.017816763371229172,0.017588187009096146,0.017643464729189873,0.00018848106265068054,0.00022857636213302612,5.527772009372711e-05
25,1,333,25-1:333:40,inner_half,16.8887939453125,16to32,1.0,0.024321693927049637,0.01750580593943596,0.017432086169719696,0.017653129994869232,0.017338614910840988,-0.00014732405543327332,-0.00022104382514953613,-0.000314515084028244
25,1,333,25-1:333:41,all,12.958404541015625,lt16,1.0,0.02485499158501625,0.02411988563835621,0.02406378835439682,0.024075627326965332,0.024201253429055214,4.425831139087677e-05,-1.1838972568511963e-05,0.0001256261020898819
25,1,333,25-1:333:41,inner_half,12.958404541015625,lt16,1.0,0.02537355199456215,0.025332100689411163,0.02541312202811241,0.02533511444926262,0.02572948858141899,-3.0137598514556885e-06,7.800757884979248e-05,0.00039437413215637207
25,1,333,25-1:333:42,all,19.61773681640625,16to32,1.0,0.01775139942765236,0.015185403637588024,0.015124153345823288,0.015161581337451935,0.015130415558815002,2.3822300136089325e-05,-3.742799162864685e-05,-3.116577863693237e-05
25,1,333,25-1:333:42,inner_half,19.61773681640625,16to32,1.0,0.017499040812253952,0.01435874029994011,0.014497943222522736,0.01456344686448574,0.014395460486412048,-0.0002047065645456314,-6.550364196300507e-05,-0.00016798637807369232
25,1,333,25-1:333:43,all,15.521678924560547,lt16,1.0,0.02275393158197403,0.021262425929307938,0.02108803018927574,0.021137846633791924,0.021187637001276016,0.0001245792955160141,-4.9816444516181946e-05,4.979036748409271e-05
25,1,333,25-1:333:43,inner_half,15.521678924560547,lt16,1.0,0.02828763797879219,0.026333555579185486,0.026208974421024323,0.026239410042762756,0.02583291381597519,9.414553642272949e-05,-3.0435621738433838e-05,-0.00040649622678756714
25,1,333,25-1:333:44,all,16.32323455810547,16to32,1.0,0.02194087766110897,0.01884802058339119,0.01887323334813118,0.01899687387049198,0.01877589151263237,-0.00014885328710079193,-0.0001236405223608017,-0.0002209823578596115
25,1,333,25-1:333:44,inner_half,16.32323455810547,16to32,1.0,0.015045108273625374,0.016507577151060104,0.016530832275748253,0.016634413972496986,0.01655249483883381,-0.00012683682143688202,-0.00010358169674873352,-8.191913366317749e-05
25,1,333,25-1:333:45,all,17.59600830078125,16to32,0.7890625,0.13623131811618805,0.023380005732178688,0.034021902829408646,0.02750338241457939,0.04020637273788452,-0.004123376682400703,0.006518520414829254,0.01270299032330513
25,1,333,25-1:333:45,inner_half,17.59600830078125,16to32,1.0,0.14229080080986023,0.02015933394432068,0.029373427852988243,0.02067280188202858,0.03540292754769325,-0.000513467937707901,0.008700625970959663,0.014730125665664673
25,1,333,25-1:333:46,all,15.3935546875,lt16,1.0,0.01542905904352665,0.015855995938181877,0.015913374722003937,0.015893107280135155,0.015926310792565346,-3.711134195327759e-05,2.0267441868782043e-05,3.320351243019104e-05
25,1,333,25-1:333:46,inner_half,15.3935546875,lt16,1.0,0.012709714472293854,0.014292437583208084,0.014284738339483738,0.014003738760948181,0.014247041195631027,0.00028869882225990295,0.0002809995785355568,0.00024330243468284607
25,1,333,25-1:333:47,all,16.41021728515625,16to32,1.0,0.017700085416436195,0.01322921458631754,0.013473808765411377,0.013619080185890198,0.013331104069948196,-0.00038986559957265854,-0.0001452714204788208,-0.00028797611594200134
25,1,333,25-1:333:47,inner_half,16.41021728515625,16to32,1.0,0.019521281123161316,0.01599547639489174,0.015910528600215912,0.015881605446338654,0.01600884273648262,0.00011387094855308533,2.89231538772583e-05,0.00012723729014396667
25,1,333,25-1:333:48,all,15.530029296875,lt16,1.0,0.01664591394364834,0.01592506468296051,0.01580415666103363,0.015859093517065048,0.015819894149899483,6.597116589546204e-05,-5.493685603141785e-05,-3.919936716556549e-05
25,1,333,25-1:333:48,inner_half,15.530029296875,lt16,1.0,0.019120240584015846,0.018731750547885895,0.018679093569517136,0.01875169575214386,0.018758537247776985,-1.9945204257965088e-05,-7.260218262672424e-05,6.841495633125305e-06
25,1,333,25-1:333:49,all,14.336181640625,lt16,1.0,0.01764276623725891,0.01644090563058853,0.016422409564256668,0.016335085034370422,0.016429515555500984,0.00010582059621810913,8.732452988624573e-05,9.443052113056183e-05
25,1,333,25-1:333:49,inner_half,14.336181640625,lt16,1.0,0.017718125134706497,0.014614542946219444,0.014721455052495003,0.014626787975430489,0.014789771288633347,-1.2245029211044312e-05,9.466707706451416e-05,0.00016298331320285797
25,1,333,25-1:333:50,all,16.95806884765625,16to32,1.0,0.02180561050772667,0.023036319762468338,0.023105083033442497,0.02305983565747738,0.023084217682480812,-2.3515895009040833e-05,4.524737596511841e-05,2.4382025003433228e-05
25,1,333,25-1:333:50,inner_half,16.95806884765625,16to32,1.0,0.017287034541368484,0.016806788742542267,0.01662348210811615,0.01650562323629856,0.01687171682715416,0.00030116550624370575,0.0001178588718175888,0.00036609359085559845
25,1,333,25-1:333:51,all,14.813648223876953,lt16,1.0,0.017600852996110916,0.01843896135687828,0.018723193556070328,0.018652979284524918,0.018383335322141647,-0.00021401792764663696,7.021427154541016e-05,-0.00026964396238327026
25,1,333,25-1:333:51,inner_half,14.813648223876953,lt16,1.0,0.02158619649708271,0.022654792293906212,0.022981790825724602,0.02283097803592682,0.022529175505042076,-0.000176185742020607,0.0001508127897977829,-0.00030180253088474274
25,1,333,25-1:333:52,all,17.30224609375,16to32,1.0,0.09732985496520996,0.08956852555274963,0.09128277003765106,0.0883796364068985,0.09071637690067291,0.0011888891458511353,0.0029031336307525635,0.002336740493774414
25,1,333,25-1:333:52,inner_half,17.30224609375,16to32,1.0,0.1105656772851944,0.09761689603328705,0.10028991848230362,0.09406933188438416,0.09940850734710693,0.003547564148902893,0.006220586597919464,0.005339175462722778
25,1,333,25-1:333:53,all,16.60009765625,16to32,1.0,0.020395560190081596,0.01696818321943283,0.01688920333981514,0.016913656145334244,0.017148368060588837,5.4527074098587036e-05,-2.4452805519104004e-05,0.0002347119152545929
25,1,333,25-1:333:53,inner_half,16.60009765625,16to32,1.0,0.023535238578915596,0.01989048346877098,0.019449856132268906,0.019320126622915268,0.0200931578874588,0.0005703568458557129,0.0001297295093536377,0.0007730312645435333
25,1,333,25-1:333:54,all,17.708984375,16to32,1.0,0.02612042799592018,0.01942947693169117,0.019410766661167145,0.01952427066862583,0.019583728164434433,-9.479373693466187e-05,-0.00011350400745868683,5.945749580860138e-05
25,1,333,25-1:333:54,inner_half,17.708984375,16to32,1.0,0.025267282500863075,0.01839587837457657,0.018515635281801224,0.018342362716794014,0.01875951513648033,5.3515657782554626e-05,0.00017327256500720978,0.00041715241968631744
25,1,333,25-1:333:55,all,14.609130859375,lt16,1.0,0.014039901085197926,0.015166393481194973,0.015308719128370285,0.015369294211268425,0.015262851491570473,-0.000202900730073452,-6.0575082898139954e-05,-0.00010644271969795227
25,1,333,25-1:333:55,inner_half,14.609130859375,lt16,1.0,0.01361820288002491,0.01368266623467207,0.013708336278796196,0.013785168528556824,0.013719904236495495,-0.00010250229388475418,-7.683224976062775e-05,-6.526429206132889e-05
25,1,333,25-1:333:56,all,16.141613006591797,16to32,0.74609375,0.064381442964077,0.04747205972671509,0.036347705870866776,0.024891987442970276,0.03993678838014603,0.022580072283744812,0.0114557184278965,0.01504480093717575
25,1,333,25-1:333:56,inner_half,16.141613006591797,16to32,0.890625,0.10117344558238983,0.06832198798656464,0.06496880203485489,0.030797315761446953,0.06502377241849899,0.03752467222511768,0.034171486273407936,0.03422645665705204
25,1,333,25-1:333:57,all,14.3651123046875,lt16,1.0,0.01912335678935051,0.021283144131302834,0.021309923380613327,0.02134113945066929,0.021248597651720047,-5.799531936645508e-05,-3.121607005596161e-05,-9.254179894924164e-05
25,1,333,25-1:333:57,inner_half,14.3651123046875,lt16,1.0,0.021756518632173538,0.025082014501094818,0.024890750646591187,0.02475041151046753,0.02513066679239273,0.0003316029906272888,0.00014033913612365723,0.0003802552819252014
25,1,333,25-1:333:58,all,13.969482421875,lt16,1.0,0.01509041991084814,0.015926148742437363,0.015908220782876015,0.015975063666701317,0.01588428020477295,-4.891492426395416e-05,-6.684288382530212e-05,-9.078346192836761e-05
25,1,333,25-1:333:58,inner_half,13.969482421875,lt16,1.0,0.016900695860385895,0.017297882586717606,0.01721361093223095,0.017276380211114883,0.017048874869942665,2.1502375602722168e-05,-6.276927888393402e-05,-0.00022750534117221832
25,1,333,25-1:333:59,all,15.94024658203125,lt16,1.0,0.016771528869867325,0.01351463794708252,0.01349041797220707,0.013502545654773712,0.013624467886984348,1.2092292308807373e-05,-1.2127682566642761e-05,0.00012192223221063614
25,1,333,25-1:333:59,inner_half,15.94024658203125,lt16,1.0,0.020031780004501343,0.01749410852789879,0.017471710219979286,0.017475558444857597,0.01765034906566143,1.85500830411911e-05,-3.848224878311157e-06,0.000174790620803833
25,1,333,25-1:333:60,all,16.16888427734375,16to32,1.0,0.02663346752524376,0.023372292518615723,0.023587709292769432,0.023548835888504982,0.023599637672305107,-0.00017654336988925934,3.887340426445007e-05,5.080178380012512e-05
25,1,333,25-1:333:60,inner_half,16.16888427734375,16to32,1.0,0.029894620180130005,0.0286361426115036,0.028238555416464806,0.02837185561656952,0.029154103249311447,0.00026428699493408203,-0.00013330020010471344,0.0007822476327419281
25,1,333,25-1:333:61,all,13.304790496826172,lt16,1.0,0.017415570095181465,0.015819121152162552,0.01584828458726406,0.015890344977378845,0.015775538980960846,-7.122382521629333e-05,-4.206039011478424e-05,-0.00011480599641799927
25,1,333,25-1:333:61,inner_half,13.304790496826172,lt16,1.0,0.017357777804136276,0.01466832123696804,0.014672370627522469,0.014672370627522469,0.01436986867338419,-4.049390554428101e-06,0.0,-0.00030250195413827896
25,1,333,25-1:333:62,all,15.735595703125,lt16,1.0,0.02617412805557251,0.0277725737541914,0.027641769498586655,0.027498718351125717,0.027604859322309494,0.00027385540306568146,0.0001430511474609375,0.00010614097118377686
25,1,333,25-1:333:62,inner_half,15.735595703125,lt16,1.0,0.023820489645004272,0.027404725551605225,0.02695484086871147,0.027424734085798264,0.02677193470299244,-2.000853419303894e-05,-0.000469893217086792,-0.0006527993828058243
25,1,333,25-1:333:63,all,15.469474792480469,lt16,1.0,0.02177237719297409,0.020037569105625153,0.020014949142932892,0.020034387707710266,0.020188841968774796,3.1813979148864746e-06,-1.9438564777374268e-05,0.00015445426106452942
25,1,333,25-1:333:63,inner_half,15.469474792480469,lt16,1.0,0.024263089522719383,0.02426285296678543,0.02426285296678543,0.024282459169626236,0.02457335591316223,-1.9606202840805054e-05,-1.9606202840805054e-05,0.0002908967435359955
25,1,333,25-1:333:64,all,14.9912109375,lt16,1.0,0.01921340636909008,0.019315265119075775,0.019150909036397934,0.01921798288822174,0.019168367609381676,9.728223085403442e-05,-6.707385182380676e-05,-4.9615278840065e-05
25,1,333,25-1:333:64,inner_half,14.9912109375,lt16,1.0,0.024132028222084045,0.023193661123514175,0.023047536611557007,0.023269854485988617,0.023194599896669388,-7.619336247444153e-05,-0.0002223178744316101,-7.525458931922913e-05
25,1,333,25-1:333:65,all,13.93231201171875,lt16,1.0,0.029738780111074448,0.029312921687960625,0.029293227940797806,0.029218925163149834,0.029300887137651443,9.399652481079102e-05,7.430277764797211e-05,8.19619745016098e-05
25,1,333,25-1:333:65,inner_half,13.93231201171875,lt16,1.0,0.022366616874933243,0.023686088621616364,0.023686088621616364,0.023686088621616364,0.023862674832344055,0.0,0.0,0.00017658621072769165
25,1,333,25-1:333:66,all,14.53045654296875,lt16,1.0,0.018662866204977036,0.01990313082933426,0.019896194338798523,0.01993156597018242,0.019727464765310287,-2.843514084815979e-05,-3.5371631383895874e-05,-0.00020410120487213135
25,1,333,25-1:333:66,inner_half,14.53045654296875,lt16,1.0,0.01634896919131279,0.01697716861963272,0.016953473910689354,0.01685430109500885,0.016831062734127045,0.00012286752462387085,9.917281568050385e-05,-2.323836088180542e-05
25,1,333,25-1:333:67,all,14.353713989257812,lt16,1.0,0.018549347296357155,0.016648026183247566,0.016363371163606644,0.016459226608276367,0.01660960540175438,0.00018879957497119904,-9.585544466972351e-05,0.00015037879347801208
25,1,333,25-1:333:67,inner_half,14.353713989257812,lt16,1.0,0.01767907291650772,0.015357163734734058,0.015385985374450684,0.015535423532128334,0.015502171590924263,-0.00017825979739427567,-0.00014943815767765045,-3.3251941204071045e-05
25,1,333,25-1:333:68,all,15.0875244140625,lt16,1.0,0.02685607224702835,0.022206328809261322,0.021730173379182816,0.02161962352693081,0.022360635921359062,0.000586705282330513,0.00011054985225200653,0.0007410123944282532
25,1,333,25-1:333:68,inner_half,15.0875244140625,lt16,1.0,0.024820363149046898,0.020158037543296814,0.020484693348407745,0.020733164623379707,0.020379019901156425,-0.0005751270800828934,-0.000248471274971962,-0.00035414472222328186
25,1,333,25-1:333:69,all,19.18096923828125,16to32,1.0,0.01923508197069168,0.0178975872695446,0.01791984587907791,0.017901625484228134,0.01804344728589058,-4.038214683532715e-06,1.822039484977722e-05,0.00014182180166244507
25,1,333,25-1:333:69,inner_half,19.18096923828125,16to32,1.0,0.019590191543102264,0.019094908609986305,0.01912514865398407,0.019210677593946457,0.019143078476190567,-0.00011576898396015167,-8.552893996238708e-05,-6.759911775588989e-05
25,1,333,25-1:333:70,all,16.049560546875,16to32,1.0,0.016463197767734528,0.01874271035194397,0.018995147198438644,0.0192025788128376,0.018575413152575493,-0.000459868460893631,-0.0002074316143989563,-0.0006271656602621078
25,1,333,25-1:333:70,inner_half,16.049560546875,16to32,1.0,0.016097664833068848,0.015065808780491352,0.015416739508509636,0.015441693365573883,0.014915534295141697,-0.000375884585082531,-2.495385706424713e-05,-0.0005261590704321861
25,1,333,25-1:333:71,all,15.36492919921875,lt16,1.0,0.017798274755477905,0.019710052758455276,0.020193440839648247,0.02017800696194172,0.01956004649400711,-0.00046795420348644257,1.543387770652771e-05,-0.0006179604679346085
25,1,333,25-1:333:71,inner_half,15.36492919921875,lt16,1.0,0.018407762050628662,0.018650706857442856,0.019274402409791946,0.019525881856679916,0.018534023314714432,-0.0008751749992370605,-0.00025147944688796997,-0.0009918585419654846
25,1,333,25-1:333:72,all,14.276611328125,lt16,1.0,0.015106474980711937,0.015185845084488392,0.015459461137652397,0.0153322359547019,0.015295937657356262,-0.0001463908702135086,0.00012722518295049667,-3.6298297345638275e-05
25,1,333,25-1:333:72,inner_half,14.276611328125,lt16,1.0,0.014916814863681793,0.015372882597148418,0.015377111732959747,0.015284622088074684,0.015227794647216797,8.826050907373428e-05,9.248964488506317e-05,-5.682744085788727e-05
25,1,333,25-1:333:73,all,11.983280181884766,lt16,1.0,0.02002011053264141,0.01643184944987297,0.016440147534012794,0.01651771366596222,0.016491632908582687,-8.586421608924866e-05,-7.756613194942474e-05,-2.608075737953186e-05
25,1,333,25-1:333:73,inner_half,11.983280181884766,lt16,1.0,0.022960828617215157,0.016939889639616013,0.016882942989468575,0.017045743763446808,0.016928639262914658,-0.00010585412383079529,-0.00016280077397823334,-0.00011710450053215027
25,1,333,25-1:333:74,all,14.18374252319336,lt16,1.0,0.017113368958234787,0.016782794147729874,0.016842227429151535,0.016671065241098404,0.01682986132800579,0.00011172890663146973,0.0001711621880531311,0.00015879608690738678
25,1,333,25-1:333:74,inner_half,14.18374252319336,lt16,1.0,0.017426911741495132,0.015933608636260033,0.01594872772693634,0.0158471018075943,0.015995601192116737,8.650682866573334e-05,0.00010162591934204102,0.00014849938452243805
25,1,333,25-1:333:75,all,12.9603271484375,lt16,1.0,0.018263379111886024,0.014753272756934166,0.014828909188508987,0.014791824854910374,0.014751607552170753,-3.855209797620773e-05,3.708433359861374e-05,-4.021730273962021e-05
25,1,333,25-1:333:75,inner_half,12.9603271484375,lt16,1.0,0.022723013535141945,0.0174406748265028,0.017456993460655212,0.017476338893175125,0.017516430467367172,-3.5664066672325134e-05,-1.934543251991272e-05,4.009157419204712e-05
25,1,333,25-1:333:76,all,15.39794921875,lt16,1.0,0.017153725028038025,0.01806662790477276,0.018188726156949997,0.01806330308318138,0.018155671656131744,3.3248215913772583e-06,0.00012542307376861572,9.236857295036316e-05
25,1,333,25-1:333:76,inner_half,15.39794921875,lt16,1.0,0.019465409219264984,0.019219735637307167,0.019606968387961388,0.019389156252145767,0.01940421760082245,-0.00016942061483860016,0.00021781213581562042,1.5061348676681519e-05
25,1,333,25-1:333:77,all,18.075592041015625,16to32,0.5546875,0.09199567884206772,0.04043110832571983,0.05085601285099983,0.03391961380839348,0.05262301489710808,0.006511494517326355,0.016936399042606354,0.0187034010887146
25,1,333,25-1:333:77,inner_half,18.075592041015625,16to32,0.890625,0.07401501387357712,0.015217237174510956,0.015015062876045704,0.015897778794169426,0.019881270825862885,-0.0006805416196584702,-0.0008827159181237221,0.0039834920316934586
25,1,333,25-1:333:78,all,15.882499694824219,lt16,1.0,0.028803294524550438,0.02000766061246395,0.019941117614507675,0.019999802112579346,0.020301828160881996,7.858499884605408e-06,-5.868449807167053e-05,0.00030202604830265045
25,1,333,25-1:333:78,inner_half,15.882499694824219,lt16,1.0,0.039280109107494354,0.02550307847559452,0.02591516636312008,0.025955157354474068,0.02588839642703533,-0.0004520788788795471,-3.999099135398865e-05,-6.676092743873596e-05
25,1,333,25-1:333:79,all,16.285160064697266,16to32,1.0,0.014029771089553833,0.01403084583580494,0.013936280272901058,0.01391226053237915,0.013942643068730831,0.00011858530342578888,2.4019740521907806e-05,3.0382536351680756e-05
25,1,333,25-1:333:79,inner_half,16.285160064697266,16to32,1.0,0.013261222280561924,0.013389398343861103,0.013314440846443176,0.013248678296804428,0.012808524072170258,0.00014072004705667496,6.576254963874817e-05,-0.00044015422463417053
25,1,333,25-1:333:80,all,14.4298095703125,lt16,1.0,0.019382454454898834,0.016690857708454132,0.01664087176322937,0.016707055270671844,0.016578765586018562,-1.6197562217712402e-05,-6.618350744247437e-05,-0.00012828968465328217
25,1,333,25-1:333:80,inner_half,14.4298095703125,lt16,1.0,0.022435784339904785,0.01903820037841797,0.01899469830095768,0.01930057257413864,0.01926042139530182,-0.0002623721957206726,-0.0003058742731809616,-4.015117883682251e-05
25,1,333,25-1:333:81,all,12.540026664733887,lt16,1.0,0.014471226371824741,0.01469636894762516,0.014800017699599266,0.014795955270528793,0.015073814429342747,-9.958632290363312e-05,4.062429070472717e-06,0.0002778591588139534
25,1,333,25-1:333:81,inner_half,12.540026664733887,lt16,1.0,0.015134601853787899,0.014846818521618843,0.015011033043265343,0.0150704775005579,0.014742141589522362,-0.0002236589789390564,-5.944445729255676e-05,-0.0003283359110355377
25,1,333,25-1:333:82,all,14.374397277832031,lt16,1.0,0.021717701107263565,0.01961607299745083,0.01964365877211094,0.019677666947245598,0.01963849738240242,-6.159394979476929e-05,-3.4008175134658813e-05,-3.9169564843177795e-05
25,1,333,25-1:333:82,inner_half,14.374397277832031,lt16,1.0,0.026606980711221695,0.023780856281518936,0.023791387677192688,0.02412179484963417,0.02395470440387726,-0.0003409385681152344,-0.00033040717244148254,-0.00016709044575691223
25,1,333,25-1:333:83,all,13.89304494857788,lt16,1.0,0.024726329371333122,0.017488772049546242,0.017518136650323868,0.017717495560646057,0.017592251300811768,-0.00022872351109981537,-0.00019935891032218933,-0.00012524425983428955
25,1,333,25-1:333:83,inner_half,13.89304494857788,lt16,1.0,0.02674959972500801,0.01776111125946045,0.01776111125946045,0.01826215721666813,0.018339727073907852,-0.0005010459572076797,-0.0005010459572076797,7.75698572397232e-05
25,1,333,25-1:333:84,all,14.387474060058594,lt16,1.0,0.0238674134016037,0.02095666527748108,0.02122143656015396,0.021043900400400162,0.020975753664970398,-8.723512291908264e-05,0.00017753615975379944,-6.81467354297638e-05
25,1,333,25-1:333:84,inner_half,14.387474060058594,lt16,1.0,0.020944053307175636,0.01986672356724739,0.019912779331207275,0.019868159666657448,0.019887644797563553,-1.4360994100570679e-06,4.4619664549827576e-05,1.948513090610504e-05
25,1,333,25-1:333:85,all,14.227452278137207,lt16,1.0,0.02460063248872757,0.018029380589723587,0.01829369179904461,0.018139269202947617,0.018120717257261276,-0.00010988861322402954,0.0001544225960969925,-1.8551945686340332e-05
25,1,333,25-1:333:85,inner_half,14.227452278137207,lt16,1.0,0.023724127560853958,0.015452824532985687,0.015551498159766197,0.015556763857603073,0.015498221851885319,-0.00010393932461738586,-5.2656978368759155e-06,-5.8542005717754364e-05
25,1,333,25-1:333:86,all,14.6517333984375,lt16,1.0,0.015915395691990852,0.015720801427960396,0.01572376862168312,0.015784569084644318,0.015732694417238235,-6.376765668392181e-05,-6.08004629611969e-05,-5.187466740608215e-05
25,1,333,25-1:333:86,inner_half,14.6517333984375,lt16,1.0,0.01473083347082138,0.015442355535924435,0.015453963540494442,0.015719445422291756,0.015570249408483505,-0.000277089886367321,-0.0002654818817973137,-0.00014919601380825043
25,1,333,25-1:333:87,all,15.642822265625,lt16,1.0,0.017797786742448807,0.018419843167066574,0.018578046932816505,0.018543165177106857,0.01838909089565277,-0.0001233220100402832,3.488175570964813e-05,-0.0001540742814540863
25,1,333,25-1:333:87,inner_half,15.642822265625,lt16,1.0,0.017035111784934998,0.02062413841485977,0.020495763048529625,0.020619049668312073,0.02047605812549591,5.088746547698975e-06,-0.00012328661978244781,-0.0001429915428161621
25,1,333,25-1:333:88,all,13.722412109375,lt16,1.0,0.019200293347239494,0.01703869178891182,0.016960302367806435,0.01715143397450447,0.017154783010482788,-0.00011274218559265137,-0.0001911316066980362,3.3490359783172607e-06
25,1,333,25-1:333:88,inner_half,13.722412109375,lt16,1.0,0.01757926121354103,0.015690144151449203,0.015655778348445892,0.015742722898721695,0.015698380768299103,-5.2578747272491455e-05,-8.694455027580261e-05,-4.434213042259216e-05
25,1,333,25-1:333:89,all,14.882247924804688,lt16,1.0,0.0172978974878788,0.015319282189011574,0.015263478271663189,0.01522187888622284,0.015355389565229416,9.740330278873444e-05,4.159938544034958e-05,0.00013351067900657654
25,1,333,25-1:333:89,inner_half,14.882247924804688,lt16,1.0,0.019937751814723015,0.0177830308675766,0.01782374270260334,0.017735641449689865,0.017858009785413742,4.738941788673401e-05,8.810125291347504e-05,0.00012236833572387695
25,1,333,25-1:333:90,all,14.175651550292969,lt16,1.0,0.030029958114027977,0.021027859300374985,0.020994510501623154,0.021051030606031418,0.02110622078180313,-2.3171305656433105e-05,-5.652010440826416e-05,5.519017577171326e-05
25,1,333,25-1:333:90,inner_half,14.175651550292969,lt16,1.0,0.033904075622558594,0.026578620076179504,0.02679385617375374,0.027008455246686935,0.027292568236589432,-0.00042983517050743103,-0.00021459907293319702,0.00028411298990249634
25,1,333,25-1:333:91,all,19.08306884765625,16to32,0.80078125,0.15270185470581055,0.023918088525533676,0.05985663831233978,0.031031087040901184,0.05758311599493027,-0.007112998515367508,0.0288255512714386,0.026552028954029083
25,1,333,25-1:333:91,inner_half,19.08306884765625,16to32,1.0,0.19128641486167908,0.02265757881104946,0.07087009400129318,0.01851365715265274,0.05634037032723427,0.004143921658396721,0.05235643684864044,0.03782671317458153
25,1,333,25-1:333:92,all,14.6048583984375,lt16,1.0,0.014688121154904366,0.015826376155018806,0.015690479427576065,0.015679962933063507,0.015722909942269325,0.00014641322195529938,1.0516494512557983e-05,4.2947009205818176e-05
25,1,333,25-1:333:92,inner_half,14.6048583984375,lt16,1.0,0.01366752851754427,0.014737976714968681,0.014823364093899727,0.014772382564842701,0.01456983108073473,-3.440584987401962e-05,5.098152905702591e-05,-0.0002025514841079712
25,1,333,25-1:333:93,all,12.343398332595825,lt16,1.0,0.021872293204069138,0.01601090282201767,0.016000527888536453,0.015942316502332687,0.016078386455774307,6.85863196849823e-05,5.821138620376587e-05,0.00013606995344161987
25,1,333,25-1:333:93,inner_half,12.343398332595825,lt16,1.0,0.02669825218617916,0.019949357956647873,0.01997273415327072,0.01966199278831482,0.019976142793893814,0.0002873651683330536,0.0003107413649559021,0.00031415000557899475
25,1,333,25-1:333:94,all,15.434814453125,lt16,1.0,0.013371740467846394,0.014015275985002518,0.014058046974241734,0.014082460664212704,0.01408732682466507,-6.7184679210186e-05,-2.4413689970970154e-05,4.866160452365875e-06
25,1,333,25-1:333:94,inner_half,15.434814453125,lt16,1.0,0.01592712476849556,0.016856689006090164,0.016907094046473503,0.01679038815200329,0.01702663116157055,6.630085408687592e-05,0.00011670589447021484,0.00023624300956726074
25,1,333,25-1:333:95,all,15.0604248046875,lt16,1.0,0.01418437622487545,0.014996172860264778,0.014917386695742607,0.01494304183870554,0.015053648501634598,5.3131021559238434e-05,-2.5655142962932587e-05,0.00011060666292905807
25,1,333,25-1:333:95,inner_half,15.0604248046875,lt16,1.0,0.013820374384522438,0.01477778796106577,0.014672592282295227,0.01469467207789421,0.01438740361481905,8.311588317155838e-05,-2.2079795598983765e-05,-0.000307268463075161
25,1,333,25-1:333:96,all,16.095130920410156,16to32,1.0,0.023221734911203384,0.02357284352183342,0.0233890600502491,0.023508932441473007,0.023754257708787918,6.39110803604126e-05,-0.00011987239122390747,0.0002453252673149109
25,1,333,25-1:333:96,inner_half,16.095130920410156,16to32,1.0,0.02554556541144848,0.023170560598373413,0.023161105811595917,0.023144051432609558,0.02378663420677185,2.650916576385498e-05,1.7054378986358643e-05,0.0006425827741622925
25,2,167,25-2:167:0,all,16.13690185546875,16to32,1.0,0.06354247778654099,0.06326325237751007,0.06333348900079727,0.0632503479719162,0.06345994025468826,1.290440559387207e-05,8.3141028881073e-05,0.0002095922827720642
25,2,167,25-2:167:0,inner_half,16.13690185546875,16to32,1.0,0.14217589795589447,0.14184151589870453,0.14150282740592957,0.14154990017414093,0.142033189535141,0.00029161572456359863,-4.7072768211364746e-05,0.00048328936100006104
25,2,167,25-2:167:2,all,18.9456787109375,16to32,1.0,0.015039172023534775,0.013644259423017502,0.013665671460330486,0.01368672028183937,0.013639233075082302,-4.2460858821868896e-05,-2.104882150888443e-05,-4.7487206757068634e-05
25,2,167,25-2:167:2,inner_half,18.9456787109375,16to32,1.0,0.018185026943683624,0.015663595870137215,0.01567314937710762,0.015719065442681313,0.015742382034659386,-5.54695725440979e-05,-4.591606557369232e-05,2.331659197807312e-05
25,2,167,25-2:167:3,all,19.3251953125,16to32,1.0,0.015613820403814316,0.014054792001843452,0.014094049111008644,0.014119146391749382,0.014076413586735725,-6.435438990592957e-05,-2.5097280740737915e-05,-4.2732805013656616e-05
25,2,167,25-2:167:3,inner_half,19.3251953125,16to32,1.0,0.01820565201342106,0.015789436176419258,0.015818577259778976,0.015889964997768402,0.015957722440361977,-0.00010052882134914398,-7.138773798942566e-05,6.775744259357452e-05
25,2,167,25-2:167:4,all,19.23858642578125,16to32,1.0,0.017406189814209938,0.015676241368055344,0.015652455389499664,0.015599679201841354,0.01566903293132782,7.656216621398926e-05,5.2776187658309937e-05,6.935372948646545e-05
25,2,167,25-2:167:4,inner_half,19.23858642578125,16to32,1.0,0.0161130428314209,0.01364227570593357,0.01364227570593357,0.01364227570593357,0.013629928231239319,0.0,0.0,-1.2347474694252014e-05
25,2,167,25-2:167:15,all,65.40203857421875,ge32,0.93359375,0.05179130658507347,0.0362820141017437,0.039325445890426636,0.018664119765162468,0.044344156980514526,0.01761789433658123,0.020661326125264168,0.02568003721535206
25,2,167,25-2:167:15,inner_half,65.40203857421875,ge32,1.0,0.03251396864652634,0.011910857632756233,0.0229172445833683,0.011793091893196106,0.022048374637961388,0.00011776573956012726,0.011124152690172195,0.010255282744765282
25,2,167,25-2:167:16,all,33.70697021484375,ge32,1.0,0.024138672277331352,0.018610142171382904,0.01891576685011387,0.019011270254850388,0.01862497441470623,-0.0004011280834674835,-9.550340473651886e-05,-0.0003862958401441574
25,2,167,25-2:167:16,inner_half,33.70697021484375,ge32,1.0,0.03215130791068077,0.024086765944957733,0.02396678924560547,0.02422212064266205,0.024114195257425308,-0.00013535469770431519,-0.0002553313970565796,-0.00010792538523674011
25,2,167,25-2:167:17,all,32.0352783203125,ge32,1.0,0.022944282740354538,0.01936011202633381,0.019209884107112885,0.019278015941381454,0.019406847655773163,8.209608495235443e-05,-6.813183426856995e-05,0.00012883171439170837
25,2,167,25-2:167:17,inner_half,32.0352783203125,ge32,1.0,0.028381984680891037,0.024765055626630783,0.024575110524892807,0.024939104914665222,0.024705933406949043,-0.0001740492880344391,-0.00036399438977241516,-0.0002331715077161789
25,2,167,25-2:167:18,all,28.903228759765625,16to32,1.0,0.018318815156817436,0.01836509257555008,0.0184490829706192,0.018255051225423813,0.018292969092726707,0.00011004135012626648,0.0001940317451953888,3.791786730289459e-05
25,2,167,25-2:167:18,inner_half,28.903228759765625,16to32,1.0,0.024554826319217682,0.024886826053261757,0.025063566863536835,0.024676894769072533,0.02457081899046898,0.00020993128418922424,0.00038667209446430206,-0.00010607577860355377
25,2,167,25-2:167:19,all,24.752120971679688,16to32,1.0,0.01485748402774334,0.014933174476027489,0.014716550707817078,0.01496097445487976,0.014854023233056068,-2.7799978852272034e-05,-0.0002444237470626831,-0.00010695122182369232
25,2,167,25-2:167:19,inner_half,24.752120971679688,16to32,1.0,0.018476339057087898,0.018574973568320274,0.018574213609099388,0.018328916281461716,0.01808665134012699,0.00024605728685855865,0.0002452973276376724,-0.00024226494133472443
25,2,167,25-2:167:20,all,29.667205810546875,16to32,0.7109375,0.30755922198295593,0.03273826837539673,0.14040671288967133,0.045225635170936584,0.08399876207113266,-0.012487366795539856,0.09518107771873474,0.038773126900196075
25,2,167,25-2:167:20,inner_half,29.667205810546875,16to32,1.0,0.3681051433086395,0.036664772778749466,0.1822873055934906,0.04217243567109108,0.08192385733127594,-0.005507662892341614,0.14011486992239952,0.03975142166018486
25,2,167,25-2:167:21,all,29.086502075195312,16to32,1.0,0.016279097646474838,0.016014739871025085,0.01628601923584938,0.01600687764585018,0.01603030413389206,7.86222517490387e-06,0.0002791415899991989,2.3426488041877747e-05
25,2,167,25-2:167:21,inner_half,29.086502075195312,16to32,1.0,0.020050905644893646,0.021101409569382668,0.020810771733522415,0.020704500377178192,0.020923271775245667,0.0003969091922044754,0.00010627135634422302,0.00021877139806747437
25,2,167,25-2:167:22,all,31.230224609375,16to32,1.0,0.026540309190750122,0.024211276322603226,0.02418564446270466,0.024051859974861145,0.02445189468562603,0.0001594163477420807,0.0001337844878435135,0.00040003471076488495
25,2,167,25-2:167:22,inner_half,31.230224609375,16to32,1.0,0.018035169690847397,0.018323352560400963,0.018327422440052032,0.01831257902085781,0.018293015658855438,1.0773539543151855e-05,1.4843419194221497e-05,-1.9563362002372742e-05
25,2,167,25-2:167:23,all,28.176284790039062,16to32,1.0,0.018474318087100983,0.017751630395650864,0.01781577244400978,0.017814386636018753,0.017763104289770126,-6.27562403678894e-05,1.385807991027832e-06,-5.128234624862671e-05
25,2,167,25-2:167:23,inner_half,28.176284790039062,16to32,1.0,0.021218333393335342,0.01952039822936058,0.019692614674568176,0.01941484399139881,0.01925928145647049,0.0001055542379617691,0.00027777068316936493,-0.00015556253492832184
25,2,167,25-2:167:24,all,29.112197875976562,16to32,1.0,0.02279099076986313,0.022140897810459137,0.022361811250448227,0.022426627576351166,0.022228315472602844,-0.0002857297658920288,-6.481632590293884e-05,-0.00019831210374832153
25,2,167,25-2:167:24,inner_half,29.112197875976562,16to32,1.0,0.021408740431070328,0.021092556416988373,0.02097834274172783,0.020986001938581467,0.021136576309800148,0.00010655447840690613,-7.659196853637695e-06,0.00015057437121868134
25,2,167,25-2:167:25,all,29.636367797851562,16to32,1.0,0.01713404804468155,0.017426809296011925,0.017302410677075386,0.017322715371847153,0.017397556453943253,0.00010409392416477203,-2.0304694771766663e-05,7.484108209609985e-05
25,2,167,25-2:167:25,inner_half,29.636367797851562,16to32,1.0,0.020859524607658386,0.02067023515701294,0.020262740552425385,0.020021431148052216,0.02078620344400406,0.0006488040089607239,0.00024130940437316895,0.0007647722959518433
25,2,167,25-2:167:26,all,27.88482666015625,16to32,1.0,0.017718233168125153,0.017330050468444824,0.017459530383348465,0.0175190232694149,0.01764184981584549,-0.00018897280097007751,-5.949288606643677e-05,0.00012282654643058777
25,2,167,25-2:167:26,inner_half,27.88482666015625,16to32,1.0,0.020953970029950142,0.022352591156959534,0.0217775646597147,0.02251836284995079,0.02240375243127346,-0.00016577169299125671,-0.0007407981902360916,-0.00011461041867733002
25,2,167,25-2:167:27,all,27.5546875,16to32,1.0,0.022007446736097336,0.02142646163702011,0.021030917763710022,0.02133673056960106,0.021490851417183876,8.973106741905212e-05,-0.000305812805891037,0.00015412084758281708
25,2,167,25-2:167:27,inner_half,27.5546875,16to32,1.0,0.024874478578567505,0.02411407232284546,0.0239277146756649,0.024105114862322807,0.02461603656411171,8.957460522651672e-06,-0.00017740018665790558,0.0005109217017889023
25,2,167,25-2:167:28,all,28.336837768554688,16to32,1.0,0.017962967976927757,0.017699792981147766,0.01765858568251133,0.017663393169641495,0.017790798097848892,3.639981150627136e-05,-4.8074871301651e-06,0.00012740492820739746
25,2,167,25-2:167:28,inner_half,28.336837768554688,16to32,1.0,0.019948743283748627,0.020879272371530533,0.020904583856463432,0.020530473440885544,0.020986441522836685,0.000348798930644989,0.0003741104155778885,0.00045596808195114136
25,2,167,25-2:167:29,all,27.0296630859375,16to32,1.0,0.015381893143057823,0.015275808051228523,0.01523231528699398,0.015196427702903748,0.015280086547136307,7.93803483247757e-05,3.588758409023285e-05,8.36588442325592e-05
25,2,167,25-2:167:29,inner_half,27.0296630859375,16to32,1.0,0.01698313094675541,0.016742680221796036,0.01677720621228218,0.016692832112312317,0.016657130792737007,4.984810948371887e-05,8.437409996986389e-05,-3.5701319575309753e-05
25,2,167,25-2:167:30,all,16.568603515625,16to32,0.9375,0.020898910239338875,0.016534967347979546,0.01649760827422142,0.01650005392730236,0.016534967347979546,3.491342067718506e-05,-2.4456530809402466e-06,3.491342067718506e-05
25,2,167,25-2:167:30,inner_half,16.568603515625,16to32,1.0,0.015391528606414795,0.015252367593348026,0.01526263915002346,0.015171685256063938,0.015148527920246124,8.068233728408813e-05,9.095389395952225e-05,-2.3157335817813873e-05
25,2,167,25-2:167:31,all,23.6138916015625,16to32,0.9375,0.020697973668575287,0.016861144453287125,0.016871372237801552,0.01683330535888672,0.017075423151254654,2.7839094400405884e-05,3.806687891483307e-05,0.00024211779236793518
25,2,167,25-2:167:31,inner_half,23.6138916015625,16to32,1.0,0.025120457634329796,0.018417520448565483,0.01834276132285595,0.018754569813609123,0.018754450604319572,-0.00033704936504364014,-0.00041180849075317383,-1.1920928955078125e-07
25,2,333,25-2:333:0,all,15.43023681640625,lt16,1.0,0.01287785917520523,0.01231323927640915,0.012365278787910938,0.01233578845858574,0.012327619828283787,-2.2549182176589966e-05,2.9490329325199127e-05,-8.168630301952362e-06
25,2,333,25-2:333:0,inner_half,15.43023681640625,lt16,1.0,0.010809903964400291,0.00990791991353035,0.009943385608494282,0.009887316264212132,0.00995646882802248,2.060364931821823e-05,5.606934428215027e-05,6.915256381034851e-05
25,2,333,25-2:333:1,all,14.1353759765625,lt16,1.0,0.033086147159338,0.034005776047706604,0.03393564373254776,0.033886805176734924,0.03406611084938049,0.00011897087097167969,4.883855581283569e-05,0.00017930567264556885
25,2,333,25-2:333:1,inner_half,14.1353759765625,lt16,1.0,0.06832558661699295,0.06912361085414886,0.06925778836011887,0.06918755918741226,0.06965871155261993,-6.394833326339722e-05,7.0229172706604e-05,0.0004711523652076721
25,2,333,25-2:333:13,all,17.176727294921875,16to32,0.52734375,0.06511420011520386,0.06434712558984756,0.057409077882766724,0.034456122666597366,0.05211823061108589,0.0298910029232502,0.022952955216169357,0.017662107944488525
25,2,333,25-2:333:13,inner_half,17.176727294921875,16to32,0.65625,0.14886096119880676,0.14983490109443665,0.14286038279533386,0.06198607012629509,0.12355184555053711,0.08784883096814156,0.08087431266903877,0.06156577542424202
25,2,333,25-2:333:14,all,16.10711669921875,16to32,1.0,0.06531243771314621,0.06531523913145065,0.06525030732154846,0.06563487648963928,0.06561458110809326,-0.00031963735818862915,-0.0003845691680908203,-2.0295381546020508e-05
25,2,333,25-2:333:14,inner_half,16.10711669921875,16to32,1.0,0.12027890980243683,0.11913958936929703,0.11884710192680359,0.11961301416158676,0.11946644634008408,-0.0004734247922897339,-0.0007659122347831726,-0.00014656782150268555
25,2,333,25-2:333:15,all,15.993392944335938,lt16,0.5234375,0.13437554240226746,0.03151468187570572,0.10765887796878815,0.0358361192047596,0.07482001930475235,-0.004321437329053879,0.07182275876402855,0.03898390009999275
25,2,333,25-2:333:15,inner_half,15.993392944335938,lt16,0.921875,0.20782224833965302,0.04903367534279823,0.18718641996383667,0.044440701603889465,0.11672014743089676,0.004592973738908768,0.1427457183599472,0.0722794458270073
25,2,333,25-2:333:22,all,51.32177734375,ge32,0.6953125,0.0508369505405426,0.05097493529319763,0.05863698571920395,0.03772205859422684,0.05353768914937973,0.013252876698970795,0.020914927124977112,0.015815630555152893
25,2,333,25-2:333:22,inner_half,51.32177734375,ge32,0.578125,0.04462974891066551,0.04746497422456741,0.051944799721241,0.028359776362776756,0.045500483363866806,0.019105197861790657,0.02358502335846424,0.01714070700109005
25,2,333,25-2:333:23,all,33.680908203125,ge32,1.0,0.01055595651268959,0.008196402341127396,0.00819665752351284,0.008114583790302277,0.008118817582726479,8.181855082511902e-05,8.207373321056366e-05,4.233792424201965e-06
25,2,333,25-2:333:23,inner_half,33.680908203125,ge32,1.0,0.009570712223649025,0.007606336381286383,0.007673155982047319,0.007690269500017166,0.007478740997612476,-8.393311873078346e-05,-1.7113517969846725e-05,-0.0002115285024046898
25,2,333,25-2:333:24,all,29.641571044921875,16to32,1.0,0.010545594617724419,0.010993856936693192,0.010878385044634342,0.010927008464932442,0.011178907938301563,6.684847176074982e-05,-4.862342029809952e-05,0.00025189947336912155
25,2,333,25-2:333:24,inner_half,29.641571044921875,16to32,1.0,0.012621194124221802,0.011703172698616982,0.01156819611787796,0.01161973923444748,0.011738776229321957,8.343346416950226e-05,-5.154311656951904e-05,0.00011903699487447739
25,2,333,25-2:333:25,all,30.98907470703125,16to32,0.73046875,0.12404021620750427,0.036951519548892975,0.05604535713791847,0.042062900960445404,0.052849385887384415,-0.005111381411552429,0.013982456177473068,0.01078648492693901
25,2,333,25-2:333:25,inner_half,30.98907470703125,16to32,1.0,0.060065556317567825,0.023547405377030373,0.03152036666870117,0.01909351535141468,0.031615253537893295,0.004453890025615692,0.012426851317286491,0.012521738186478615
25,2,333,25-2:333:26,all,35.241455078125,ge32,1.0,0.015549493953585625,0.012145264074206352,0.012257546186447144,0.01206571888178587,0.012191036716103554,7.954519242048264e-05,0.00019182730466127396,0.00012531783431768417
25,2,333,25-2:333:26,inner_half,35.241455078125,ge32,1.0,0.014576153829693794,0.010528706014156342,0.010540414601564407,0.010603723116219044,0.010252393782138824,-7.501710206270218e-05,-6.330851465463638e-05,-0.00035132933408021927
25,2,333,25-2:333:27,all,25.170440673828125,16to32,1.0,0.013600483536720276,0.011827376671135426,0.011707345955073833,0.01188463345170021,0.011846840381622314,-5.7256780564785004e-05,-0.0001772874966263771,-3.779307007789612e-05
25,2,333,25-2:333:27,inner_half,25.170440673828125,16to32,1.0,0.01743888109922409,0.014335480518639088,0.014338034205138683,0.014588277786970139,0.014640996232628822,-0.00025279726833105087,-0.00025024358183145523,5.271844565868378e-05
25,2,333,25-2:333:28,all,31.355560302734375,16to32,1.0,0.033439308404922485,0.024682287126779556,0.02464783936738968,0.024682926014065742,0.02467537298798561,-6.388872861862183e-07,-3.508664667606354e-05,-7.553026080131531e-06
25,2,333,25-2:333:28,inner_half,31.355560302734375,16to32,1.0,0.02319246158003807,0.017357461154460907,0.016666945070028305,0.01697264239192009,0.017277318984270096,0.00038481876254081726,-0.00030569732189178467,0.0003046765923500061
25,2,333,25-2:333:29,all,30.787994384765625,16to32,1.0,0.03427400439977646,0.021257098764181137,0.021173035725951195,0.020989133045077324,0.02124607563018799,0.00026796571910381317,0.00018390268087387085,0.00025694258511066437
25,2,333,25-2:333:29,inner_half,30.787994384765625,16to32,1.0,0.043676458299160004,0.026833325624465942,0.026586074382066727,0.026877842843532562,0.026556095108389854,-4.451721906661987e-05,-0.00029176846146583557,-0.0003217477351427078
25,2,333,25-2:333:30,all,37.33123779296875,ge32,1.0,0.01993202418088913,0.02010279893875122,0.020210344344377518,0.020645052194595337,0.020353225991129875,-0.0005422532558441162,-0.0004347078502178192,-0.00029182620346546173
25,2,333,25-2:333:30,inner_half,37.33123779296875,ge32,1.0,0.020929012447595596,0.021412048488855362,0.020696861669421196,0.02193411998450756,0.02254028245806694,-0.0005220714956521988,-0.0012372583150863647,0.0006061624735593796
25,2,333,25-2:333:31,all,29.14410400390625,16to32,1.0,0.02055170014500618,0.021467186510562897,0.021426592022180557,0.021404854953289032,0.02145039290189743,6.233155727386475e-05,2.173706889152527e-05,4.553794860839844e-05
25,2,333,25-2:333:31,inner_half,29.14410400390625,16to32,1.0,0.02349812164902687,0.02219012938439846,0.02208423614501953,0.022145232185721397,0.022162465378642082,4.489719867706299e-05,-6.099604070186615e-05,1.7233192920684814e-05
25,2,333,25-2:333:32,all,35.20025634765625,ge32,1.0,0.011461000889539719,0.010505466721951962,0.010504653677344322,0.010489683598279953,0.010431939736008644,1.5783123672008514e-05,1.4970079064369202e-05,-5.77438622713089e-05
25,2,333,25-2:333:32,inner_half,35.20025634765625,ge32,1.0,0.013039184734225273,0.011572127230465412,0.011695712804794312,0.011557785794138908,0.0113439429551363,1.4341436326503754e-05,0.00013792701065540314,-0.00021384283900260925
25,2,333,25-2:333:33,all,29.71685791015625,16to32,0.49609375,0.13940578699111938,0.02319558896124363,0.07860435545444489,0.031598735600709915,0.036676064133644104,-0.008403146639466286,0.04700561985373497,0.005077328532934189
25,2,333,25-2:333:33,inner_half,29.71685791015625,16to32,0.84375,0.18885697424411774,0.02446134202182293,0.10083040595054626,0.02688990905880928,0.04696483165025711,-0.002428567036986351,0.07394049689173698,0.02007492259144783
25,2,333,25-2:333:34,all,31.236907958984375,16to32,1.0,0.009576495736837387,0.008792822249233723,0.008782300166785717,0.008878551423549652,0.008930047042667866,-8.572917431592941e-05,-9.625125676393509e-05,5.1495619118213654e-05
25,2,333,25-2:333:34,inner_half,31.236907958984375,16to32,1.0,0.006527630612254143,0.006649619434028864,0.00664666760712862,0.006548712961375713,0.0069055696949362755,0.00010090647265315056,9.79546457529068e-05,0.00035685673356056213
25,2,333,25-2:333:35,all,30.124786376953125,16to32,1.0,0.025025714188814163,0.014855694957077503,0.014912771061062813,0.015064600855112076,0.015080941841006279,-0.0002089058980345726,-0.000151829794049263,1.6340985894203186e-05
25,2,333,25-2:333:35,inner_half,30.124786376953125,16to32,1.0,0.02844058908522129,0.015891704708337784,0.015889309346675873,0.016469743102788925,0.01616731844842434,-0.0005780383944511414,-0.0005804337561130524,-0.0003024246543645859
25,2,333,25-2:333:36,all,31.427703857421875,16to32,1.0,0.015335310250520706,0.010277702473104,0.01020057126879692,0.010230659507215023,0.010309325531125069,4.704296588897705e-05,-3.0088238418102264e-05,7.866602391004562e-05
25,2,333,25-2:333:36,inner_half,31.427703857421875,16to32,1.0,0.012801841832697392,0.009216426871716976,0.009121861308813095,0.009091105312108994,0.009139473550021648,0.00012532155960798264,3.075599670410156e-05,4.836823791265488e-05
25,2,333,25-2:333:37,all,31.869598388671875,16to32,1.0,0.02234569378197193,0.01885036937892437,0.018915627151727676,0.018815472722053528,0.018894506618380547,3.489665687084198e-05,0.00010015442967414856,7.903389632701874e-05
25,2,333,25-2:333:37,inner_half,31.869598388671875,16to32,1.0,0.020060420036315918,0.014146752655506134,0.014241274446249008,0.014001167379319668,0.013942084275186062,0.00014558527618646622,0.00024010706692934036,-5.908310413360596e-05
25,2,333,25-2:333:38,all,33.39471435546875,ge32,1.0,0.014230216853320599,0.013650237582623959,0.013538465835154057,0.013610216788947582,0.013455310836434364,4.002079367637634e-05,-7.17509537935257e-05,-0.00015490595251321793
25,2,333,25-2:333:38,inner_half,33.39471435546875,ge32,1.0,0.015710853040218353,0.014856952242553234,0.014708077535033226,0.015204057097434998,0.014949126169085503,-0.00034710485488176346,-0.0004959795624017715,-0.00025493092834949493
25,2,333,25-2:333:39,all,34.7945556640625,ge32,1.0,0.02701226994395256,0.02685065194964409,0.026351749897003174,0.026207707822322845,0.026850571855902672,0.0006429441273212433,0.00014404207468032837,0.0006428640335798264
25,2,333,25-2:333:39,inner_half,34.7945556640625,ge32,1.0,0.01923331432044506,0.021871929988265038,0.022107090801000595,0.022359751164913177,0.02249009907245636,-0.00048782117664813995,-0.0002526603639125824,0.00013034790754318237
25,2,333,25-2:333:40,all,30.544342041015625,16to32,1.0,0.01371859572827816,0.012096266262233257,0.012004464864730835,0.011963884346187115,0.011937305331230164,0.00013238191604614258,4.0580518543720245e-05,-2.657901495695114e-05
25,2,333,25-2:333:40,inner_half,30.544342041015625,16to32,1.0,0.012396062724292278,0.0122816301882267,0.01232231967151165,0.012379107996821404,0.012224525213241577,-9.747780859470367e-05,-5.678832530975342e-05,-0.00015458278357982635
25,2,333,25-2:333:41,all,28.048934936523438,16to32,1.0,0.01664026454091072,0.013981075026094913,0.013964355923235416,0.013981924392282963,0.014016149565577507,-8.493661880493164e-07,-1.7568469047546387e-05,3.422517329454422e-05
25,2,333,25-2:333:41,inner_half,28.048934936523438,16to32,1.0,0.022946128621697426,0.016788776963949203,0.01665695384144783,0.016628332436084747,0.016818813979625702,0.00016044452786445618,2.8621405363082886e-05,0.0001904815435409546
25,2,333,25-2:333:42,all,34.69183349609375,ge32,1.0,0.02165442518889904,0.02045801654458046,0.020179035142064095,0.020126957446336746,0.020314006134867668,0.0003310590982437134,5.207769572734833e-05,0.00018704868853092194
25,2,333,25-2:333:42,inner_half,34.69183349609375,ge32,1.0,0.02578906901180744,0.023457428440451622,0.022547803819179535,0.023046616464853287,0.023425215855240822,0.00041081197559833527,-0.0004988126456737518,0.0003785993903875351
25,2,333,25-2:333:43,all,31.180023193359375,16to32,1.0,0.01598985120654106,0.013234824873507023,0.013252213597297668,0.013080451637506485,0.013279329985380173,0.00015437323600053787,0.00017176195979118347,0.00019887834787368774
25,2,333,25-2:333:43,inner_half,31.180023193359375,16to32,1.0,0.017040792852640152,0.014645781368017197,0.014854619279503822,0.014512203633785248,0.014775673858821392,0.00013357773423194885,0.0003424156457185745,0.00026347022503614426
25,2,333,25-2:333:44,all,30.16033935546875,16to32,1.0,0.018526654690504074,0.015256967395544052,0.01542137935757637,0.015417259186506271,0.015292231924831867,-0.00016029179096221924,4.120171070098877e-06,-0.00012502726167440414
25,2,333,25-2:333:44,inner_half,30.16033935546875,16to32,1.0,0.015499184839427471,0.013920925557613373,0.014021574519574642,0.014008946716785431,0.013857696205377579,-8.80211591720581e-05,1.2627802789211273e-05,-0.00015125051140785217
25,2,333,25-2:333:45,all,29.164825439453125,16to32,0.73046875,0.2980179786682129,0.042807936668395996,0.0872025117278099,0.03960699588060379,0.08518606424331665,0.003200940787792206,0.047595515847206116,0.04557906836271286
25,2,333,25-2:333:45,inner_half,29.164825439453125,16to32,1.0,0.3588745594024658,0.04469747841358185,0.1285003125667572,0.034367721527814865,0.0987519919872284,0.010329756885766983,0.09413259103894234,0.06438427045941353
25,2,333,25-2:333:46,all,28.772415161132812,16to32,1.0,0.014540674164891243,0.012329396791756153,0.012295259162783623,0.012361375615000725,0.012385809794068336,-3.1978823244571686e-05,-6.611645221710205e-05,2.4434179067611694e-05
25,2,333,25-2:333:46,inner_half,28.772415161132812,16to32,1.0,0.011256958357989788,0.010563809424638748,0.010596880689263344,0.010564387775957584,0.010568497702479362,-5.783513188362122e-07,3.249291330575943e-05,4.109926521778107e-06
25,2,333,25-2:333:47,all,27.858444213867188,16to32,0.6796875,0.19235418736934662,0.026010600849986076,0.10072798281908035,0.034637995064258575,0.06121557578444481,-0.008627394214272499,0.06608998775482178,0.026577580720186234
25,2,333,25-2:333:47,inner_half,27.858444213867188,16to32,1.0,0.21220670640468597,0.03405512496829033,0.1441548466682434,0.03148392587900162,0.06584490835666656,0.0025711990892887115,0.11267092078924179,0.03436098247766495
25,2,333,25-2:333:48,all,28.437698364257812,16to32,1.0,0.02369280532002449,0.018419861793518066,0.01821301504969597,0.018034018576145172,0.018246598541736603,0.0003858432173728943,0.0001789964735507965,0.00021257996559143066
25,2,333,25-2:333:48,inner_half,28.437698364257812,16to32,1.0,0.02883348986506462,0.019305560737848282,0.01940896175801754,0.019489403814077377,0.019814863801002502,-0.00018384307622909546,-8.044205605983734e-05,0.0003254599869251251
25,2,333,25-2:333:49,all,30.196731567382812,16to32,0.71875,0.1328219771385193,0.035978857427835464,0.06001687049865723,0.03850683942437172,0.0437348410487175,-0.002527981996536255,0.021510031074285507,0.005228001624345779
25,2,333,25-2:333:49,inner_half,30.196731567382812,16to32,1.0,0.16634050011634827,0.033515483140945435,0.05167068541049957,0.03247716277837753,0.041842952370643616,0.0010383203625679016,0.01919352263212204,0.009365789592266083
25,2,333,25-2:333:50,all,28.011810302734375,16to32,0.765625,0.18178914487361908,0.030138038098812103,0.09071074426174164,0.034786101430654526,0.04663246497511864,-0.0046480633318424225,0.05592464283108711,0.011846363544464111
25,2,333,25-2:333:50,inner_half,28.011810302734375,16to32,1.0,0.25074756145477295,0.025943931192159653,0.08665693551301956,0.02639586851000786,0.04295099899172783,-0.00045193731784820557,0.060261067003011703,0.01655513048171997
25,2,333,25-2:333:51,all,30.9013671875,16to32,1.0,0.01478312537074089,0.011231333017349243,0.011132065206766129,0.011404065415263176,0.011100818403065205,-0.0001727323979139328,-0.0002720002084970474,-0.00030324701219797134
25,2,333,25-2:333:51,inner_half,30.9013671875,16to32,1.0,0.016806168481707573,0.012524452060461044,0.01244001928716898,0.01272185705602169,0.012708095833659172,-0.00019740499556064606,-0.0002818377688527107,-1.376122236251831e-05
25,2,333,25-2:333:52,all,27.484222412109375,16to32,1.0,0.020763743668794632,0.017882155254483223,0.01764548383653164,0.017929483205080032,0.017865844070911407,-4.732795059680939e-05,-0.00028399936854839325,-6.363913416862488e-05
25,2,333,25-2:333:52,inner_half,27.484222412109375,16to32,1.0,0.022588055580854416,0.01956743560731411,0.019577112048864365,0.019606269896030426,0.01936252787709236,-3.883428871631622e-05,-2.91578471660614e-05,-0.00024374201893806458
25,2,333,25-2:333:53,all,32.012603759765625,ge32,0.6328125,0.2719154953956604,0.03351201117038727,0.19302381575107574,0.03664517402648926,0.13500404357910156,-0.0031331628561019897,0.1563786417245865,0.0983588695526123
25,2,333,25-2:333:53,inner_half,32.012603759765625,ge32,0.765625,0.36106058955192566,0.02735516056418419,0.1796596497297287,0.03199987858533859,0.15128502249717712,-0.004644718021154404,0.1476597711443901,0.11928514391183853
25,2,333,25-2:333:54,all,26.403350830078125,16to32,1.0,0.014617531560361385,0.013574503362178802,0.013563577085733414,0.01359543576836586,0.013633199967443943,-2.0932406187057495e-05,-3.185868263244629e-05,3.776419907808304e-05
25,2,333,25-2:333:54,inner_half,26.403350830078125,16to32,1.0,0.014136459678411484,0.01387085672467947,0.013860564678907394,0.013853662647306919,0.01385643519461155,1.7194077372550964e-05,6.902031600475311e-06,2.7725473046302795e-06
29,1,233,29-1:233:0,all,27.68011474609375,16to32,0.52734375,0.1470794677734375,0.027680817991495132,0.06024917960166931,0.026645559817552567,0.057429708540439606,0.001035258173942566,0.033603619784116745,0.03078414872288704
29,1,233,29-1:233:0,inner_half,27.68011474609375,16to32,0.890625,0.21672578155994415,0.02697426825761795,0.06546686589717865,0.025231866165995598,0.06981289386749268,0.0017424020916223526,0.04023499973118305,0.04458102770149708
29,1,233,29-1:233:1,all,29.629150390625,16to32,0.58984375,0.07354207336902618,0.07400853931903839,0.05858164280653,0.01657913252711296,0.05387680605053902,0.05742940679192543,0.04200251027941704,0.037297673523426056
29,1,233,29-1:233:1,inner_half,29.629150390625,16to32,0.71875,0.19938258826732635,0.20069359242916107,0.15048089623451233,0.027338942512869835,0.1534104347229004,0.17335464991629124,0.1231419537216425,0.12607149221003056
29,1,233,29-1:233:2,all,19.63641357421875,16to32,1.0,0.01471426896750927,0.013409070670604706,0.013438651338219643,0.013508547097444534,0.013339320197701454,-9.947642683982849e-05,-6.989575922489166e-05,-0.00016922689974308014
29,1,233,29-1:233:2,inner_half,19.63641357421875,16to32,1.0,0.019107354804873466,0.018838463351130486,0.018529336899518967,0.018702371045947075,0.018337475135922432,0.00013609230518341064,-0.00017303414642810822,-0.00036489591002464294
29,1,233,29-1:233:3,all,23.308197021484375,16to32,1.0,0.012691189534962177,0.012418357655405998,0.01210353709757328,0.012061221525073051,0.012420715764164925,0.0003571361303329468,4.231557250022888e-05,0.00035949423909187317
29,1,233,29-1:233:3,inner_half,23.308197021484375,16to32,1.0,0.015304546803236008,0.01482534408569336,0.01494583673775196,0.01479047629982233,0.01516713947057724,3.48677858710289e-05,0.00015536043792963028,0.0003766631707549095
29,1,233,29-1:233:4,all,26.242172241210938,16to32,0.8125,0.024986129254102707,0.022801775485277176,0.022642293944954872,0.02344873733818531,0.02338305115699768,-0.0006469618529081345,-0.0008064433932304382,-6.56861811876297e-05
29,1,233,29-1:233:4,inner_half,26.242172241210938,16to32,0.5,0.03557858616113663,0.03454442322254181,0.03387630730867386,0.035107582807540894,0.034285806119441986,-0.0005631595849990845,-0.001231275498867035,-0.0008217766880989075
29,1,233,29-1:233:5,all,27.08319091796875,16to32,1.0,0.010248493403196335,0.009407729841768742,0.009257081896066666,0.009308488108217716,0.009439604356884956,9.924173355102539e-05,-5.140621215105057e-05,0.00013111624866724014
29,1,233,29-1:233:5,inner_half,27.08319091796875,16to32,1.0,0.017631014809012413,0.015324467793107033,0.014909728430211544,0.015144536271691322,0.015578065067529678,0.00017993152141571045,-0.0002348078414797783,0.000433528795838356
29,1,233,29-1:233:6,all,18.37420654296875,16to32,1.0,0.016697289422154427,0.015340553596615791,0.015264708548784256,0.015438131056725979,0.015301907435059547,-9.757746011018753e-05,-0.00017342250794172287,-0.00013622362166643143
29,1,233,29-1:233:6,inner_half,18.37420654296875,16to32,1.0,0.028178196400403976,0.026295103132724762,0.02571277506649494,0.026290355250239372,0.025978118181228638,4.7478824853897095e-06,-0.0005775801837444305,-0.00031223706901073456
29,1,233,29-1:233:7,all,19.22735595703125,16to32,1.0,0.03904896229505539,0.04030781239271164,0.04010239243507385,0.0398433655500412,0.04029000550508499,0.0004644468426704407,0.0002590268850326538,0.0004466399550437927
29,1,233,29-1:233:7,inner_half,19.22735595703125,16to32,1.0,0.05370672792196274,0.05628810077905655,0.056075915694236755,0.05505212023854256,0.05632789433002472,0.0012359805405139923,0.0010237954556941986,0.0012757740914821625
29,1,233,29-1:233:8,all,22.87054443359375,16to32,0.64453125,0.16834016144275665,0.041024792939424515,0.057768043130636215,0.04602472111582756,0.07206203788518906,-0.004999928176403046,0.011743322014808655,0.026037316769361496
29,1,233,29-1:233:8,inner_half,22.87054443359375,16to32,0.984375,0.24677246809005737,0.06958796828985214,0.07948999851942062,0.07839988172054291,0.11367394775152206,-0.008811913430690765,0.001090116798877716,0.035274066030979156
29,1,233,29-1:233:9,all,18.846282958984375,16to32,1.0,0.01570538803935051,0.0130838081240654,0.013385752215981483,0.013473941013216972,0.013580916449427605,-0.0003901328891515732,-8.818879723548889e-05,0.00010697543621063232
29,1,233,29-1:233:9,inner_half,18.846282958984375,16to32,1.0,0.01646142080426216,0.01444075908511877,0.014708874747157097,0.01459939032793045,0.01490167248994112,-0.00015863124281167984,0.00010948441922664642,0.0003022821620106697
29,1,233,29-1:233:10,all,14.1839599609375,lt16,1.0,0.06591743975877762,0.06376061588525772,0.06240781396627426,0.059163786470890045,0.06263264268636703,0.004596829414367676,0.0032440274953842163,0.0034688562154769897
29,1,233,29-1:233:10,inner_half,14.1839599609375,lt16,1.0,0.1385253667831421,0.13524332642555237,0.13217179477214813,0.12528908252716064,0.13376429677009583,0.009954243898391724,0.006882712244987488,0.00847521424293518
29,1,233,29-1:233:11,all,21.73138427734375,16to32,1.0,0.018999915570020676,0.016238288953900337,0.016157329082489014,0.016170552000403404,0.016293909400701523,6.773695349693298e-05,-1.3222917914390564e-05,0.0001233574002981186
29,1,233,29-1:233:11,inner_half,21.73138427734375,16to32,1.0,0.027949292212724686,0.02535579726099968,0.02523767575621605,0.025382105261087418,0.025267597287893295,-2.6308000087738037e-05,-0.0001444295048713684,-0.00011450797319412231
29,1,233,29-1:233:12,all,20.83984375,16to32,1.0,0.03184987232089043,0.02638021670281887,0.026511747390031815,0.02664513885974884,0.02641281858086586,-0.0002649221569299698,-0.00013339146971702576,-0.00023232027888298035
29,1,233,29-1:233:12,inner_half,20.83984375,16to32,1.0,0.05340103432536125,0.04379446431994438,0.04401225224137306,0.04449174180626869,0.043966636061668396,-0.0006972774863243103,-0.0004794895648956299,-0.000525105744600296
29,1,233,29-1:233:13,all,18.4610595703125,16to32,1.0,0.036196157336235046,0.030995650216937065,0.030765799805521965,0.030780969187617302,0.031045464798808098,0.00021468102931976318,-1.5169382095336914e-05,0.0002644956111907959
29,1,233,29-1:233:13,inner_half,18.4610595703125,16to32,1.0,0.03109041601419449,0.02626829966902733,0.026188313961029053,0.02618963085114956,0.026297781616449356,7.866881787776947e-05,-1.3168901205062866e-06,0.00010815076529979706
29,1,233,29-1:233:14,all,30.03558349609375,16to32,1.0,0.010013656690716743,0.009847663342952728,0.009853258728981018,0.009872726164758205,0.010188762098550797,-2.5062821805477142e-05,-1.9467435777187347e-05,0.0003160359337925911
29,1,233,29-1:233:14,inner_half,30.03558349609375,16to32,1.0,0.015075387433171272,0.014841277152299881,0.014894135296344757,0.014879334717988968,0.015351179987192154,-3.8057565689086914e-05,1.4800578355789185e-05,0.00047184526920318604
29,1,233,29-1:233:15,all,15.99462890625,lt16,1.0,0.022786613553762436,0.018526310101151466,0.018525442108511925,0.018524684011936188,0.018692243844270706,1.6260892152786255e-06,7.580965757369995e-07,0.00016755983233451843
29,1,233,29-1:233:15,inner_half,15.99462890625,lt16,1.0,0.03466501832008362,0.025913137942552567,0.025913137942552567,0.025909386575222015,0.026419829577207565,3.7513673305511475e-06,3.7513673305511475e-06,0.0005104430019855499
29,1,233,29-1:233:16,all,18.63568115234375,16to32,1.0,0.017726615071296692,0.016073893755674362,0.016137536615133286,0.016127534210681915,0.01610310934484005,-5.36404550075531e-05,1.000240445137024e-05,-2.442486584186554e-05
29,1,233,29-1:233:16,inner_half,18.63568115234375,16to32,1.0,0.02655179053544998,0.023583509027957916,0.023796234279870987,0.023783348500728607,0.023478949442505836,-0.00019983947277069092,1.288577914237976e-05,-0.0003043990582227707
29,1,233,29-1:233:17,all,17.991241455078125,16to32,1.0,0.025839999318122864,0.020074164494872093,0.02007751166820526,0.020047327503561974,0.020031670108437538,2.683699131011963e-05,3.018416464328766e-05,-1.5657395124435425e-05
29,1,233,29-1:233:17,inner_half,17.991241455078125,16to32,1.0,0.030527910217642784,0.024235745891928673,0.024235745891928673,0.0240415520966053,0.02372005768120289,0.0001941937953233719,0.0001941937953233719,-0.0003214944154024124
29,1,233,29-1:233:18,all,19.133514404296875,16to32,1.0,0.02085183933377266,0.015696164220571518,0.01556125283241272,0.01556116808205843,0.015712453052401543,0.00013499613851308823,8.475035429000854e-08,0.00015128497034311295
29,1,233,29-1:233:18,inner_half,19.133514404296875,16to32,1.0,0.018103526905179024,0.01392991840839386,0.013863855972886086,0.01404018048197031,0.014019694179296494,-0.00011026207357645035,-0.0001763245090842247,-2.048630267381668e-05
29,1,233,29-1:233:29,all,22.715652465820312,16to32,1.0,0.013886082917451859,0.013238093815743923,0.013218970037996769,0.013116337358951569,0.01326349563896656,0.00012175645679235458,0.00010263267904520035,0.00014715828001499176
29,1,233,29-1:233:29,inner_half,22.715652465820312,16to32,1.0,0.02129245363175869,0.02098381146788597,0.02070675790309906,0.02049720659852028,0.020513001829385757,0.00048660486936569214,0.00020955130457878113,1.5795230865478516e-05
29,1,233,29-1:233:30,all,23.01007080078125,16to32,1.0,0.016567418351769447,0.014731284230947495,0.01438666321337223,0.014443440362811089,0.01464773714542389,0.00028784386813640594,-5.677714943885803e-05,0.0002042967826128006
29,1,233,29-1:233:30,inner_half,23.01007080078125,16to32,1.0,0.019881904125213623,0.016858328133821487,0.016498995944857597,0.016706697642803192,0.017045559361577034,0.0001516304910182953,-0.0002077016979455948,0.00033886171877384186
29,1,233,29-1:233:31,all,19.865966796875,16to32,1.0,0.019992569461464882,0.018058137968182564,0.018046949058771133,0.01805511675775051,0.018088750541210175,3.0212104320526123e-06,-8.167698979377747e-06,3.363378345966339e-05
29,1,233,29-1:233:31,inner_half,19.865966796875,16to32,1.0,0.019614925608038902,0.018312938511371613,0.018148623406887054,0.01831056736409664,0.01816464029252529,2.3711472749710083e-06,-0.0001619439572095871,-0.0001459270715713501
29,1,233,29-1:233:32,all,23.476776123046875,16to32,1.0,0.014731049537658691,0.015019121579825878,0.01498157437890768,0.015048626810312271,0.015256117098033428,-2.9505230486392975e-05,-6.70524314045906e-05,0.00020749028772115707
29,1,233,29-1:233:32,inner_half,23.476776123046875,16to32,1.0,0.01608728989958763,0.01601099967956543,0.016045786440372467,0.015954630449414253,0.01634794846177101,5.636923015117645e-05,9.11559909582138e-05,0.0003933180123567581
29,1,233,29-1:233:33,all,31.669158935546875,16to32,1.0,0.01618165150284767,0.013216400519013405,0.013123122975230217,0.01317116804420948,0.013241587206721306,4.523247480392456e-05,-4.8045068979263306e-05,7.041916251182556e-05
29,1,233,29-1:233:33,inner_half,31.669158935546875,16to32,1.0,0.01588882878422737,0.013245228677988052,0.013228634372353554,0.013305666856467724,0.013201567344367504,-6.043817847967148e-05,-7.703248411417007e-05,-0.00010409951210021973
29,1,233,29-1:233:34,all,23.9732666015625,16to32,1.0,0.017373837530612946,0.01625647023320198,0.016205502673983574,0.016363615170121193,0.016412710770964622,-0.00010714493691921234,-0.00015811249613761902,4.9095600843429565e-05
29,1,233,29-1:233:34,inner_half,23.9732666015625,16to32,1.0,0.016727544367313385,0.016016244888305664,0.01572367362678051,0.015757761895656586,0.015955407172441483,0.00025848299264907837,-3.4088268876075745e-05,0.00019764527678489685
29,1,233,29-1:233:35,all,23.8753662109375,16to32,1.0,0.02442125976085663,0.01624266430735588,0.016129473224282265,0.016022522002458572,0.01626354642212391,0.00022014230489730835,0.00010695122182369232,0.0002410244196653366
29,1,233,29-1:233:35,inner_half,23.8753662109375,16to32,1.0,0.02467459999024868,0.016996558755636215,0.01690233312547207,0.01702486164867878,0.017050910741090775,-2.8302893042564392e-05,-0.00012252852320671082,2.6049092411994934e-05
29,1,233,29-1:233:36,all,31.30853271484375,16to32,1.0,0.011966332793235779,0.01075565256178379,0.010777369141578674,0.010813206434249878,0.010677979327738285,-5.755387246608734e-05,-3.583729267120361e-05,-0.00013522710651159286
29,1,233,29-1:233:36,inner_half,31.30853271484375,16to32,1.0,0.0145212821662426,0.012867586687207222,0.013029209338128567,0.013119446113705635,0.013078637421131134,-0.0002518594264984131,-9.023677557706833e-05,-4.080869257450104e-05
29,1,233,29-1:233:37,all,19.8563232421875,16to32,1.0,0.012491043657064438,0.011696500703692436,0.011762906797230244,0.0116972541436553,0.011720949783921242,-7.534399628639221e-07,6.565265357494354e-05,2.369564026594162e-05
29,1,233,29-1:233:37,inner_half,19.8563232421875,16to32,1.0,0.016533780843019485,0.015749303624033928,0.015873270109295845,0.015494812279939651,0.015548445284366608,0.00025449134409427643,0.00037845782935619354,5.363300442695618e-05
29,1,233,29-1:233:38,all,19.440185546875,16to32,1.0,0.012807105667889118,0.012524973601102829,0.012717940844595432,0.012689687311649323,0.012364382855594158,-0.00016471371054649353,2.8253532946109772e-05,-0.00032530445605516434
29,1,233,29-1:233:38,inner_half,19.440185546875,16to32,1.0,0.016532132402062416,0.017457274720072746,0.017368772998452187,0.017170509323477745,0.016938354820013046,0.0002867653965950012,0.00019826367497444153,-0.0002321545034646988
29,1,233,29-1:233:39,all,20.2384033203125,16to32,1.0,0.014999771490693092,0.014373857527971268,0.014309275895357132,0.014254273846745491,0.01429638173431158,0.00011958368122577667,5.500204861164093e-05,4.210788756608963e-05
29,1,233,29-1:233:39,inner_half,20.2384033203125,16to32,1.0,0.017081569880247116,0.01643664948642254,0.016603577882051468,0.016467005014419556,0.016034116968512535,-3.0355527997016907e-05,0.00013657286763191223,-0.00043288804590702057
29,1,233,29-1:233:40,all,15.69921875,lt16,1.0,0.015152055770158768,0.014581549912691116,0.01450216956436634,0.014550727792084217,0.014629704877734184,3.082212060689926e-05,-4.8558227717876434e-05,7.89770856499672e-05
29,1,233,29-1:233:40,inner_half,15.69921875,lt16,1.0,0.01673787459731102,0.016368191689252853,0.016381755471229553,0.016326863318681717,0.016625698655843735,4.1328370571136475e-05,5.4892152547836304e-05,0.0002988353371620178
29,1,233,29-1:233:41,all,18.70355224609375,16to32,1.0,0.016976546496152878,0.015329469926655293,0.015407104045152664,0.015506405383348465,0.015018592588603497,-0.00017693545669317245,-9.930133819580078e-05,-0.0004878127947449684
29,1,233,29-1:233:41,inner_half,18.70355224609375,16to32,1.0,0.019602976739406586,0.016106020659208298,0.01568172499537468,0.015858348459005356,0.015341084450483322,0.0002476722002029419,-0.00017662346363067627,-0.0005172640085220337
29,1,233,29-1:233:42,all,22.840576171875,16to32,1.0,0.011396336369216442,0.010560709983110428,0.011049110442399979,0.010964447632431984,0.010647723451256752,-0.0004037376493215561,8.466280996799469e-05,-0.00031672418117523193
29,1,233,29-1:233:42,inner_half,22.840576171875,16to32,1.0,0.0160081647336483,0.015870001167058945,0.01606818474829197,0.015616465359926224,0.015699639916419983,0.00025353580713272095,0.00045171938836574554,8.317455649375916e-05
29,1,233,29-1:233:43,all,26.694732666015625,16to32,1.0,0.018061790615320206,0.015251075848937035,0.015072941780090332,0.015022628009319305,0.015149205923080444,0.0002284478396177292,5.031377077102661e-05,0.00012657791376113892
29,1,233,29-1:233:43,inner_half,26.694732666015625,16to32,1.0,0.02405882254242897,0.01931704767048359,0.01953418180346489,0.01942850649356842,0.019333941861987114,-0.00011145882308483124,0.00010567530989646912,-9.456463158130646e-05
29,1,233,29-1:233:44,all,22.478485107421875,16to32,1.0,0.013485626317560673,0.012437071651220322,0.012294790707528591,0.012244027107954025,0.012506617233157158,0.0001930445432662964,5.076359957456589e-05,0.00026259012520313263
29,1,233,29-1:233:44,inner_half,22.478485107421875,16to32,1.0,0.016190018504858017,0.015017145313322544,0.014846106059849262,0.014850933104753494,0.0148981474339962,0.00016621220856904984,-4.827044904232025e-06,4.72143292427063e-05
29,1,233,29-1:233:45,all,16.4412841796875,16to32,1.0,0.015697678551077843,0.015085996128618717,0.014984454959630966,0.014931119047105312,0.015023848973214626,0.00015487708151340485,5.333591252565384e-05,9.272992610931396e-05
29,1,233,29-1:233:45,inner_half,16.4412841796875,16to32,1.0,0.018206149339675903,0.017843089997768402,0.0178681630641222,0.017817439511418343,0.017794860526919365,2.565048635005951e-05,5.072355270385742e-05,-2.257898449897766e-05
29,1,233,29-1:233:46,all,18.8016357421875,16to32,1.0,0.013899426907300949,0.01241071242839098,0.01199338398873806,0.012052325531840324,0.012294581159949303,0.00035838689655065536,-5.8941543102264404e-05,0.00024225562810897827
29,1,233,29-1:233:46,inner_half,18.8016357421875,16to32,1.0,0.018878735601902008,0.01754334196448326,0.01731095090508461,0.017386965453624725,0.017692917957901955,0.00015637651085853577,-7.601454854011536e-05,0.0003059525042772293
29,1,233,29-1:233:47,all,15.63494873046875,lt16,1.0,0.021283786743879318,0.017631715163588524,0.01745883747935295,0.01759503409266472,0.017604254186153412,3.668107092380524e-05,-0.00013619661331176758,9.220093488693237e-06
29,1,233,29-1:233:47,inner_half,15.63494873046875,lt16,1.0,0.022797947749495506,0.018556542694568634,0.018536517396569252,0.01845025084912777,0.018749702721834183,0.00010629184544086456,8.626654744148254e-05,0.00029945187270641327
29,1,233,29-1:233:48,all,22.55516529083252,16to32,1.0,0.018395859748125076,0.0140543133020401,0.014223935082554817,0.014157968573272228,0.013799216598272324,-0.00010365527123212814,6.596650928258896e-05,-0.00035875197499990463
29,1,233,29-1:233:48,inner_half,22.55516529083252,16to32,1.0,0.017478473484516144,0.015101076103746891,0.015280969440937042,0.015127444639801979,0.015166119672358036,-2.6368536055088043e-05,0.00015352480113506317,3.8675032556056976e-05
29,1,233,29-1:233:49,all,17.609130859375,16to32,1.0,0.011491390876471996,0.010591560043394566,0.010608384385704994,0.010615020990371704,0.010506957769393921,-2.346094697713852e-05,-6.6366046667099e-06,-0.0001080632209777832
29,1,233,29-1:233:49,inner_half,17.609130859375,16to32,1.0,0.008863563649356365,0.008422592654824257,0.008607152849435806,0.008593430742621422,0.008426642045378685,-0.00017083808779716492,1.372210681438446e-05,-0.00016678869724273682
29,1,233,29-1:233:50,all,14.9405517578125,lt16,1.0,0.009477208368480206,0.009077243506908417,0.009077329188585281,0.00906352698802948,0.009000975638628006,1.3716518878936768e-05,1.3802200555801392e-05,-6.2551349401474e-05
29,1,233,29-1:233:50,inner_half,14.9405517578125,lt16,1.0,0.008476784452795982,0.008330201730132103,0.008317036554217339,0.008286479860544205,0.008205678313970566,4.3721869587898254e-05,3.055669367313385e-05,-8.080154657363892e-05
29,1,233,29-1:233:51,all,18.82598876953125,16to32,1.0,0.018395937979221344,0.016824472695589066,0.016606125980615616,0.01677658222615719,0.01672038435935974,4.7890469431877136e-05,-0.00017045624554157257,-5.6197866797447205e-05
29,1,233,29-1:233:51,inner_half,18.82598876953125,16to32,1.0,0.022412173449993134,0.02129289321601391,0.02106967568397522,0.02111998200416565,0.021080706268548965,0.00017291121184825897,-5.030632019042969e-05,-3.927573561668396e-05
29,1,233,29-1:233:52,all,22.586151123046875,16to32,1.0,0.017078330740332603,0.01619878225028515,0.016070004552602768,0.01608038693666458,0.016151193529367447,0.00011839531362056732,-1.0382384061813354e-05,7.08065927028656e-05
29,1,233,29-1:233:52,inner_half,22.586151123046875,16to32,1.0,0.017586445435881615,0.01710669882595539,0.01670757494866848,0.016750797629356384,0.016911502927541733,0.00035590119659900665,-4.322268068790436e-05,0.0001607052981853485
29,1,233,29-1:233:53,all,17.0286865234375,16to32,1.0,0.009223096072673798,0.0088098905980587,0.008774597197771072,0.008780431002378464,0.008789261803030968,2.9459595680236816e-05,-5.833804607391357e-06,8.830800652503967e-06
29,1,233,29-1:233:53,inner_half,17.0286865234375,16to32,1.0,0.008115164004266262,0.007837232202291489,0.007826263085007668,0.00785725936293602,0.007757866755127907,-2.002716064453125e-05,-3.0996277928352356e-05,-9.93926078081131e-05
29,1,233,29-1:233:54,all,14.846923828125,lt16,1.0,0.009716428816318512,0.008983917534351349,0.008934919722378254,0.008924403227865696,0.008990943431854248,5.9514306485652924e-05,1.0516494512557983e-05,6.65402039885521e-05
29,1,233,29-1:233:54,inner_half,14.846923828125,lt16,1.0,0.011266632005572319,0.010482230223715305,0.01046407874673605,0.010473892092704773,0.010552839376032352,8.338131010532379e-06,-9.813345968723297e-06,7.89472833275795e-05
29,1,233,29-1:233:56,all,18.8746337890625,16to32,1.0,0.01471533253788948,0.013754885643720627,0.013803934678435326,0.013832716271281242,0.013951590284705162,-7.783062756061554e-05,-2.8781592845916748e-05,0.00011887401342391968
29,1,233,29-1:233:56,inner_half,18.8746337890625,16to32,1.0,0.02098877727985382,0.019386062398552895,0.019515492022037506,0.019436568021774292,0.019918983802199364,-5.05056232213974e-05,7.892400026321411e-05,0.0004824157804250717
29,1,233,29-1:233:63,all,55.37481689453125,ge32,0.8125,0.09167980402708054,0.013591887429356575,0.03416169062256813,0.014387919567525387,0.021411817520856857,-0.0007960321381688118,0.019773771055042744,0.0070238979533314705
29,1,233,29-1:233:63,inner_half,55.37481689453125,ge32,1.0,0.10424227267503738,0.0094062564894557,0.02912643924355507,0.009820639155805111,0.01632162183523178,-0.000414382666349411,0.019305800087749958,0.00650098267942667
29,1,233,29-1:233:64,all,66.55653381347656,ge32,1.0,0.018735390156507492,0.015125539153814316,0.014523135498166084,0.014864088036119938,0.015121459029614925,0.0002614511176943779,-0.0003409525379538536,0.0002573709934949875
29,1,233,29-1:233:64,inner_half,66.55653381347656,ge32,1.0,0.01932811737060547,0.013506660237908363,0.012556007131934166,0.014056771993637085,0.013625416904687881,-0.0005501117557287216,-0.001500764861702919,-0.0004313550889492035
29,1,233,29-1:233:65,all,57.7652587890625,ge32,1.0,0.016395781189203262,0.010222995653748512,0.010311697609722614,0.011057241819798946,0.010457687079906464,-0.0008342461660504341,-0.0007455442100763321,-0.0005995547398924828
29,1,233,29-1:233:65,inner_half,57.7652587890625,ge32,1.0,0.018140647560358047,0.011622471734881401,0.01110054086893797,0.012058574706315994,0.011552242562174797,-0.0004361029714345932,-0.0009580338373780251,-0.0005063321441411972
29,1,233,29-1:233:66,all,51.8184814453125,ge32,0.8515625,0.1921309381723404,0.01882166974246502,0.08393512666225433,0.026238562539219856,0.04662349075078964,-0.007416892796754837,0.05769656412303448,0.020384928211569786
29,1,233,29-1:233:66,inner_half,51.8184814453125,ge32,1.0,0.20576399564743042,0.01880357787013054,0.12214717268943787,0.016099795699119568,0.026753949001431465,0.002703782171010971,0.1060473769903183,0.010654153302311897
29,1,233,29-1:233:67,all,59.2811279296875,ge32,1.0,0.01791408285498619,0.01535338256508112,0.013201499357819557,0.013378247618675232,0.016053352504968643,0.0019751349464058876,-0.00017674826085567474,0.0026751048862934113
29,1,233,29-1:233:67,inner_half,59.2811279296875,ge32,1.0,0.016760457307100296,0.013546972535550594,0.01376500353217125,0.013846921734511852,0.013900358229875565,-0.00029994919896125793,-8.191820234060287e-05,5.343649536371231e-05
29,1,233,29-1:233:68,all,63.93958330154419,ge32,1.0,0.0152555787935853,0.014562046155333519,0.014556445181369781,0.014556698501110077,0.014438259415328503,5.347654223442078e-06,-2.5331974029541016e-07,-0.00011843908578157425
29,1,233,29-1:233:68,inner_half,63.93958330154419,ge32,1.0,0.015734583139419556,0.014145515859127045,0.014025918208062649,0.014325190335512161,0.01419902965426445,-0.00017967447638511658,-0.0002992721274495125,-0.00012616068124771118
29,1,233,29-1:233:69,all,56.006195068359375,ge32,0.625,0.2845880687236786,0.029055465012788773,0.05557505041360855,0.03269695118069649,0.03553853929042816,-0.003641486167907715,0.022878099232912064,0.002841588109731674
29,1,233,29-1:233:69,inner_half,56.006195068359375,ge32,1.0,0.28172993659973145,0.03401724994182587,0.05534684285521507,0.033939577639102936,0.03501289710402489,7.767230272293091e-05,0.021407265216112137,0.0010733194649219513
29,1,233,29-1:233:70,all,50.56640625,ge32,0.73046875,0.3089239001274109,0.017896827310323715,0.056118257343769073,0.020740795880556107,0.03831423074007034,-0.0028439685702323914,0.03537746146321297,0.017573434859514236
29,1,233,29-1:233:70,inner_half,50.56640625,ge32,1.0,0.3513939380645752,0.019684478640556335,0.05507362261414528,0.019785486161708832,0.05242620408535004,-0.00010100752115249634,0.03528813645243645,0.032640717923641205
29,1,233,29-1:233:71,all,48.248992919921875,ge32,1.0,0.020273003727197647,0.01316178310662508,0.012715831398963928,0.012650922872126102,0.013237522915005684,0.0005108602344989777,6.490852683782578e-05,0.0005866000428795815
29,1,233,29-1:233:71,inner_half,48.248992919921875,ge32,1.0,0.020977064967155457,0.0111747607588768,0.01122707687318325,0.010461205616593361,0.011625759303569794,0.0007135551422834396,0.0007658712565898895,0.0011645536869764328
29,1,233,29-1:233:72,all,52.3748779296875,ge32,1.0,0.021728189662098885,0.014450682327151299,0.01493779569864273,0.014055553823709488,0.015560800209641457,0.0003951285034418106,0.0008822418749332428,0.0015052463859319687
29,1,233,29-1:233:72,inner_half,52.3748779296875,ge32,1.0,0.021298620849847794,0.011975637637078762,0.0127598587423563,0.011918231844902039,0.012603162787854671,5.740579217672348e-05,0.0008416268974542618,0.0006849309429526329
29,1,233,29-1:233:73,all,54.27960968017578,ge32,1.0,0.013114522211253643,0.012846769765019417,0.012601086869835854,0.012466317042708397,0.012679193168878555,0.0003804527223110199,0.00013476982712745667,0.00021287612617015839
29,1,233,29-1:233:73,inner_half,54.27960968017578,ge32,1.0,0.01248915120959282,0.012157289311289787,0.011968197301030159,0.011816487647593021,0.01128360815346241,0.0003408016636967659,0.0001517096534371376,-0.0005328794941306114
29,1,233,29-1:233:74,all,47.03143310546875,ge32,0.953125,0.24276989698410034,0.01283800695091486,0.012013629078865051,0.012527292594313622,0.014553423039615154,0.00031071435660123825,-0.0005136635154485703,0.0020261304453015327
29,1,233,29-1:233:74,inner_half,47.03143310546875,ge32,1.0,0.3060299754142761,0.008839761838316917,0.009595364332199097,0.009566301479935646,0.01125882938504219,-0.0007265396416187286,2.9062852263450623e-05,0.0016925279051065445
29,1,233,29-1:233:75,all,51.1239013671875,ge32,1.0,0.011639873497188091,0.009938513860106468,0.009607886895537376,0.009493615478277206,0.010159587487578392,0.0004448983818292618,0.00011427141726016998,0.0006659720093011856
29,1,233,29-1:233:75,inner_half,51.1239013671875,ge32,1.0,0.007509598974138498,0.0063989185728132725,0.006171614862978458,0.006407456006854773,0.006500565446913242,-8.537434041500092e-06,-0.00023584114387631416,9.310944005846977e-05
29,1,233,29-1:233:76,all,45.64544677734375,ge32,1.0,0.0110840555280447,0.010740134865045547,0.010576586239039898,0.010738719254732132,0.010692082345485687,1.4156103134155273e-06,-0.00016213301569223404,-4.66369092464447e-05
29,1,233,29-1:233:76,inner_half,45.64544677734375,ge32,1.0,0.010282391682267189,0.0100876335054636,0.010043534450232983,0.01017514057457447,0.010005176067352295,-8.750706911087036e-05,-0.00013160612434148788,-0.0001699645072221756
29,1,233,29-1:233:77,all,55.36224365234375,ge32,1.0,0.015127015300095081,0.010084419511258602,0.009581062942743301,0.009428421035408974,0.010118905454874039,0.0006559984758496284,0.0001526419073343277,0.000690484419465065
29,1,233,29-1:233:77,inner_half,55.36224365234375,ge32,1.0,0.006814594380557537,0.005778194405138493,0.005872120149433613,0.005785333923995495,0.005825206637382507,-7.139518857002258e-06,8.678622543811798e-05,3.987271338701248e-05
29,1,233,29-1:233:78,all,48.62640380859375,ge32,0.8359375,0.1387421190738678,0.016436614096164703,0.04229237511754036,0.017931843176484108,0.03158494830131531,-0.0014952290803194046,0.02436053194105625,0.0136531051248312
29,1,233,29-1:233:78,inner_half,48.62640380859375,ge32,1.0,0.15743422508239746,0.01817738637328148,0.050870850682258606,0.018130170181393623,0.029653392732143402,4.721619188785553e-05,0.03274068050086498,0.011523222550749779
29,1,233,29-1:233:79,all,50.195770263671875,ge32,1.0,0.012107426300644875,0.011666616424918175,0.011237489990890026,0.011335579678416252,0.011748770251870155,0.0003310367465019226,-9.808968752622604e-05,0.0004131905734539032
29,1,233,29-1:233:79,inner_half,50.195770263671875,ge32,1.0,0.015160055831074715,0.014049096032977104,0.013877063058316708,0.014043054543435574,0.014050533063709736,6.041489541530609e-06,-0.00016599148511886597,7.4785202741622925e-06
29,1,233,29-1:233:80,all,46.8197021484375,ge32,0.875,0.17966075241565704,0.013548010028898716,0.03453737869858742,0.017226824536919594,0.023278474807739258,-0.003678814508020878,0.017310554161667824,0.006051650270819664
29,1,233,29-1:233:80,inner_half,46.8197021484375,ge32,1.0,0.218282088637352,0.009314106777310371,0.03043236956000328,0.013921082019805908,0.015213154256343842,-0.004606975242495537,0.016511287540197372,0.0012920722365379333
29,1,233,29-1:233:81,all,47.855987548828125,ge32,1.0,0.00931391492486,0.008212519809603691,0.008175789378583431,0.008168449625372887,0.008326716721057892,4.407018423080444e-05,7.339753210544586e-06,0.0001582670956850052
29,1,233,29-1:233:81,inner_half,47.855987548828125,ge32,1.0,0.009021634235978127,0.0076528326608240604,0.007634740322828293,0.007635179907083511,0.007693243678659201,1.7652753740549088e-05,-4.3958425521850586e-07,5.8063771575689316e-05
29,1,233,29-1:233:82,all,51.650604248046875,ge32,1.0,0.012288516387343407,0.011386183090507984,0.011269648559391499,0.01125863753259182,0.011376120150089264,0.0001275455579161644,1.1011026799678802e-05,0.00011748261749744415
29,1,233,29-1:233:82,inner_half,51.650604248046875,ge32,1.0,0.014610078185796738,0.013013732619583607,0.013150244019925594,0.01312160212546587,0.013451570644974709,-0.00010786950588226318,2.8641894459724426e-05,0.00032996851950883865
29,1,233,29-1:233:83,all,42.72222900390625,ge32,1.0,0.01336616463959217,0.012014416046440601,0.012314745225012302,0.012234432622790337,0.012138216756284237,-0.00022001657634973526,8.031260222196579e-05,-9.62158665060997e-05
29,1,233,29-1:233:83,inner_half,42.72222900390625,ge32,1.0,0.00661411602050066,0.007096752058714628,0.0071272896602749825,0.007126730866730213,0.007111452519893646,-2.9978808015584946e-05,5.587935447692871e-07,-1.5278346836566925e-05
29,1,233,29-1:233:84,all,46.744873046875,ge32,1.0,0.021498529240489006,0.0124343978241086,0.012496265582740307,0.012419663369655609,0.01303129456937313,1.4734454452991486e-05,7.660221308469772e-05,0.0006116311997175217
29,1,233,29-1:233:84,inner_half,46.744873046875,ge32,1.0,0.0379863902926445,0.014388780109584332,0.014629987068474293,0.014563806354999542,0.014990809373557568,-0.00017502624541521072,6.618071347475052e-05,0.00042700301855802536
29,1,233,29-1:233:85,all,42.04436492919922,ge32,1.0,0.011055616661906242,0.010864118114113808,0.010927671566605568,0.010690996423363686,0.01085390243679285,0.00017312169075012207,0.00023667514324188232,0.0001629060134291649
29,1,233,29-1:233:85,inner_half,42.04436492919922,ge32,1.0,0.009824087843298912,0.010721981525421143,0.010779546573758125,0.010661187581717968,0.010852789506316185,6.079394370317459e-05,0.00011835899204015732,0.000191601924598217
29,1,233,29-1:233:86,all,43.545196533203125,ge32,1.0,0.012294306419789791,0.011015839874744415,0.010766616091132164,0.011168891564011574,0.01152646541595459,-0.0001530516892671585,-0.0004022754728794098,0.00035757385194301605
29,1,233,29-1:233:86,inner_half,43.545196533203125,ge32,1.0,0.012493658810853958,0.01016173791140318,0.010479817166924477,0.010639846324920654,0.010954038240015507,-0.00047810841351747513,-0.00016002915799617767,0.00031419191509485245
29,1,233,29-1:233:87,all,26.9688720703125,16to32,1.0,0.014242938719689846,0.013468953780829906,0.013681359589099884,0.013632586225867271,0.013485031202435493,-0.00016363244503736496,4.877336323261261e-05,-0.00014755502343177795
29,1,233,29-1:233:87,inner_half,26.9688720703125,16to32,1.0,0.009710933081805706,0.008841421455144882,0.009014353156089783,0.008894557133316994,0.008733311668038368,-5.313567817211151e-05,0.000119796022772789,-0.0001612454652786255
29,1,233,29-1:233:88,all,27.23291015625,16to32,1.0,0.017469234764575958,0.014503654092550278,0.014983831904828548,0.014904750511050224,0.014704227447509766,-0.0004010964184999466,7.908139377832413e-05,-0.00020052306354045868
29,1,233,29-1:233:88,inner_half,27.23291015625,16to32,1.0,0.009729880839586258,0.00885823369026184,0.009082010015845299,0.009084781631827354,0.009132572449743748,-0.0002265479415655136,-2.771615982055664e-06,4.779081791639328e-05
29,1,233,29-1:233:89,all,30.8173828125,16to32,1.0,0.014723414555191994,0.013079309836030006,0.013292429968714714,0.013057012110948563,0.012842943891882896,2.2297725081443787e-05,0.00023541785776615143,-0.0002140682190656662
29,1,233,29-1:233:89,inner_half,30.8173828125,16to32,1.0,0.01257866807281971,0.01024555042386055,0.009938320145010948,0.009967461228370667,0.009848023764789104,0.0002780891954898834,-2.9141083359718323e-05,-0.00011943746358156204
29,1,233,29-1:233:90,all,50.3643798828125,ge32,1.0,0.009457611478865147,0.00830663088709116,0.007501107174903154,0.0076063270680606365,0.008515700697898865,0.0007003038190305233,-0.00010521989315748215,0.0009093736298382282
29,1,233,29-1:233:90,inner_half,50.3643798828125,ge32,1.0,0.007864720188081264,0.007486382033675909,0.007175581529736519,0.006914785131812096,0.00837962981313467,0.0005715969018638134,0.0002607963979244232,0.0014648446813225746
29,1,233,29-1:233:91,all,46.1689453125,ge32,0.75,0.06440816074609756,0.022907480597496033,0.03949488326907158,0.015469067730009556,0.023173168301582336,0.007438412867486477,0.024025815539062023,0.007704100571572781
29,1,233,29-1:233:91,inner_half,46.1689453125,ge32,1.0,0.05160648375749588,0.012307780794799328,0.023302486166357994,0.011433900333940983,0.015765640884637833,0.000873880460858345,0.011868585832417011,0.00433174055069685
29,1,233,29-1:233:92,all,40.652008056640625,ge32,1.0,0.010584723204374313,0.010038468055427074,0.010027334094047546,0.010216861963272095,0.010140862315893173,-0.0001783939078450203,-0.00018952786922454834,-7.599964737892151e-05
29,1,233,29-1:233:92,inner_half,40.652008056640625,ge32,1.0,0.012223146855831146,0.011978107504546642,0.01180611364543438,0.012361493892967701,0.012245485559105873,-0.00038338638842105865,-0.0005553802475333214,-0.00011600833386182785
29,1,233,29-1:233:93,all,33.6829833984375,ge32,0.609375,0.24648502469062805,0.012406994588673115,0.11301001161336899,0.02887886017560959,0.09647797048091888,-0.016471865586936474,0.0841311514377594,0.0675991103053093
29,1,233,29-1:233:93,inner_half,33.6829833984375,ge32,0.984375,0.3754202127456665,0.01531708799302578,0.14900945127010345,0.021676626056432724,0.1367006152868271,-0.006359538063406944,0.12733282521367073,0.11502398923039436
29,1,233,29-1:233:94,all,15.611295700073242,lt16,1.0,0.0171922966837883,0.012262098491191864,0.01206456683576107,0.011974903754889965,0.01227177307009697,0.00028719473630189896,8.96630808711052e-05,0.00029686931520700455
29,1,233,29-1:233:94,inner_half,15.611295700073242,lt16,1.0,0.02347876876592636,0.015112405642867088,0.01497984305024147,0.014650273136794567,0.015054082497954369,0.0004621325060725212,0.00032956991344690323,0.0004038093611598015
29,1,467,29-1:467:0,all,24.6708984375,16to32,0.7421875,0.039511099457740784,0.039692752063274384,0.039661020040512085,0.03944544866681099,0.03946512192487717,0.00024730339646339417,0.00021557137370109558,1.9673258066177368e-05
29,1,467,29-1:467:0,inner_half,24.6708984375,16to32,0.421875,0.07254292070865631,0.071415014564991,0.07141052186489105,0.0709315836429596,0.07080899178981781,0.0004834309220314026,0.0004789382219314575,-0.00012259185314178467
29,1,467,29-1:467:1,all,30.8114013671875,16to32,1.0,0.017289776355028152,0.015134229324758053,0.015282370150089264,0.015253731049597263,0.015299448743462563,-0.00011950172483921051,2.863910049200058e-05,4.5717693865299225e-05
29,1,467,29-1:467:1,inner_half,30.8114013671875,16to32,1.0,0.024210292845964432,0.021778201684355736,0.021847374737262726,0.0216524600982666,0.021431539207696915,0.00012574158608913422,0.00019491463899612427,-0.0002209208905696869
29,1,467,29-1:467:2,all,26.724029541015625,16to32,0.71484375,0.10762637853622437,0.04939961060881615,0.07054261863231659,0.041013963520526886,0.079440176486969,0.00838564708828926,0.029528655111789703,0.03842621296644211
29,1,467,29-1:467:2,inner_half,26.724029541015625,16to32,0.796875,0.21983814239501953,0.07152727246284485,0.12154781073331833,0.06862655282020569,0.11762358248233795,0.00290071964263916,0.05292125791311264,0.04899702966213226
29,1,467,29-1:467:3,all,26.982467651367188,16to32,1.0,0.03649243712425232,0.034989677369594574,0.034390971064567566,0.03400816768407822,0.03676047921180725,0.0009815096855163574,0.00038280338048934937,0.0027523115277290344
29,1,467,29-1:467:3,inner_half,26.982467651367188,16to32,1.0,0.05851668119430542,0.050925541669130325,0.052050720900297165,0.049863051623106,0.05542772263288498,0.0010624900460243225,0.002187669277191162,0.0055646710097789764
29,1,467,29-1:467:4,all,24.2479248046875,16to32,1.0,0.043674811720848083,0.04297382012009621,0.04211091622710228,0.040813542902469635,0.04244976118206978,0.0021602772176265717,0.0012973733246326447,0.0016362182796001434
29,1,467,29-1:467:4,inner_half,24.2479248046875,16to32,1.0,0.07584673166275024,0.07433559000492096,0.07289381325244904,0.07009939849376678,0.07281583547592163,0.004236191511154175,0.002794414758682251,0.002716436982154846
29,1,467,29-1:467:5,all,20.03558349609375,16to32,1.0,0.018967419862747192,0.015327025204896927,0.017002083361148834,0.017111625522375107,0.017167501151561737,-0.00178460031747818,-0.00010954216122627258,5.587562918663025e-05
29,1,467,29-1:467:5,inner_half,20.03558349609375,16to32,1.0,0.02111377939581871,0.018443012610077858,0.019407344982028008,0.020508073270320892,0.02124737575650215,-0.0020650606602430344,-0.0011007282882928848,0.0007393024861812592
29,1,467,29-1:467:6,all,19.2510986328125,16to32,1.0,0.02077680639922619,0.020226119086146355,0.020684724673628807,0.02099682204425335,0.020857688039541245,-0.0007707029581069946,-0.00031209737062454224,-0.0001391340047121048
29,1,467,29-1:467:6,inner_half,19.2510986328125,16to32,1.0,0.020252201706171036,0.016349859535694122,0.016287988051772118,0.01668902486562729,0.017575353384017944,-0.0003391653299331665,-0.0004010368138551712,0.0008863285183906555
29,1,467,29-1:467:7,all,19.498779296875,16to32,1.0,0.013502632267773151,0.013663537800312042,0.013688599690794945,0.013614150695502758,0.013559557497501373,4.938710480928421e-05,7.444899529218674e-05,-5.4593198001384735e-05
29,1,467,29-1:467:7,inner_half,19.498779296875,16to32,1.0,0.014911927282810211,0.015521679073572159,0.015528080984950066,0.015638722106814384,0.01545148715376854,-0.00011704303324222565,-0.00011064112186431885,-0.00018723495304584503
29,1,467,29-1:467:8,all,29.22686767578125,16to32,0.6875,0.09854108840227127,0.0984969213604927,0.0824907049536705,0.031286370009183884,0.07738667726516724,0.06721055135130882,0.05120433494448662,0.04610030725598335
29,1,467,29-1:467:8,inner_half,29.22686767578125,16to32,0.734375,0.17875610291957855,0.17514969408512115,0.14262470602989197,0.03686020150780678,0.12488313764333725,0.13828949257731438,0.10576450452208519,0.08802293613553047
29,1,467,29-1:467:9,all,23.13983154296875,16to32,1.0,0.012790165841579437,0.012262925505638123,0.012250687927007675,0.01217287965118885,0.01244987454265356,9.004585444927216e-05,7.780827581882477e-05,0.00027699489146471024
29,1,467,29-1:467:9,inner_half,23.13983154296875,16to32,1.0,0.01584766060113907,0.01511085033416748,0.015055999159812927,0.014849336817860603,0.015477239154279232,0.00026151351630687714,0.00020666234195232391,0.0006279023364186287
29,1,467,29-1:467:10,all,23.6109619140625,16to32,1.0,0.010124176740646362,0.00962084624916315,0.009667196311056614,0.009729952551424503,0.009731167927384377,-0.00010910630226135254,-6.27562403678894e-05,1.2153759598731995e-06
29,1,467,29-1:467:10,inner_half,23.6109619140625,16to32,1.0,0.014933986589312553,0.015466628596186638,0.015106583014130592,0.015417681075632572,0.015492357313632965,4.8947520554065704e-05,-0.00031109806150197983,7.467623800039291e-05
29,1,467,29-1:467:11,all,23.5836181640625,16to32,1.0,0.03640462085604668,0.03720365837216377,0.03709283471107483,0.03632239252328873,0.03715996444225311,0.0008812658488750458,0.0007704421877861023,0.000837571918964386
29,1,467,29-1:467:11,inner_half,23.5836181640625,16to32,1.0,0.09157159179449081,0.09385617077350616,0.09338177740573883,0.09072644263505936,0.09369718283414841,0.003129728138446808,0.002655334770679474,0.0029707401990890503
29,1,467,29-1:467:12,all,18.931884765625,16to32,1.0,0.013378169387578964,0.013860777020454407,0.014062768779695034,0.014099226333200932,0.014100279659032822,-0.0002384493127465248,-3.645755350589752e-05,1.0533258318901062e-06
29,1,467,29-1:467:12,inner_half,18.931884765625,16to32,1.0,0.012036990374326706,0.01310797967016697,0.013158483430743217,0.013733888044953346,0.013072513975203037,-0.000625908374786377,-0.0005754046142101288,-0.000661374069750309
29,1,467,29-1:467:13,all,19.717529296875,16to32,1.0,0.013300209306180477,0.012681515887379646,0.012701716274023056,0.012650733813643456,0.012708652764558792,3.0782073736190796e-05,5.0982460379600525e-05,5.791895091533661e-05
29,1,467,29-1:467:13,inner_half,19.717529296875,16to32,1.0,0.014354093000292778,0.013795002363622189,0.013831265270709991,0.013775695115327835,0.01395439263433218,1.9307248294353485e-05,5.557015538215637e-05,0.00017869751900434494
29,1,467,29-1:467:14,all,19.010009765625,16to32,1.0,0.012956955470144749,0.01245879102498293,0.012503550387918949,0.012416481040418148,0.012562790885567665,4.230998456478119e-05,8.706934750080109e-05,0.00014630984514951706
29,1,467,29-1:467:14,inner_half,19.010009765625,16to32,1.0,0.017620868980884552,0.016807924956083298,0.016860146075487137,0.016682125627994537,0.017265670001506805,0.00012579932808876038,0.0001780204474925995,0.0005835443735122681
29,1,467,29-1:467:15,all,18.808349609375,16to32,1.0,0.01644112728536129,0.016578979790210724,0.016431376338005066,0.0166308730840683,0.016493095085024834,-5.189329385757446e-05,-0.00019949674606323242,-0.00013777799904346466
29,1,467,29-1:467:15,inner_half,18.808349609375,16to32,1.0,0.020556941628456116,0.02186991646885872,0.02180086262524128,0.022239599376916885,0.021980000659823418,-0.0003696829080581665,-0.0004387367516756058,-0.0002595987170934677
29,1,467,29-1:467:16,all,20.059326171875,16to32,1.0,0.012403709813952446,0.012424323707818985,0.01222449541091919,0.012150503695011139,0.012383210472762585,0.00027382001280784607,7.399171590805054e-05,0.00023270677775144577
29,1,467,29-1:467:16,inner_half,20.059326171875,16to32,1.0,0.01596805453300476,0.016163265332579613,0.01558305136859417,0.015250050462782383,0.015479371882975101,0.0009132148697972298,0.00033300090581178665,0.0002293214201927185
29,1,467,29-1:467:17,all,18.81396484375,16to32,1.0,0.01587444171309471,0.01562615856528282,0.015586623921990395,0.015602056868374348,0.01563706248998642,2.410169690847397e-05,-1.5432946383953094e-05,3.500562161207199e-05
29,1,467,29-1:467:17,inner_half,18.81396484375,16to32,1.0,0.019224580377340317,0.01839859038591385,0.01831960305571556,0.018434613943099976,0.018504545092582703,-3.602355718612671e-05,-0.00011501088738441467,6.993114948272705e-05
29,1,467,29-1:467:18,all,23.4830322265625,16to32,1.0,0.008548901416361332,0.008024423383176327,0.007994718849658966,0.008007229305803776,0.008096184581518173,1.7194077372550964e-05,-1.2510456144809723e-05,8.895527571439743e-05
29,1,467,29-1:467:18,inner_half,23.4830322265625,16to32,1.0,0.007853589951992035,0.0067910198122262955,0.006770774256438017,0.006765867583453655,0.006785514764487743,2.5152228772640228e-05,4.9066729843616486e-06,1.9647181034088135e-05
29,1,467,29-1:467:19,all,22.7828369140625,16to32,1.0,0.008413093164563179,0.008132735267281532,0.00804588571190834,0.008046159520745277,0.008091121912002563,8.657574653625488e-05,-2.738088369369507e-07,4.496239125728607e-05
29,1,467,29-1:467:19,inner_half,22.7828369140625,16to32,1.0,0.009146098978817463,0.008475130423903465,0.008407213725149632,0.008458994328975677,0.008489711210131645,1.613609492778778e-05,-5.178060382604599e-05,3.071688115596771e-05
29,1,467,29-1:467:20,all,15.640869140625,lt16,1.0,0.008330201730132103,0.007501739542931318,0.007419845554977655,0.007465936243534088,0.007420793175697327,3.580329939723015e-05,-4.6090688556432724e-05,-4.5143067836761475e-05
29,1,467,29-1:467:20,inner_half,15.640869140625,lt16,1.0,0.009966663084924221,0.009140793234109879,0.009016687981784344,0.009091386571526527,0.009171850048005581,4.9406662583351135e-05,-7.469858974218369e-05,8.04634764790535e-05
29,1,467,29-1:467:31,all,21.433868408203125,16to32,1.0,0.01644396036863327,0.015418252907693386,0.015423533506691456,0.015445927157998085,0.015418946743011475,-2.7674250304698944e-05,-2.239365130662918e-05,-2.6980414986610413e-05
29,1,467,29-1:467:31,inner_half,21.433868408203125,16to32,1.0,0.022761307656764984,0.020672906190156937,0.02058805711567402,0.02074086293578148,0.020905058830976486,-6.795674562454224e-05,-0.00015280582010746002,0.00016419589519500732
29,1,467,29-1:467:32,all,23.70843505859375,16to32,1.0,0.017394784837961197,0.015881270170211792,0.015982510522007942,0.01612306386232376,0.01598004624247551,-0.000241793692111969,-0.0001405533403158188,-0.00014301761984825134
29,1,467,29-1:467:32,inner_half,23.70843505859375,16to32,1.0,0.019595934078097343,0.01692652702331543,0.016928600147366524,0.01695159822702408,0.017119262367486954,-2.507120370864868e-05,-2.2998079657554626e-05,0.00016766414046287537
29,1,467,29-1:467:33,all,30.304901123046875,16to32,1.0,0.025324907153844833,0.015857256948947906,0.016007382422685623,0.016112070530653,0.016024291515350342,-0.0002548135817050934,-0.00010468810796737671,-8.777901530265808e-05
29,1,467,29-1:467:33,inner_half,30.304901123046875,16to32,1.0,0.03356175497174263,0.017789654433727264,0.017815565690398216,0.017743520438671112,0.017517589032649994,4.6133995056152344e-05,7.204525172710419e-05,-0.00022593140602111816
29,1,467,29-1:467:34,all,26.1368408203125,16to32,1.0,0.012071263045072556,0.013406945392489433,0.0134127801284194,0.013414107263088226,0.013337203301489353,-7.16187059879303e-06,-1.3271346688270569e-06,-7.690396159887314e-05
29,1,467,29-1:467:34,inner_half,26.1368408203125,16to32,1.0,0.01651511713862419,0.01656224951148033,0.01675461046397686,0.016728222370147705,0.016167495399713516,-0.00016597285866737366,2.6388093829154968e-05,-0.0005607269704341888
29,1,467,29-1:467:35,all,23.3388671875,16to32,1.0,0.016363274306058884,0.01752878911793232,0.0178074948489666,0.01778506487607956,0.017593882977962494,-0.0002562757581472397,2.2429972887039185e-05,-0.00019118189811706543
29,1,467,29-1:467:35,inner_half,23.3388671875,16to32,1.0,0.022514712065458298,0.02471110038459301,0.025612924247980118,0.025662332773208618,0.024839211255311966,-0.0009512323886156082,-4.9408525228500366e-05,-0.0008231215178966522
29,1,467,29-1:467:36,all,23.32305908203125,16to32,1.0,0.017913931980729103,0.016264140605926514,0.016263796016573906,0.016243096441030502,0.01617131568491459,2.1044164896011353e-05,2.0699575543403625e-05,-7.178075611591339e-05
29,1,467,29-1:467:36,inner_half,23.32305908203125,16to32,1.0,0.019542638212442398,0.019273286685347557,0.01907225325703621,0.018817100673913956,0.01906091906130314,0.0004561860114336014,0.0002551525831222534,0.00024381838738918304
29,1,467,29-1:467:37,all,19.15055274963379,16to32,1.0,0.015227783471345901,0.015395207330584526,0.015435457229614258,0.015464797616004944,0.015366200357675552,-6.959028542041779e-05,-2.9340386390686035e-05,-9.859725832939148e-05
29,1,467,29-1:467:37,inner_half,19.15055274963379,16to32,1.0,0.02231934294104576,0.02323754131793976,0.023264368996024132,0.02346927486360073,0.022980693727731705,-0.0002317335456609726,-0.00020490586757659912,-0.0004885811358690262
29,1,467,29-1:467:38,all,22.457931518554688,16to32,1.0,0.01591663621366024,0.015757909044623375,0.01560932770371437,0.01573908142745495,0.0157555490732193,1.8827617168426514e-05,-0.0001297537237405777,1.646764576435089e-05
29,1,467,29-1:467:38,inner_half,22.457931518554688,16to32,1.0,0.020569562911987305,0.021094823256134987,0.02078414335846901,0.02089526504278183,0.02043762430548668,0.00019955821335315704,-0.00011112168431282043,-0.00045764073729515076
29,1,467,29-1:467:39,all,28.314239501953125,16to32,1.0,0.01600300893187523,0.014181442558765411,0.014337322674691677,0.014295006170868874,0.014288738369941711,-0.00011356361210346222,4.23165038228035e-05,-6.26780092716217e-06
29,1,467,29-1:467:39,inner_half,28.314239501953125,16to32,1.0,0.020821906626224518,0.015359477140009403,0.015452787280082703,0.015446064993739128,0.01576247066259384,-8.658785372972488e-05,6.722286343574524e-06,0.00031640566885471344
29,1,467,29-1:467:40,all,26.695831298828125,16to32,1.0,0.015063834376633167,0.014937995001673698,0.015015230514109135,0.015024535357952118,0.015025399625301361,-8.65403562784195e-05,-9.304843842983246e-06,8.642673492431641e-07
29,1,467,29-1:467:40,inner_half,26.695831298828125,16to32,1.0,0.01617938093841076,0.01595141738653183,0.015987079590559006,0.015945352613925934,0.016078315675258636,6.064772605895996e-06,4.17269766330719e-05,0.00013296306133270264
29,1,467,29-1:467:41,all,23.00860595703125,16to32,1.0,0.016345180571079254,0.01525829266756773,0.015552990138530731,0.015649225562810898,0.016450185328722,-0.0003909328952431679,-9.623542428016663e-05,0.0008009597659111023
29,1,467,29-1:467:41,inner_half,23.00860595703125,16to32,1.0,0.01772891916334629,0.01725735142827034,0.016941703855991364,0.018060998991131783,0.020023580640554428,-0.0008036475628614426,-0.001119295135140419,0.0019625816494226456
29,1,467,29-1:467:42,all,19.58642578125,16to32,1.0,0.012777001596987247,0.014025229960680008,0.013907120563089848,0.013837871141731739,0.014322108589112759,0.0001873588189482689,6.924942135810852e-05,0.0004842374473810196
29,1,467,29-1:467:42,inner_half,19.58642578125,16to32,1.0,0.01194300502538681,0.016363346949219704,0.016520341858267784,0.01632937788963318,0.01727645844221115,3.396905958652496e-05,0.0001909639686346054,0.0009470805525779724
29,1,467,29-1:467:43,all,22.95594024658203,16to32,1.0,0.013623207807540894,0.012494401074945927,0.012488845735788345,0.012341776862740517,0.012721581384539604,0.00015262421220541,0.00014706887304782867,0.0003798045217990875
29,1,467,29-1:467:43,inner_half,22.95594024658203,16to32,1.0,0.018953990191221237,0.016804754734039307,0.017311107367277145,0.01648162491619587,0.017618197947740555,0.0003231298178434372,0.0008294824510812759,0.0011365730315446854
29,1,467,29-1:467:44,all,23.90557861328125,16to32,1.0,0.020390335470438004,0.019155994057655334,0.019801151007413864,0.02004789002239704,0.019040722399950027,-0.0008918959647417068,-0.0002467390149831772,-0.0010071676224470139
29,1,467,29-1:467:44,inner_half,23.90557861328125,16to32,1.0,0.021232234314084053,0.020978819578886032,0.021896861493587494,0.02222491428256035,0.021411631256341934,-0.0012460947036743164,-0.0003280527889728546,-0.0008132830262184143
29,1,467,29-1:467:45,all,16.7752685546875,16to32,1.0,0.0137407798320055,0.014225903898477554,0.013905380852520466,0.013939224183559418,0.01400461234152317,0.0002866797149181366,-3.3843331038951874e-05,6.538815796375275e-05
29,1,467,29-1:467:45,inner_half,16.7752685546875,16to32,1.0,0.011510672979056835,0.012127307243645191,0.012132413685321808,0.012174500152468681,0.011942047625780106,-4.719290882349014e-05,-4.2086467146873474e-05,-0.00023245252668857574
29,1,467,29-1:467:46,all,22.06884765625,16to32,1.0,0.016139667481184006,0.013885429129004478,0.01413674931973219,0.014183398336172104,0.01395281683653593,-0.00029796920716762543,-4.66490164399147e-05,-0.00023058149963617325
29,1,467,29-1:467:46,inner_half,22.06884765625,16to32,1.0,0.019677257165312767,0.013961134478449821,0.013932770118117332,0.014136780053377151,0.014294811524450779,-0.00017564557492733002,-0.00020400993525981903,0.00015803147107362747
29,1,467,29-1:467:47,all,22.9622802734375,16to32,1.0,0.018379928544163704,0.015860488638281822,0.015787042677402496,0.015957461670041084,0.015950940549373627,-9.697303175926208e-05,-0.00017041899263858795,-6.5211206674575806e-06
29,1,467,29-1:467:47,inner_half,22.9622802734375,16to32,1.0,0.01949511095881462,0.0166369266808033,0.016563527286052704,0.016673708334565163,0.016380101442337036,-3.678165376186371e-05,-0.0001101810485124588,-0.0002936068922281265
29,1,467,29-1:467:48,all,20.577682495117188,16to32,1.0,0.01651090756058693,0.014914465136826038,0.015126535668969154,0.015213650651276112,0.015078631229698658,-0.00029918551445007324,-8.711498230695724e-05,-0.0001350194215774536
29,1,467,29-1:467:48,inner_half,20.577682495117188,16to32,1.0,0.019094150513410568,0.018942739814519882,0.019045142456889153,0.019295986741781235,0.018916569650173187,-0.00035324692726135254,-0.0002508442848920822,-0.0003794170916080475
29,1,467,29-1:467:49,all,19.876953125,16to32,1.0,0.014925764873623848,0.013576168566942215,0.013260714709758759,0.013275775127112865,0.013637946918606758,0.0003003934398293495,-1.5060417354106903e-05,0.00036217179149389267
29,1,467,29-1:467:49,inner_half,19.876953125,16to32,1.0,0.012168115936219692,0.011574379168450832,0.011481430381536484,0.011572523973882198,0.011726029217243195,1.8551945686340332e-06,-9.109359234571457e-05,0.00015350524336099625
29,1,467,29-1:467:50,all,18.034525871276855,16to32,1.0,0.007941925898194313,0.007952826097607613,0.007936755195260048,0.007925434969365597,0.008015017956495285,2.739112824201584e-05,1.1320225894451141e-05,8.958298712968826e-05
29,1,467,29-1:467:50,inner_half,18.034525871276855,16to32,1.0,0.005736704915761948,0.005595665890723467,0.005597401410341263,0.005498310551047325,0.005626264028251171,9.735533967614174e-05,9.909085929393768e-05,0.00012795347720384598
29,1,467,29-1:467:51,all,14.86669921875,lt16,1.0,0.012529714964330196,0.012609772384166718,0.012301301583647728,0.012381060980260372,0.012630671262741089,0.00022871140390634537,-7.97593966126442e-05,0.0002496102824807167
29,1,467,29-1:467:51,inner_half,14.86669921875,lt16,1.0,0.01499827392399311,0.013434856198728085,0.013424364849925041,0.013455121777951717,0.013706283643841743,-2.0265579223632812e-05,-3.075692802667618e-05,0.0002511618658900261
29,1,467,29-1:467:52,all,21.97113037109375,16to32,1.0,0.015454384498298168,0.016022177413105965,0.0156654454767704,0.01567048579454422,0.016168098896741867,0.0003516916185617447,-5.04031777381897e-06,0.0004976131021976471
29,1,467,29-1:467:52,inner_half,21.97113037109375,16to32,1.0,0.012241258285939693,0.013465331867337227,0.01339651644229889,0.013396657072007656,0.013433478772640228,6.867479532957077e-05,-1.4062970876693726e-07,3.6821700632572174e-05
29,1,467,29-1:467:53,all,19.7222900390625,16to32,1.0,0.0122156273573637,0.012047173455357552,0.012031440623104572,0.012064177542924881,0.012198185548186302,-1.7004087567329407e-05,-3.2736919820308685e-05,0.0001340080052614212
29,1,467,29-1:467:53,inner_half,19.7222900390625,16to32,1.0,0.007476548198610544,0.0073752012103796005,0.007355194538831711,0.0073688579723238945,0.007441402412950993,6.343238055706024e-06,-1.3663433492183685e-05,7.254444062709808e-05
29,1,467,29-1:467:54,all,17.7608642578125,16to32,1.0,0.012392963282763958,0.013477370142936707,0.01323874481022358,0.013265672139823437,0.01356794685125351,0.0002116980031132698,-2.692732959985733e-05,0.0003022747114300728
29,1,467,29-1:467:54,inner_half,17.7608642578125,16to32,1.0,0.018411513417959213,0.017487889155745506,0.017510687932372093,0.017523014917969704,0.017798511311411858,-3.512576222419739e-05,-1.2326985597610474e-05,0.00027549639344215393
29,1,467,29-1:467:55,all,23.20782470703125,16to32,1.0,0.01793820410966873,0.015886660665273666,0.015739085152745247,0.015707649290561676,0.01599583402276039,0.00017901137471199036,3.143586218357086e-05,0.0002881847321987152
29,1,467,29-1:467:55,inner_half,23.20782470703125,16to32,1.0,0.021146170794963837,0.018974175676703453,0.019264673814177513,0.01878891885280609,0.0191786028444767,0.00018525682389736176,0.0004757549613714218,0.0003896839916706085
29,1,467,29-1:467:73,all,67.86395263671875,ge32,1.0,0.010371110402047634,0.01031038910150528,0.010398432612419128,0.01027661096304655,0.010361731052398682,3.377813845872879e-05,0.00012182164937257767,8.512008935213089e-05
29,1,467,29-1:467:73,inner_half,67.86395263671875,ge32,1.0,0.0077903419733047485,0.008173706941306591,0.008115583099424839,0.008208751678466797,0.008119054138660431,-3.504473716020584e-05,-9.316857904195786e-05,-8.969753980636597e-05
29,1,467,29-1:467:74,all,54.21917724609375,ge32,0.77734375,0.1777382642030716,0.0186776090413332,0.022711174562573433,0.019712237641215324,0.02208256907761097,-0.0010346285998821259,0.0029989369213581085,0.002370331436395645
29,1,467,29-1:467:74,inner_half,54.21917724609375,ge32,1.0,0.2335779368877411,0.013916410505771637,0.015506082214415073,0.01406943704932928,0.015098740346729755,-0.0001530265435576439,0.0014366451650857925,0.0010293032974004745
29,1,467,29-1:467:75,all,56.03485107421875,ge32,0.84765625,0.08791704475879669,0.010336985811591148,0.030387332662940025,0.014996541664004326,0.02521711401641369,-0.0046595558524131775,0.0153907909989357,0.010220572352409363
29,1,467,29-1:467:75,inner_half,56.03485107421875,ge32,1.0,0.08773991465568542,0.011532055214047432,0.03729248046875,0.011658072471618652,0.023228127509355545,-0.0001260172575712204,0.025634407997131348,0.011570055037736893
29,1,467,29-1:467:76,all,52.64508056640625,ge32,0.859375,0.2491322010755539,0.012765101157128811,0.07444622367620468,0.01715436577796936,0.05950736999511719,-0.0043892646208405495,0.05729185789823532,0.04235300421714783
29,1,467,29-1:467:76,inner_half,52.64508056640625,ge32,1.0,0.3474839925765991,0.01468406431376934,0.11357944458723068,0.014631622470915318,0.06861279159784317,5.244184285402298e-05,0.09894782211631536,0.05398116912692785
29,1,467,29-1:467:77,all,55.2694091796875,ge32,0.87109375,0.17934629321098328,0.0204591304063797,0.04369673132896423,0.021668074652552605,0.038305725902318954,-0.001208944246172905,0.02202865667641163,0.01663765124976635
29,1,467,29-1:467:77,inner_half,55.2694091796875,ge32,1.0,0.22288967669010162,0.020596053451299667,0.0687638372182846,0.019801579415798187,0.0392598882317543,0.0007944740355014801,0.04896225780248642,0.019458308815956116
29,1,467,29-1:467:78,all,45.0848388671875,ge32,1.0,0.018973655998706818,0.019147388637065887,0.018999790772795677,0.018990151584148407,0.01901811733841896,0.00015723705291748047,9.639188647270203e-06,2.796575427055359e-05
29,1,467,29-1:467:78,inner_half,45.0848388671875,ge32,1.0,0.01656518131494522,0.017590630799531937,0.017558619379997253,0.01755562610924244,0.01796143129467964,3.5004690289497375e-05,2.993270754814148e-06,0.00040580518543720245
29,1,467,29-1:467:79,all,50.89556884765625,ge32,0.625,0.2429470270872116,0.03350072726607323,0.08766670525074005,0.029649809002876282,0.06499265134334564,0.003850918263196945,0.05801689624786377,0.03534284234046936
29,1,467,29-1:467:79,inner_half,50.89556884765625,ge32,0.671875,0.25741058588027954,0.07677927613258362,0.1575831174850464,0.0288263950496912,0.10040117800235748,0.04795288108289242,0.1287567224353552,0.07157478295266628
29,1,467,29-1:467:80,all,55.922607421875,ge32,1.0,0.006890006363391876,0.007818534038960934,0.007874548435211182,0.007092196028679609,0.007872837595641613,0.0007263380102813244,0.0007823524065315723,0.0007806415669620037
29,1,467,29-1:467:80,inner_half,55.922607421875,ge32,1.0,0.00646408274769783,0.006790360435843468,0.006628219969570637,0.006963673047721386,0.007488754577934742,-0.00017331261187791824,-0.0003354530781507492,0.000525081530213356
29,1,467,29-1:467:81,all,53.3665771484375,ge32,0.9921875,0.07786266505718231,0.03643902391195297,0.044985298067331314,0.025041360408067703,0.04826352745294571,0.01139766350388527,0.01994393765926361,0.023222167044878006
29,1,467,29-1:467:81,inner_half,53.3665771484375,ge32,1.0,0.044779639691114426,0.019429326057434082,0.024880442768335342,0.02441079169511795,0.019777029752731323,-0.004981465637683868,0.00046965107321739197,-0.004633761942386627
29,1,467,29-1:467:82,all,48.17694091796875,ge32,1.0,0.020889028906822205,0.0152550945058465,0.014778094366192818,0.014563607051968575,0.01479082927107811,0.0006914874538779259,0.00021448731422424316,0.00022722221910953522
29,1,467,29-1:467:82,inner_half,48.17694091796875,ge32,1.0,0.029156455770134926,0.02143806219100952,0.020209521055221558,0.01958632282912731,0.020097460597753525,0.0018517393618822098,0.0006231982260942459,0.0005111377686262131
29,1,467,29-1:467:83,all,51.54583740234375,ge32,1.0,0.017748404294252396,0.019815899431705475,0.019700687378644943,0.019637681543827057,0.019774507731199265,0.00017821788787841797,6.300583481788635e-05,0.00013682618737220764
29,1,467,29-1:467:83,inner_half,51.54583740234375,ge32,1.0,0.0179886557161808,0.021799802780151367,0.021985143423080444,0.021278131753206253,0.02172887697815895,0.0005216710269451141,0.0007070116698741913,0.00045074522495269775
29,1,467,29-1:467:84,all,47.9599609375,ge32,1.0,0.019206754863262177,0.017974374815821648,0.018249915912747383,0.01829831674695015,0.017805594950914383,-0.0003239419311285019,-4.840083420276642e-05,-0.0004927217960357666
29,1,467,29-1:467:84,inner_half,47.9599609375,ge32,1.0,0.02281222864985466,0.020325247198343277,0.0207656379789114,0.02108888514339924,0.019820967689156532,-0.0007636379450559616,-0.00032324716448783875,-0.0012679174542427063
29,1,467,29-1:467:85,all,51.52069091796875,ge32,1.0,0.009998884983360767,0.010246043093502522,0.010106947273015976,0.010125044733285904,0.010187391191720963,0.00012099836021661758,-1.809746026992798e-05,6.23464584350586e-05
29,1,467,29-1:467:85,inner_half,51.52069091796875,ge32,1.0,0.01124018244445324,0.012636791914701462,0.012611299753189087,0.012651392258703709,0.012433061376214027,-1.4600344002246857e-05,-4.0092505514621735e-05,-0.00021833088248968124
29,1,467,29-1:467:86,all,52.19073486328125,ge32,1.0,0.022954855114221573,0.022492067888379097,0.02182128094136715,0.02117311768233776,0.02259885147213936,0.001318950206041336,0.0006481632590293884,0.0014257337898015976
29,1,467,29-1:467:86,inner_half,52.19073486328125,ge32,1.0,0.02090330421924591,0.020255692303180695,0.020286832004785538,0.020091161131858826,0.023428522050380707,0.0001645311713218689,0.00019567087292671204,0.003337360918521881
29,1,467,29-1:467:87,all,66.343017578125,ge32,0.84765625,0.06826925277709961,0.02895713783800602,0.03929560258984566,0.015418116003274918,0.03404673933982849,0.013539021834731102,0.02387748658657074,0.018628623336553574
29,1,467,29-1:467:87,inner_half,66.343017578125,ge32,0.90625,0.07278119027614594,0.03729411959648132,0.06770584732294083,0.014920717105269432,0.04226627200841904,0.02237340249121189,0.052785130217671394,0.027345554903149605
29,1,467,29-1:467:88,all,44.344482421875,ge32,1.0,0.01705283485352993,0.016811640933156013,0.016766203567385674,0.01677696965634823,0.017181849107146263,3.4671276807785034e-05,-1.0766088962554932e-05,0.00040487945079803467
29,1,467,29-1:467:88,inner_half,44.344482421875,ge32,1.0,0.022432932630181313,0.020550617948174477,0.020931728184223175,0.020868998020887375,0.021046776324510574,-0.00031838007271289825,6.273016333580017e-05,0.00017777830362319946
29,1,467,29-1:467:89,all,50.50518798828125,ge32,1.0,0.011215434409677982,0.010708717629313469,0.01072697713971138,0.010912103578448296,0.010936716571450233,-0.00020338594913482666,-0.0001851264387369156,2.4612993001937866e-05
29,1,467,29-1:467:89,inner_half,50.50518798828125,ge32,1.0,0.012252748012542725,0.010662663727998734,0.010541709139943123,0.011047683656215668,0.011162652634084225,-0.0003850199282169342,-0.0005059745162725449,0.00011496897786855698
29,1,467,29-1:467:90,all,50.55816650390625,ge32,0.80859375,0.2766454219818115,0.019172675907611847,0.08465030789375305,0.022238709032535553,0.0451001338660717,-0.003066033124923706,0.0624115988612175,0.022861424833536148
29,1,467,29-1:467:90,inner_half,50.55816650390625,ge32,1.0,0.341952919960022,0.024382110685110092,0.10685789585113525,0.026286371052265167,0.04660625010728836,-0.001904260367155075,0.08057152479887009,0.020319879055023193
29,1,467,29-1:467:91,all,51.407012939453125,ge32,1.0,0.010651751421391964,0.010152689181268215,0.010124615393579006,0.01012544333934784,0.010132644325494766,2.7245841920375824e-05,-8.279457688331604e-07,7.20098614692688e-06
29,1,467,29-1:467:91,inner_half,51.407012939453125,ge32,1.0,0.009647663682699203,0.009458892978727818,0.009455302730202675,0.009430470876395702,0.009519530460238457,2.8422102332115173e-05,2.4831853806972504e-05,8.905958384275436e-05
29,1,467,29-1:467:92,all,48.4024658203125,ge32,1.0,0.010069822892546654,0.009160298854112625,0.009175367653369904,0.00911644846200943,0.009129712358117104,4.385039210319519e-05,5.891919136047363e-05,1.3263896107673645e-05
29,1,467,29-1:467:92,inner_half,48.4024658203125,ge32,1.0,0.006714166607707739,0.006199297029525042,0.006214276887476444,0.006197442300617695,0.006146680098026991,1.8547289073467255e-06,1.683458685874939e-05,-5.0762202590703964e-05
29,1,467,29-1:467:93,all,47.457061767578125,ge32,0.82421875,0.10419422388076782,0.019797559827566147,0.05781223252415657,0.02586415410041809,0.03093286044895649,-0.006066594272851944,0.03194807842373848,0.005068706348538399
29,1,467,29-1:467:93,inner_half,47.457061767578125,ge32,1.0,0.11106805503368378,0.020169485360383987,0.048484012484550476,0.019999265670776367,0.03552224114537239,0.00017021968960762024,0.02848474681377411,0.015522975474596024
29,1,467,29-1:467:94,all,42.47291564941406,ge32,1.0,0.008491002954542637,0.00845244713127613,0.008664179593324661,0.00868169218301773,0.008565351366996765,-0.00022924505174160004,-1.7512589693069458e-05,-0.00011634081602096558
29,1,467,29-1:467:94,inner_half,42.47291564941406,ge32,1.0,0.006969318725168705,0.006972011178731918,0.006997881457209587,0.007045072969049215,0.0068892547860741615,-7.306179031729698e-05,-4.719151183962822e-05,-0.0001558181829750538
29,1,467,29-1:467:95,all,47.806793212890625,ge32,0.9375,0.01590183936059475,0.010493919253349304,0.01021360419690609,0.010090023279190063,0.010660514235496521,0.0004038959741592407,0.0001235809177160263,0.0005704909563064575
29,1,467,29-1:467:95,inner_half,47.806793212890625,ge32,1.0,0.015167374163866043,0.011436711996793747,0.011528844013810158,0.011302195489406586,0.011465572752058506,0.00013451650738716125,0.00022664852440357208,0.00016337726265192032
29,1,467,29-1:467:96,all,45.926727294921875,ge32,1.0,0.015533093363046646,0.014477788470685482,0.014190285466611385,0.0140513451769948,0.014919339679181576,0.00042644329369068146,0.00013894028961658478,0.0008679945021867752
29,1,467,29-1:467:96,inner_half,45.926727294921875,ge32,1.0,0.010429490357637405,0.010483825579285622,0.010521303862333298,0.010312667116522789,0.010613515973091125,0.00017115846276283264,0.00020863674581050873,0.0003008488565683365
29,1,467,29-1:467:97,all,51.22330093383789,ge32,0.875,0.014415674842894077,0.014220967888832092,0.013207336887717247,0.01345408707857132,0.016099045053124428,0.0007668808102607727,-0.00024675019085407257,0.002644957974553108
29,1,467,29-1:467:97,inner_half,51.22330093383789,ge32,1.0,0.013588014990091324,0.01273643784224987,0.01143673062324524,0.01251655351370573,0.014635469764471054,0.00021988432854413986,-0.0010798228904604912,0.0021189162507653236
29,2,233,29-2:233:0,all,14.96185302734375,lt16,1.0,0.04909026250243187,0.04893704876303673,0.04918786883354187,0.04922814667224884,0.04901619255542755,-0.0002910979092121124,-4.0277838706970215e-05,-0.00021195411682128906
29,2,233,29-2:233:0,inner_half,14.96185302734375,lt16,1.0,0.09928397089242935,0.09798434376716614,0.09929849207401276,0.09904514253139496,0.09823805093765259,-0.0010607987642288208,0.00025334954261779785,-0.0008070915937423706
29,2,233,29-2:233:1,all,15.8416748046875,lt16,1.0,0.04699885845184326,0.044804684817790985,0.044401463121175766,0.04403263330459595,0.04457470774650574,0.0007720515131950378,0.0003688298165798187,0.00054207444190979
29,2,233,29-2:233:1,inner_half,15.8416748046875,lt16,1.0,0.09720741957426071,0.09216722846031189,0.09143069386482239,0.08950856328010559,0.09212169051170349,0.002658665180206299,0.0019221305847167969,0.0026131272315979004
29,2,233,29-2:233:2,all,20.35552978515625,16to32,0.5078125,0.052127182483673096,0.05296263471245766,0.053193069994449615,0.053079042583703995,0.05355129390954971,-0.00011640787124633789,0.00011402741074562073,0.0004722513258457184
29,2,233,29-2:233:3,all,14.8115234375,lt16,1.0,0.017779266461730003,0.019228748977184296,0.019442351534962654,0.0193459615111351,0.019071372225880623,-0.00011721253395080566,9.63900238275528e-05,-0.00027458928525447845
29,2,233,29-2:233:3,inner_half,14.8115234375,lt16,1.0,0.023222777992486954,0.027884872630238533,0.027741817757487297,0.02807372435927391,0.02806321159005165,-0.0001888517290353775,-0.00033190660178661346,-1.0512769222259521e-05
29,2,233,29-2:233:4,all,14.0504150390625,lt16,1.0,0.018868396058678627,0.01925385370850563,0.01933886855840683,0.019178222864866257,0.019244764000177383,7.563084363937378e-05,0.00016064569354057312,6.654113531112671e-05
29,2,233,29-2:233:4,inner_half,14.0504150390625,lt16,1.0,0.032763272523880005,0.03246362507343292,0.03280030936002731,0.03225111588835716,0.03211338818073273,0.0002125091850757599,0.0005491934716701508,-0.00013772770762443542
29,2,233,29-2:233:5,all,15.396484375,lt16,1.0,0.01999342441558838,0.019289668649435043,0.01855403371155262,0.01865440234541893,0.019131839275360107,0.0006352663040161133,-0.00010036863386631012,0.00047743692994117737
29,2,233,29-2:233:5,inner_half,15.396484375,lt16,1.0,0.02611153945326805,0.021761804819107056,0.02166305109858513,0.021711241453886032,0.021456610411405563,5.056336522102356e-05,-4.819035530090332e-05,-0.00025463104248046875
29,2,233,29-2:233:6,all,14.6822509765625,lt16,1.0,0.028178401291370392,0.03057934157550335,0.03035842999815941,0.029579292982816696,0.030424073338508606,0.0010000485926866531,0.0007791370153427124,0.0008447803556919098
29,2,233,29-2:233:6,inner_half,14.6822509765625,lt16,1.0,0.05215350538492203,0.05643412470817566,0.0558728389441967,0.05270037055015564,0.05586059018969536,0.0037337541580200195,0.0031724683940410614,0.0031602196395397186
29,2,233,29-2:233:7,all,15.5789794921875,lt16,1.0,0.012329905293881893,0.013187801465392113,0.013131778687238693,0.013143584132194519,0.013394445180892944,4.421733319759369e-05,-1.1805444955825806e-05,0.0002508610486984253
29,2,233,29-2:233:7,inner_half,15.5789794921875,lt16,1.0,0.012164968997240067,0.013630430214107037,0.014052609913051128,0.014162333682179451,0.013750385493040085,-0.0005319034680724144,-0.0001097237691283226,-0.00041194818913936615
29,2,233,29-2:233:8,all,15.1209716796875,lt16,1.0,0.012841956689953804,0.010485416278243065,0.010503915138542652,0.0105389803647995,0.01054139994084835,-5.356408655643463e-05,-3.506522625684738e-05,2.419576048851013e-06
29,2,233,29-2:233:8,inner_half,15.1209716796875,lt16,1.0,0.009162851609289646,0.007553359493613243,0.007559402845799923,0.007536344695836306,0.007578251883387566,1.7014797776937485e-05,2.3058149963617325e-05,4.1907187551259995e-05
29,2,233,29-2:233:9,all,25.63193130493164,16to32,1.0,0.02379535883665085,0.016223600134253502,0.015225539915263653,0.015187935903668404,0.015983982011675835,0.0010356642305850983,3.7604011595249176e-05,0.000796046108007431
29,2,233,29-2:233:9,inner_half,25.63193130493164,16to32,1.0,0.02316763438284397,0.016377832740545273,0.016329601407051086,0.016147471964359283,0.01632850430905819,0.00023036077618598938,0.00018212944269180298,0.00018103234469890594
29,2,233,29-2:233:10,all,15.649658203125,lt16,1.0,0.02076283097267151,0.01577874645590782,0.015459967777132988,0.015428492799401283,0.016131512820720673,0.0003502536565065384,3.147497773170471e-05,0.0007030200213193893
29,2,233,29-2:233:10,inner_half,15.649658203125,lt16,1.0,0.03193385899066925,0.020991530269384384,0.02094186097383499,0.021162785589694977,0.021970465779304504,-0.00017125532031059265,-0.00022092461585998535,0.0008076801896095276
29,2,233,29-2:233:11,all,15.0126953125,lt16,1.0,0.019597461447119713,0.023140355944633484,0.023144135251641273,0.02323869988322258,0.023161787539720535,-9.834393858909607e-05,-9.456463158130646e-05,-7.691234350204468e-05
29,2,233,29-2:233:11,inner_half,15.0126953125,lt16,1.0,0.020623337477445602,0.02624947763979435,0.02642524428665638,0.02612573280930519,0.02637282758951187,0.00012374483048915863,0.00029951147735118866,0.0002470947802066803
29,2,233,29-2:233:12,all,10.97576904296875,lt16,1.0,0.02160331979393959,0.011301837861537933,0.011281478218734264,0.011282914318144321,0.01154294516891241,1.8923543393611908e-05,-1.4360994100570679e-06,0.0002600308507680893
29,2,233,29-2:233:12,inner_half,10.97576904296875,lt16,1.0,0.0411425419151783,0.020642805844545364,0.020368266850709915,0.020343013107776642,0.021109189838171005,0.00029979273676872253,2.5253742933273315e-05,0.0007661767303943634
29,2,233,29-2:233:13,all,15.5279541015625,lt16,1.0,0.015173796564340591,0.011015254072844982,0.010974489152431488,0.010992704890668392,0.011122864671051502,2.2549182176589966e-05,-1.8215738236904144e-05,0.00013015978038311005
29,2,233,29-2:233:13,inner_half,15.5279541015625,lt16,1.0,0.022610969841480255,0.013304983265697956,0.013299238868057728,0.013304983265697956,0.013497205451130867,0.0,-5.7443976402282715e-06,0.00019222218543291092
29,2,233,29-2:233:14,all,14.92449951171875,lt16,1.0,0.017529048025608063,0.016822880133986473,0.01677909679710865,0.01672464981675148,0.017137210816144943,9.823031723499298e-05,5.4446980357170105e-05,0.00041256099939346313
29,2,233,29-2:233:14,inner_half,14.92449951171875,lt16,1.0,0.020794756710529327,0.01940171793103218,0.01948728784918785,0.019484953954815865,0.019567150622606277,-8.323602378368378e-05,2.333894371986389e-06,8.21966677904129e-05
29,2,233,29-2:233:15,all,14.93603515625,lt16,1.0,0.007128776051104069,0.007182661909610033,0.007165233138948679,0.0071707833558321,0.007180248387157917,1.187855377793312e-05,-5.550216883420944e-06,9.465031325817108e-06
29,2,233,29-2:233:15,inner_half,14.93603515625,lt16,1.0,0.007662281394004822,0.008620813488960266,0.008600665256381035,0.008582552894949913,0.008624701760709286,3.826059401035309e-05,1.8112361431121826e-05,4.214886575937271e-05
29,2,233,29-2:233:16,all,19.92999267578125,16to32,0.9921875,0.05669607222080231,0.04916108399629593,0.04479305446147919,0.03159299120306969,0.04543544352054596,0.017568092793226242,0.0132000632584095,0.013842452317476273
29,2,233,29-2:233:16,inner_half,19.92999267578125,16to32,1.0,0.14243021607398987,0.12102207541465759,0.10858804732561111,0.06595317274332047,0.11120817065238953,0.05506890267133713,0.04263487458229065,0.04525499790906906
29,2,233,29-2:233:17,all,15.3450927734375,lt16,1.0,0.011222414672374725,0.010047674179077148,0.010029492899775505,0.010028749704360962,0.010028280317783356,1.8924474716186523e-05,7.431954145431519e-07,-4.6938657760620117e-07
29,2,233,29-2:233:17,inner_half,15.3450927734375,lt16,1.0,0.011231780052185059,0.009901395998895168,0.010026836767792702,0.00993378832936287,0.010048039257526398,-3.239233046770096e-05,9.304843842983246e-05,0.00011425092816352844
29,2,233,29-2:233:18,all,15.811767578125,lt16,1.0,0.015977248549461365,0.020592089742422104,0.02011040970683098,0.020104508846998215,0.020297657698392868,0.00048758089542388916,5.900859832763672e-06,0.00019314885139465332
29,2,233,29-2:233:18,inner_half,15.811767578125,lt16,1.0,0.01114378310739994,0.02144593931734562,0.02067294716835022,0.02069428749382496,0.021068578585982323,0.0007516518235206604,-2.1340325474739075e-05,0.0003742910921573639
29,2,233,29-2:233:19,all,14.91259765625,lt16,1.0,0.012692983262240887,0.012699096463620663,0.012685038149356842,0.012658711522817612,0.012682566419243813,4.0384940803050995e-05,2.6326626539230347e-05,2.3854896426200867e-05
29,2,233,29-2:233:19,inner_half,14.91259765625,lt16,1.0,0.01185001339763403,0.01208869181573391,0.012138317339122295,0.012075226753950119,0.011986364610493183,1.3465061783790588e-05,6.309058517217636e-05,-8.886214345693588e-05
29,2,233,29-2:233:20,all,12.7113037109375,lt16,1.0,0.00991806946694851,0.00978907197713852,0.009733632206916809,0.009768153540790081,0.009772641584277153,2.0918436348438263e-05,-3.452133387327194e-05,4.488043487071991e-06
29,2,233,29-2:233:20,inner_half,12.7113037109375,lt16,1.0,0.010164087638258934,0.010087174363434315,0.010116375051438808,0.010164066217839718,0.010156846605241299,-7.689185440540314e-05,-4.7691166400909424e-05,-7.2196125984191895e-06
29,2,233,29-2:233:21,all,22.99514389038086,16to32,1.0,0.01767437905073166,0.012035060673952103,0.011821557767689228,0.011742895469069481,0.012386845424771309,0.00029216520488262177,7.866229861974716e-05,0.000643949955701828
29,2,233,29-2:233:21,inner_half,22.99514389038086,16to32,1.0,0.01922142505645752,0.01151224970817566,0.012008849531412125,0.011593465693295002,0.012272893451154232,-8.12159851193428e-05,0.00041538383811712265,0.00067942775785923
29,2,233,29-2:233:22,all,13.802001953125,lt16,1.0,0.00842879619449377,0.008431131951510906,0.008552180603146553,0.008556400425732136,0.008443344384431839,-0.00012526847422122955,-4.219822585582733e-06,-0.00011305604130029678
29,2,233,29-2:233:22,inner_half,13.802001953125,lt16,1.0,0.011725608259439468,0.011269241571426392,0.01126872282475233,0.01126730628311634,0.011252865195274353,1.9352883100509644e-06,1.4165416359901428e-06,-1.444108784198761e-05
29,2,233,29-2:233:23,all,15.7333984375,lt16,1.0,0.015306459739804268,0.012496454641222954,0.012705385684967041,0.012655706144869328,0.012521512806415558,-0.00015925150364637375,4.967954009771347e-05,-0.00013419333845376968
29,2,233,29-2:233:23,inner_half,15.7333984375,lt16,1.0,0.02037465199828148,0.014284038916230202,0.014666426926851273,0.01454738900065422,0.014133565127849579,-0.00026335008442401886,0.000119037926197052,-0.0004138238728046417
29,2,233,29-2:233:24,all,14.7613525390625,lt16,1.0,0.03080522082746029,0.024946607649326324,0.024973824620246887,0.025119777768850327,0.024929914623498917,-0.00017317011952400208,-0.00014595314860343933,-0.0001898631453514099
29,2,233,29-2:233:24,inner_half,14.7613525390625,lt16,1.0,0.07229659706354141,0.05676417052745819,0.057046644389629364,0.057277221232652664,0.05674304813146591,-0.0005130507051944733,-0.00023057684302330017,-0.0005341731011867523
29,2,233,29-2:233:25,all,15.740234375,lt16,1.0,0.02387445978820324,0.025079187005758286,0.02495505101978779,0.024927012622356415,0.025142475962638855,0.00015217438340187073,2.8038397431373596e-05,0.00021546334028244019
29,2,233,29-2:233:25,inner_half,15.740234375,lt16,1.0,0.029344210401177406,0.03340965509414673,0.03325879946351051,0.03315874934196472,0.03357011824846268,0.00025090575218200684,0.00010005012154579163,0.0004113689064979553
29,2,233,29-2:233:26,all,15.40625,lt16,1.0,0.011845123022794724,0.009692836552858353,0.009665614925324917,0.009719334542751312,0.009680589661002159,-2.6497989892959595e-05,-5.3719617426395416e-05,-3.874488174915314e-05
29,2,233,29-2:233:26,inner_half,15.40625,lt16,1.0,0.01118413358926773,0.008344917558133602,0.008359936065971851,0.00836065411567688,0.008426536805927753,-1.573655754327774e-05,-7.180497050285339e-07,6.588269025087357e-05
29,2,233,29-2:233:27,all,14.7164306640625,lt16,1.0,0.00984653178602457,0.010246685706079006,0.010146619752049446,0.010148181580007076,0.010099686682224274,9.850412607192993e-05,-1.5618279576301575e-06,-4.849489778280258e-05
29,2,233,29-2:233:27,inner_half,14.7164306640625,lt16,1.0,0.01048975344747305,0.01111866720020771,0.011114977300167084,0.011137416586279869,0.010822806507349014,-1.8749386072158813e-05,-2.243928611278534e-05,-0.0003146100789308548
29,2,233,29-2:233:30,all,18.07733154296875,16to32,1.0,0.008342655375599861,0.006889686919748783,0.006966011598706245,0.006963707506656647,0.0068829357624053955,-7.402058690786362e-05,2.304092049598694e-06,-8.077174425125122e-05
29,2,233,29-2:233:30,inner_half,18.07733154296875,16to32,1.0,0.012514956295490265,0.010098807513713837,0.010170135647058487,0.010170135647058487,0.009952442720532417,-7.132813334465027e-05,0.0,-0.00021769292652606964
29,2,233,29-2:233:31,all,18.434608459472656,16to32,1.0,0.020608194172382355,0.011887723580002785,0.011938315816223621,0.012008611112833023,0.011776050552725792,-0.00012088753283023834,-7.02952966094017e-05,-0.00023256056010723114
29,2,233,29-2:233:31,inner_half,18.434608459472656,16to32,1.0,0.02468961849808693,0.017025696113705635,0.017241215333342552,0.017567871138453484,0.016863733530044556,-0.0005421750247478485,-0.0003266558051109314,-0.0007041376084089279
29,2,233,29-2:233:32,all,10.91680908203125,lt16,1.0,0.01285597961395979,0.01354542002081871,0.013584069907665253,0.013571568764746189,0.013619763776659966,-2.614874392747879e-05,1.2501142919063568e-05,4.81950119137764e-05
29,2,233,29-2:233:32,inner_half,10.91680908203125,lt16,1.0,0.015574796125292778,0.020996350795030594,0.020982708781957626,0.02088269591331482,0.021075814962387085,0.00011365488171577454,0.00010001286864280701,0.00019311904907226562
29,2,233,29-2:233:33,all,19.2049560546875,16to32,1.0,0.03684430196881294,0.012630482204258442,0.012602477334439754,0.012716518715023994,0.012326737865805626,-8.603651076555252e-05,-0.00011404138058423996,-0.00038978084921836853
29,2,233,29-2:233:33,inner_half,19.2049560546875,16to32,1.0,0.041102152317762375,0.012647398747503757,0.012186245992779732,0.012495330534875393,0.01175953820347786,0.00015206821262836456,-0.00030908454209566116,-0.0007357923313975334
29,2,233,29-2:233:34,all,15.07525634765625,lt16,1.0,0.015598507598042488,0.011692380532622337,0.01170428842306137,0.011736666783690453,0.01156669482588768,-4.4286251068115234e-05,-3.2378360629081726e-05,-0.00016997195780277252
29,2,233,29-2:233:34,inner_half,15.07525634765625,lt16,1.0,0.017862893640995026,0.014123871922492981,0.01412363164126873,0.014066008850932121,0.013913659378886223,5.786307156085968e-05,5.762279033660889e-05,-0.00015234947204589844
29,2,233,29-2:233:35,all,11.302139282226562,lt16,1.0,0.015622932463884354,0.016782741993665695,0.01666741818189621,0.01679663360118866,0.01691737025976181,-1.3891607522964478e-05,-0.00012921541929244995,0.00012073665857315063
29,2,233,29-2:233:35,inner_half,11.302139282226562,lt16,1.0,0.013362647965550423,0.014765303581953049,0.01490981224924326,0.01490981224924326,0.01485703606158495,-0.00014450866729021072,0.0,-5.2776187658309937e-05
29,2,233,29-2:233:36,all,18.75970458984375,16to32,1.0,0.01667231321334839,0.014135945588350296,0.014137058518826962,0.014172093942761421,0.014119011349976063,-3.614835441112518e-05,-3.5035423934459686e-05,-5.308259278535843e-05
29,2,233,29-2:233:36,inner_half,18.75970458984375,16to32,1.0,0.02042677439749241,0.016420967876911163,0.016258984804153442,0.016316011548042297,0.01618006080389023,0.00010495632886886597,-5.702674388885498e-05,-0.0001359507441520691
29,2,233,29-2:233:37,all,10.791282653808594,lt16,1.0,0.013510764576494694,0.012767798267304897,0.013047194108366966,0.013002156279981136,0.012834643013775349,-0.00023435801267623901,4.5037828385829926e-05,-0.00016751326620578766
29,2,233,29-2:233:37,inner_half,10.791282653808594,lt16,1.0,0.01617848128080368,0.015990417450666428,0.015825919806957245,0.015982259064912796,0.016018662601709366,8.158385753631592e-06,-0.00015633925795555115,3.6403536796569824e-05
29,2,233,29-2:233:38,all,15.29644775390625,lt16,1.0,0.008969953283667564,0.008867664262652397,0.008958470076322556,0.00876108929514885,0.00892048329114914,0.00010657496750354767,0.00019738078117370605,0.00015939399600028992
29,2,233,29-2:233:38,inner_half,15.29644775390625,lt16,1.0,0.009526788257062435,0.008054906502366066,0.008546998724341393,0.008292445912957191,0.00829683430492878,-0.0002375394105911255,0.00025455281138420105,4.388391971588135e-06
29,2,233,29-2:233:39,all,10.991073608398438,lt16,1.0,0.014579037204384804,0.015314579010009766,0.015338215976953506,0.015378143638372421,0.015434235334396362,-6.356462836265564e-05,-3.9927661418914795e-05,5.609169602394104e-05
29,2,233,29-2:233:39,inner_half,10.991073608398438,lt16,1.0,0.016803376376628876,0.017853423953056335,0.017856115475296974,0.017803996801376343,0.01791100576519966,4.9427151679992676e-05,5.211867392063141e-05,0.00010700896382331848
29,2,233,29-2:233:40,all,15.41241455078125,lt16,1.0,0.011569070629775524,0.010457555763423443,0.010219774208962917,0.010281456634402275,0.010339844040572643,0.00017609912902116776,-6.168242543935776e-05,5.8387406170368195e-05
29,2,233,29-2:233:40,inner_half,15.41241455078125,lt16,1.0,0.010827496647834778,0.009053504094481468,0.009181739762425423,0.008997396565973759,0.009248539805412292,5.61075285077095e-05,0.00018434319645166397,0.0002511432394385338
29,2,233,29-2:233:41,all,10.92413330078125,lt16,1.0,0.01686565950512886,0.018186066299676895,0.018167447298765182,0.017929453402757645,0.01815715804696083,0.0002566128969192505,0.00023799389600753784,0.00022770464420318604
29,2,233,29-2:233:41,inner_half,10.92413330078125,lt16,1.0,0.01839394122362137,0.018798813223838806,0.01875893957912922,0.018379703164100647,0.01892624795436859,0.0004191100597381592,0.0003792364150285721,0.0005465447902679443
29,2,233,29-2:233:42,all,11.615432739257812,lt16,1.0,0.011205777525901794,0.011951494961977005,0.011896742507815361,0.011863771826028824,0.01194588840007782,8.772313594818115e-05,3.297068178653717e-05,8.211657404899597e-05
29,2,233,29-2:233:42,inner_half,11.615432739257812,lt16,1.0,0.012515336275100708,0.013957561925053596,0.013807445764541626,0.013876978307962418,0.013941524550318718,8.05836170911789e-05,-6.953254342079163e-05,6.454624235630035e-05
29,2,233,29-2:233:43,all,11.97808837890625,lt16,1.0,0.01196116954088211,0.012078278698027134,0.012035159394145012,0.012067647650837898,0.01207317691296339,1.0631047189235687e-05,-3.248825669288635e-05,5.529262125492096e-06
29,2,233,29-2:233:43,inner_half,11.97808837890625,lt16,1.0,0.012552117928862572,0.011438203975558281,0.01132878102362156,0.0113760931417346,0.011418579146265984,6.211083382368088e-05,-4.7312118113040924e-05,4.2486004531383514e-05
29,2,233,29-2:233:44,all,14.54315185546875,lt16,1.0,0.01553084421902895,0.01268765702843666,0.012826567515730858,0.01271949615329504,0.012930176220834255,-3.1839124858379364e-05,0.00010707136243581772,0.0002106800675392151
29,2,233,29-2:233:44,inner_half,14.54315185546875,lt16,1.0,0.023281041532754898,0.01822623237967491,0.018398167565464973,0.017940985038876534,0.01869167387485504,0.000285247340798378,0.00045718252658843994,0.000750688835978508
29,2,233,29-2:233:45,all,14.657958984375,lt16,1.0,0.01306292973458767,0.01096516102552414,0.011103113181889057,0.011114317923784256,0.011085115373134613,-0.00014915689826011658,-1.1204741895198822e-05,-2.9202550649642944e-05
29,2,233,29-2:233:45,inner_half,14.657958984375,lt16,1.0,0.01423096563667059,0.01033189706504345,0.010474552400410175,0.010515660978853703,0.01049760915338993,-0.00018376391381025314,-4.110857844352722e-05,-1.805182546377182e-05
29,2,233,29-2:233:46,all,16.03228759765625,16to32,1.0,0.014257082715630531,0.012311054393649101,0.012348445132374763,0.012314526364207268,0.012275561690330505,-3.471970558166504e-06,3.391876816749573e-05,-3.896467387676239e-05
29,2,233,29-2:233:46,inner_half,16.03228759765625,16to32,1.0,0.012985169887542725,0.011617923155426979,0.011757667176425457,0.011691863648593426,0.011635912582278252,-7.394049316644669e-05,6.580352783203125e-05,-5.59510663151741e-05
29,2,233,29-2:233:47,all,19.06536865234375,16to32,1.0,0.02036687731742859,0.01660226285457611,0.016619641333818436,0.016697287559509277,0.016417451202869415,-9.50247049331665e-05,-7.764622569084167e-05,-0.00027983635663986206
29,2,233,29-2:233:47,inner_half,19.06536865234375,16to32,1.0,0.015635129064321518,0.01423732377588749,0.013940447010099888,0.013959156349301338,0.013809919357299805,0.0002781674265861511,-1.8709339201450348e-05,-0.0001492369920015335
29,2,233,29-2:233:48,all,15.76055908203125,lt16,1.0,0.008048372343182564,0.00868928711861372,0.00845707394182682,0.008372836746275425,0.008800556883215904,0.000316450372338295,8.423719555139542e-05,0.0004277201369404793
29,2,233,29-2:233:48,inner_half,15.76055908203125,lt16,1.0,0.008951985277235508,0.009181044064462185,0.009165225550532341,0.009137960150837898,0.00905049592256546,4.308391362428665e-05,2.726539969444275e-05,-8.746422827243805e-05
29,2,233,29-2:233:49,all,16.963775634765625,16to32,1.0,0.017581535503268242,0.0147774126380682,0.014928245916962624,0.014943234622478485,0.01473408006131649,-0.00016582198441028595,-1.4988705515861511e-05,-0.00020915456116199493
29,2,233,29-2:233:49,inner_half,16.963775634765625,16to32,1.0,0.014979184605181217,0.012152857147157192,0.012154153548181057,0.012255999259650707,0.012248339131474495,-0.00010314211249351501,-0.00010184571146965027,-7.66012817621231e-06
29,2,233,29-2:233:50,all,18.1558837890625,16to32,1.0,0.012004573829472065,0.011318995617330074,0.011355956085026264,0.011314846575260162,0.011257322505116463,4.149042069911957e-06,4.110950976610184e-05,-5.7524070143699646e-05
29,2,233,29-2:233:50,inner_half,18.1558837890625,16to32,1.0,0.014057794585824013,0.013443098403513432,0.013162355870008469,0.013157747685909271,0.01312156580388546,0.0002853507176041603,4.608184099197388e-06,-3.618188202381134e-05
29,2,233,29-2:233:51,all,15.35626220703125,lt16,1.0,0.00937783531844616,0.009044686332345009,0.009037112817168236,0.00884326919913292,0.009060047566890717,0.00020141713321208954,0.00019384361803531647,0.00021677836775779724
29,2,233,29-2:233:51,inner_half,15.35626220703125,lt16,1.0,0.0110640162602067,0.009443816728889942,0.009494121186435223,0.009473156183958054,0.009616067633032799,-2.933945506811142e-05,2.0965002477169037e-05,0.00014291144907474518
29,2,233,29-2:233:55,all,13.300689697265625,lt16,1.0,0.015430371277034283,0.012273052707314491,0.01198176946491003,0.01198115199804306,0.012405585497617722,0.00029190070927143097,6.174668669700623e-07,0.00042443349957466125
29,2,233,29-2:233:55,inner_half,13.300689697265625,lt16,1.0,0.011613953858613968,0.009102520532906055,0.00879466999322176,0.008749732747673988,0.009241223335266113,0.0003527877852320671,4.4937245547771454e-05,0.0004914905875921249
29,2,233,29-2:233:56,all,19.51324462890625,16to32,1.0,0.01269485242664814,0.011836821213364601,0.011805551126599312,0.011813330464065075,0.01184841524809599,2.3490749299526215e-05,-7.779337465763092e-06,3.508478403091431e-05
29,2,233,29-2:233:56,inner_half,19.51324462890625,16to32,1.0,0.01213153824210167,0.011301897466182709,0.011134332045912743,0.011136585846543312,0.011242218315601349,0.00016531161963939667,-2.253800630569458e-06,0.0001056324690580368
29,2,233,29-2:233:59,all,66.720703125,ge32,0.9765625,0.03458051756024361,0.012688818387687206,0.012059538625180721,0.012295224703848362,0.012928323820233345,0.0003935936838388443,-0.00023568607866764069,0.0006330991163849831
29,2,233,29-2:233:59,inner_half,66.720703125,ge32,1.0,0.03123926743865013,0.011307721957564354,0.011573681607842445,0.01166421640664339,0.010901220142841339,-0.0003564944490790367,-9.053479880094528e-05,-0.0007629962638020515
29,2,233,29-2:233:60,all,53.42999267578125,ge32,1.0,0.02711670845746994,0.015043522231280804,0.016188085079193115,0.016306929290294647,0.015478250570595264,-0.0012634070590138435,-0.00011884421110153198,-0.0008286787196993828
29,2,233,29-2:233:60,inner_half,53.42999267578125,ge32,1.0,0.030541211366653442,0.01361413486301899,0.01430429145693779,0.01419634185731411,0.014331773854792118,-0.0005822069942951202,0.00010794959962368011,0.00013543199747800827
29,2,233,29-2:233:61,all,52.47918701171875,ge32,0.83984375,0.14360268414020538,0.025027666240930557,0.0433071032166481,0.022030411288142204,0.03127653896808624,0.002997254952788353,0.021276691928505898,0.009246127679944038
29,2,233,29-2:233:61,inner_half,52.47918701171875,ge32,1.0,0.06727579981088638,0.018915731459856033,0.05127759277820587,0.019638698548078537,0.011594228446483612,-0.0007229670882225037,0.031638894230127335,-0.008044470101594925
29,2,233,29-2:233:62,all,46.0687255859375,ge32,0.6484375,0.10491462051868439,0.0180276557803154,0.05003751441836357,0.024157550185918808,0.047314874827861786,-0.006129894405603409,0.025879964232444763,0.023157324641942978
29,2,233,29-2:233:62,inner_half,46.0687255859375,ge32,0.953125,0.11798711121082306,0.01423732377588749,0.06326329708099365,0.01090223342180252,0.03735683113336563,0.0033350903540849686,0.05236106365919113,0.02645459771156311
29,2,233,29-2:233:63,all,41.2603759765625,ge32,1.0,0.032976001501083374,0.014012113213539124,0.012488670647144318,0.01210525631904602,0.014477239921689034,0.001906856894493103,0.0003834143280982971,0.002371983602643013
29,2,233,29-2:233:63,inner_half,41.2603759765625,ge32,1.0,0.03226005658507347,0.0124509921297431,0.01290119532495737,0.012491603381931782,0.013089087791740894,-4.0611252188682556e-05,0.000409591943025589,0.0005974844098091125
29,2,233,29-2:233:64,all,51.84991455078125,ge32,1.0,0.01939563825726509,0.013888569548726082,0.014141984283924103,0.014096900820732117,0.01435677707195282,-0.00020833127200603485,4.5083463191986084e-05,0.0002598762512207031
29,2,233,29-2:233:64,inner_half,51.84991455078125,ge32,1.0,0.02096373960375786,0.015388461761176586,0.015525810420513153,0.015141109004616737,0.015702813863754272,0.0002473527565598488,0.0003847014158964157,0.0005617048591375351
29,2,233,29-2:233:65,all,50.951629638671875,ge32,1.0,0.019794709980487823,0.017017066478729248,0.0170127060264349,0.01685938611626625,0.017486024647951126,0.00015768036246299744,0.00015331991016864777,0.0006266385316848755
29,2,233,29-2:233:65,inner_half,50.951629638671875,ge32,1.0,0.017292270436882973,0.015296220779418945,0.015523729845881462,0.015280705876648426,0.015553806908428669,1.5514902770519257e-05,0.00024302396923303604,0.0002731010317802429
29,2,233,29-2:233:66,all,46.01837158203125,ge32,0.86328125,0.1023155003786087,0.012499820441007614,0.050475697964429855,0.015828566625714302,0.03507157042622566,-0.003328746184706688,0.03464713133871555,0.01924300380051136
29,2,233,29-2:233:66,inner_half,46.01837158203125,ge32,1.0,0.14417225122451782,0.009827638044953346,0.09598143398761749,0.009121093899011612,0.06002633273601532,0.0007065441459417343,0.08686034008860588,0.05090523883700371
29,2,233,29-2:233:67,all,45.6142578125,ge32,1.0,0.02173766680061817,0.010995762422680855,0.010992230847477913,0.01063419971615076,0.0114977415651083,0.00036156270653009415,0.00035803113132715225,0.0008635418489575386
29,2,233,29-2:233:67,inner_half,45.6142578125,ge32,1.0,0.022583089768886566,0.01180268358439207,0.01192944124341011,0.011140430346131325,0.010836915113031864,0.000662253238260746,0.0007890108972787857,-0.0003035152330994606
29,2,233,29-2:233:68,all,63.1458740234375,ge32,0.98828125,0.039891913533210754,0.026309438049793243,0.02730623260140419,0.017289936542510986,0.034855619072914124,0.009019501507282257,0.010016296058893204,0.017565682530403137
29,2,233,29-2:233:68,inner_half,63.1458740234375,ge32,1.0,0.039692457765340805,0.03286156803369522,0.026279224082827568,0.01932450756430626,0.03962388634681702,0.013537060469388962,0.006954716518521309,0.020299378782510757
29,2,233,29-2:233:69,all,43.1754150390625,ge32,1.0,0.01730847731232643,0.011891040951013565,0.011669619008898735,0.011895339004695415,0.012019858695566654,-4.298053681850433e-06,-0.00022571999579668045,0.0001245196908712387
29,2,233,29-2:233:69,inner_half,43.1754150390625,ge32,1.0,0.010052450001239777,0.010296110063791275,0.010019657202064991,0.010128882713615894,0.009884785860776901,0.0001672273501753807,-0.00010922551155090332,-0.00024409685283899307
29,2,233,29-2:233:70,all,41.09130859375,ge32,1.0,0.019155047833919525,0.015728166326880455,0.01600903645157814,0.016059067100286484,0.01562684401869774,-0.00033090077340602875,-5.0030648708343506e-05,-0.0004322230815887451
29,2,233,29-2:233:70,inner_half,41.09130859375,ge32,1.0,0.02048228308558464,0.014965584501624107,0.01503738947212696,0.015051724389195442,0.014670435339212418,-8.613988757133484e-05,-1.4334917068481445e-05,-0.0003812890499830246
29,2,233,29-2:233:71,all,41.007080078125,ge32,1.0,0.019412701949477196,0.011446784250438213,0.011045850813388824,0.011022345162928104,0.011780940927565098,0.00042443908751010895,2.3505650460720062e-05,0.0007585957646369934
29,2,233,29-2:233:71,inner_half,41.007080078125,ge32,1.0,0.010032537393271923,0.00602173525840044,0.0059449393302202225,0.0059332698583602905,0.00633193738758564,8.846540004014969e-05,1.1669471859931946e-05,0.0003986675292253494
29,2,233,29-2:233:72,all,45.03143310546875,ge32,1.0,0.016032688319683075,0.014936983585357666,0.014791298657655716,0.014870739541947842,0.014922056347131729,6.624404340982437e-05,-7.94408842921257e-05,5.131680518388748e-05
29,2,233,29-2:233:72,inner_half,45.03143310546875,ge32,1.0,0.012497702613472939,0.011467067524790764,0.010998811572790146,0.011143021285533905,0.010871617123484612,0.0003240462392568588,-0.00014420971274375916,-0.0002714041620492935
29,2,233,29-2:233:73,all,44.09552001953125,ge32,1.0,0.016641290858387947,0.014556238427758217,0.014358129352331161,0.014317862689495087,0.01463918387889862,0.0002383757382631302,4.026666283607483e-05,0.00032132118940353394
29,2,233,29-2:233:73,inner_half,44.09552001953125,ge32,1.0,0.020960571244359016,0.01812053844332695,0.01839463971555233,0.017729613929986954,0.018379103392362595,0.00039092451333999634,0.0006650257855653763,0.0006494894623756409
29,2,233,29-2:233:74,all,40.679931640625,ge32,1.0,0.02148318849503994,0.019766226410865784,0.019589368253946304,0.019595149904489517,0.020119238644838333,0.00017107650637626648,-5.781650543212891e-06,0.0005240887403488159
29,2,233,29-2:233:74,inner_half,40.679931640625,ge32,1.0,0.022376760840415955,0.019681701436638832,0.019702602177858353,0.01928018406033516,0.020546525716781616,0.0004015173763036728,0.00042241811752319336,0.001266341656446457
29,2,233,29-2:233:75,all,38.988037109375,ge32,1.0,0.01910429075360298,0.012915128841996193,0.013023197650909424,0.013013612478971481,0.012753484770655632,-9.848363697528839e-05,9.585171937942505e-06,-0.0002601277083158493
29,2,233,29-2:233:75,inner_half,38.988037109375,ge32,1.0,0.02147534117102623,0.016550302505493164,0.016386626288294792,0.016682704910635948,0.016011955216526985,-0.00013240240514278412,-0.000296078622341156,-0.000670749694108963
29,2,233,29-2:233:76,all,43.581268310546875,ge32,1.0,0.026235487312078476,0.017850061878561974,0.018017634749412537,0.01819506473839283,0.018581215292215347,-0.0003450028598308563,-0.00017742998898029327,0.0003861505538225174
29,2,233,29-2:233:76,inner_half,43.581268310546875,ge32,1.0,0.028757769614458084,0.018369628116488457,0.01882944628596306,0.019184786826372147,0.01811930537223816,-0.0008151587098836899,-0.00035534054040908813,-0.0010654814541339874
29,2,233,29-2:233:77,all,43.134521484375,ge32,1.0,0.01978350803256035,0.015993598848581314,0.0155276358127594,0.01570224016904831,0.016116512939333916,0.00029135867953300476,-0.0001746043562889099,0.0004142727702856064
29,2,233,29-2:233:77,inner_half,43.134521484375,ge32,1.0,0.020752452313899994,0.015709232538938522,0.015643347054719925,0.015655817463994026,0.015682224184274673,5.3415074944496155e-05,-1.2470409274101257e-05,2.6406720280647278e-05
29,2,233,29-2:233:78,all,35.261962890625,ge32,1.0,0.014287609606981277,0.011107493191957474,0.010789461433887482,0.010830792598426342,0.01099186111241579,0.00027670059353113174,-4.133116453886032e-05,0.00016106851398944855
29,2,233,29-2:233:78,inner_half,35.261962890625,ge32,1.0,0.015262135304510593,0.0111306793987751,0.010558843612670898,0.010807089507579803,0.010785132646560669,0.00032358989119529724,-0.00024824589490890503,-2.195686101913452e-05
29,2,233,29-2:233:79,all,30.111083984375,16to32,1.0,0.018002957105636597,0.013955697417259216,0.013986878097057343,0.013894148170948029,0.014323808252811432,6.154924631118774e-05,9.272992610931396e-05,0.0004296600818634033
29,2,233,29-2:233:79,inner_half,30.111083984375,16to32,1.0,0.01730865053832531,0.01510028075426817,0.014920007437467575,0.014869383536279202,0.015687434002757072,0.0002308972179889679,5.0623901188373566e-05,0.0008180504664778709
29,2,233,29-2:233:80,all,53.883544921875,ge32,1.0,0.033970072865486145,0.013463026843965054,0.012938244268298149,0.012826671823859215,0.012669291347265244,0.0006363550201058388,0.00011157244443893433,-0.00015738047659397125
29,2,233,29-2:233:80,inner_half,53.883544921875,ge32,1.0,0.02519451454281807,0.010613893158733845,0.010225358419120312,0.010669223964214325,0.010760173201560974,-5.5330805480480194e-05,-0.0004438655450940132,9.094923734664917e-05
29,2,233,29-2:233:81,all,30.27052116394043,16to32,1.0,0.021967686712741852,0.011649642139673233,0.011185450479388237,0.011294630356132984,0.011586555279791355,0.00035501178354024887,-0.00010917987674474716,0.00029192492365837097
29,2,233,29-2:233:81,inner_half,30.27052116394043,16to32,1.0,0.02679905667901039,0.011964968405663967,0.01151243131607771,0.012074330821633339,0.011896772310137749,-0.0001093624159693718,-0.0005618995055556297,-0.0001775585114955902
29,2,233,29-2:233:82,all,39.56884765625,ge32,1.0,0.015130980871617794,0.013107620179653168,0.013249016366899014,0.013116495683789253,0.013319453224539757,-8.87550413608551e-06,0.00013252068310976028,0.00020295754075050354
29,2,233,29-2:233:82,inner_half,39.56884765625,ge32,1.0,0.020421704277396202,0.01587376557290554,0.016789592802524567,0.016140468418598175,0.017439816147089005,-0.0002667028456926346,0.0006491243839263916,0.0012993477284908295
29,2,233,29-2:233:83,all,32.77740478515625,ge32,0.875,0.06376370042562485,0.033563923090696335,0.042485933750867844,0.027573423460125923,0.041498344391584396,0.005990499630570412,0.01491251029074192,0.013924920931458473
29,2,233,29-2:233:83,inner_half,32.77740478515625,ge32,0.921875,0.04435959458351135,0.024575209245085716,0.034818656742572784,0.011046440340578556,0.041643816977739334,0.01352876890450716,0.02377221640199423,0.030597376637160778
29,2,233,29-2:233:84,all,42.0902099609375,ge32,1.0,0.021788619458675385,0.018082980066537857,0.0188710018992424,0.019156336784362793,0.018354272469878197,-0.001073356717824936,-0.00028533488512039185,-0.0008020643144845963
29,2,233,29-2:233:84,inner_half,42.0902099609375,ge32,1.0,0.020689241588115692,0.016994640231132507,0.018339045345783234,0.020534979179501534,0.01663907803595066,-0.003540338948369026,-0.0021959338337183,-0.003895901143550873
29,2,233,29-2:233:85,all,38.7313232421875,ge32,1.0,0.01687207818031311,0.012295848689973354,0.01252021361142397,0.012450108304619789,0.012334190309047699,-0.00015425961464643478,7.010530680418015e-05,-0.00011591799557209015
29,2,233,29-2:233:85,inner_half,38.7313232421875,ge32,1.0,0.018309228122234344,0.014078399166464806,0.014160076156258583,0.013928001746535301,0.013625304214656353,0.0001503974199295044,0.00023207440972328186,-0.0003026975318789482
29,2,233,29-2:233:86,all,32.395751953125,ge32,1.0,0.014488809742033482,0.01301165483891964,0.013048593886196613,0.013172733597457409,0.01296737790107727,-0.00016107875853776932,-0.0001241397112607956,-0.0002053556963801384
29,2,233,29-2:233:86,inner_half,32.395751953125,ge32,1.0,0.01633731834590435,0.015348386019468307,0.01517090480774641,0.015327641740441322,0.015211457386612892,2.074427902698517e-05,-0.00015673693269491196,-0.00011618435382843018
29,2,233,29-2:233:87,all,38.26971435546875,ge32,0.85546875,0.10365118086338043,0.023517264053225517,0.04796820506453514,0.030812345445156097,0.04925374314188957,-0.00729508139193058,0.017155859619379044,0.018441397696733475
29,2,233,29-2:233:87,inner_half,38.26971435546875,ge32,1.0,0.11188584566116333,0.020323172211647034,0.061461128294467926,0.018951335921883583,0.045959606766700745,0.0013718362897634506,0.04250979237258434,0.02700827084481716
29,2,233,29-2:233:88,all,30.98455810546875,16to32,0.796875,0.07095539569854736,0.029505975544452667,0.041408129036426544,0.034009672701358795,0.03459243103861809,-0.004503697156906128,0.007398456335067749,0.0005827583372592926
29,2,233,29-2:233:88,inner_half,30.98455810546875,16to32,0.921875,0.06251953542232513,0.0160350501537323,0.030154777690768242,0.018244311213493347,0.03384822979569435,-0.0022092610597610474,0.011910466477274895,0.015603918582201004
29,2,233,29-2:233:89,all,31.729248046875,16to32,1.0,0.015729881823062897,0.01526117604225874,0.015146744437515736,0.01519851479679346,0.015336320735514164,6.266124546527863e-05,-5.177035927772522e-05,0.00013780593872070312
29,2,233,29-2:233:89,inner_half,31.729248046875,16to32,1.0,0.015189560130238533,0.013257237151265144,0.012862524017691612,0.01278214156627655,0.013182876631617546,0.00047509558498859406,8.038245141506195e-05,0.0004007350653409958
29,2,233,29-2:233:90,all,31.9385986328125,16to32,0.9140625,0.08398080617189407,0.0378035269677639,0.05907045304775238,0.03824041411280632,0.04596875607967377,-0.00043688714504241943,0.02083003893494606,0.007728341966867447
29,2,233,29-2:233:90,inner_half,31.9385986328125,16to32,1.0,0.077019602060318,0.0382855124771595,0.054950203746557236,0.031752120703458786,0.04515478387475014,0.006533391773700714,0.02319808304309845,0.013402663171291351
29,2,233,29-2:233:91,all,22.705841064453125,16to32,1.0,0.008772308006882668,0.009898589923977852,0.009507771581411362,0.009601733647286892,0.00990175362676382,0.00029685627669095993,-9.396206587553024e-05,0.0003000199794769287
29,2,233,29-2:233:91,inner_half,22.705841064453125,16to32,1.0,0.009086419828236103,0.009423691779375076,0.009477902203798294,0.009694657288491726,0.009940492920577526,-0.00027096550911664963,-0.00021675508469343185,0.00024583563208580017
29,2,233,29-2:233:92,all,37.99973487854004,ge32,1.0,0.020634829998016357,0.013058295473456383,0.0130105996504426,0.01297843735665083,0.013042552396655083,7.985811680555344e-05,3.2162293791770935e-05,6.411504000425339e-05
29,2,233,29-2:233:92,inner_half,37.99973487854004,ge32,1.0,0.02326614037156105,0.013046382926404476,0.012943501584231853,0.012567037716507912,0.012817542999982834,0.0004793452098965645,0.0003764638677239418,0.0002505052834749222
29,2,233,29-2:233:93,all,30.8310546875,16to32,1.0,0.013987651094794273,0.01617169752717018,0.016218386590480804,0.01630595698952675,0.016324058175086975,-0.00013425946235656738,-8.757039904594421e-05,1.810118556022644e-05
29,2,233,29-2:233:93,inner_half,30.8310546875,16to32,1.0,0.014781136997044086,0.01953801140189171,0.01941606029868126,0.01981542445719242,0.0199230145663023,-0.0002774130553007126,-0.0003993641585111618,0.00010759010910987854
29,2,233,29-2:233:94,all,30.4127197265625,16to32,0.91015625,0.05923688784241676,0.03626685589551926,0.03544207289814949,0.029156243428587914,0.037268295884132385,0.007110612466931343,0.006285829469561577,0.008112052455544472
29,2,233,29-2:233:94,inner_half,30.4127197265625,16to32,1.0,0.03168041259050369,0.01609221287071705,0.016053657978773117,0.015693310648202896,0.01587604358792305,0.0003989022225141525,0.00036034733057022095,0.0001827329397201538
29,2,233,29-2:233:95,all,29.93023681640625,16to32,0.91796875,0.047984834760427475,0.017270900309085846,0.024320537224411964,0.017109548673033714,0.02741107903420925,0.00016135163605213165,0.00721098855137825,0.010301530361175537
29,2,233,29-2:233:95,inner_half,29.93023681640625,16to32,1.0,0.04290846735239029,0.007743547670543194,0.018417811021208763,0.008003844879567623,0.020722929388284683,-0.0002602972090244293,0.01041396614164114,0.01271908450871706
29,2,233,29-2:233:96,all,26.13092041015625,16to32,1.0,0.007402176968753338,0.007536517456173897,0.007389973849058151,0.0074342889711260796,0.007574841380119324,0.00010222848504781723,-4.4315122067928314e-05,0.00014055240899324417
29,2,233,29-2:233:96,inner_half,26.13092041015625,16to32,1.0,0.006756869610399008,0.006788422353565693,0.00683252327144146,0.006855721585452557,0.006808769423514605,-6.729923188686371e-05,-2.3198314011096954e-05,-4.695216193795204e-05
29,2,233,29-2:233:97,all,29.603759765625,16to32,0.94921875,0.044950682669878006,0.02576814591884613,0.029576748609542847,0.024823222309350967,0.033521588891744614,0.000944923609495163,0.004753526300191879,0.008698366582393646
29,2,233,29-2:233:97,inner_half,29.603759765625,16to32,1.0,0.0332341194152832,0.017947223037481308,0.02175937220454216,0.016659347340464592,0.018773812800645828,0.001287875697016716,0.005100024864077568,0.0021144654601812363
29,2,233,29-2:233:98,all,33.59228515625,ge32,1.0,0.025159509852528572,0.01739233359694481,0.01730196550488472,0.017324579879641533,0.017543263733386993,6.775371730327606e-05,-2.261437475681305e-05,0.0002186838537454605
29,2,233,29-2:233:98,inner_half,33.59228515625,ge32,1.0,0.028414897620677948,0.02215159311890602,0.02255069464445114,0.022444061934947968,0.022309284657239914,-0.0002924688160419464,0.00010663270950317383,-0.0001347772777080536
29,2,233,29-2:233:99,all,24.66693115234375,16to32,1.0,0.009080273099243641,0.009429171681404114,0.009338830597698689,0.009348549880087376,0.00954061932861805,8.062180131673813e-05,-9.719282388687134e-06,0.00019206944853067398
29,2,233,29-2:233:99,inner_half,24.66693115234375,16to32,1.0,0.006468985229730606,0.006754694506525993,0.006745560094714165,0.006771690212190151,0.006470181047916412,-1.6995705664157867e-05,-2.613011747598648e-05,-0.00030150916427373886
29,2,467,29-2:467:0,all,29.736328125,16to32,1.0,0.019493479281663895,0.013062437996268272,0.012949472293257713,0.012902973219752312,0.012891690246760845,0.0001594647765159607,4.649907350540161e-05,-1.1282972991466522e-05
29,2,467,29-2:467:0,inner_half,29.736328125,16to32,1.0,0.035647742450237274,0.021364601328969002,0.021066367626190186,0.02100425399839878,0.020652422681450844,0.00036034733057022095,6.211362779140472e-05,-0.000351831316947937
29,2,467,29-2:467:1,all,26.55108642578125,16to32,1.0,0.02484542317688465,0.016454674303531647,0.016566302627325058,0.016696300357580185,0.016760025173425674,-0.0002416260540485382,-0.00012999773025512695,6.37248158454895e-05
29,2,467,29-2:467:1,inner_half,26.55108642578125,16to32,1.0,0.031387608498334885,0.019601181149482727,0.019476357847452164,0.019599806517362595,0.01990855485200882,1.3746321201324463e-06,-0.0001234486699104309,0.000308748334646225
29,2,467,29-2:467:2,all,22.847869873046875,16to32,1.0,0.026070576161146164,0.019115084782242775,0.019094305112957954,0.019274314865469933,0.019001217558979988,-0.0001592300832271576,-0.00018000975251197815,-0.00027309730648994446
29,2,467,29-2:467:2,inner_half,22.847869873046875,16to32,1.0,0.038226593285799026,0.024591263383626938,0.02446584403514862,0.02474796399474144,0.024561086669564247,-0.00015670061111450195,-0.0002821199595928192,-0.0001868773251771927
29,2,467,29-2:467:3,all,17.9305419921875,16to32,1.0,0.03917994722723961,0.02711847610771656,0.02667894773185253,0.02652362920343876,0.026839561760425568,0.0005948469042778015,0.00015531852841377258,0.0003159325569868088
29,2,467,29-2:467:3,inner_half,17.9305419921875,16to32,1.0,0.06889665871858597,0.04435877501964569,0.04357267916202545,0.04251948744058609,0.04392292723059654,0.0018392875790596008,0.0010531917214393616,0.0014034397900104523
29,2,467,29-2:467:4,all,20.6136474609375,16to32,1.0,0.0759766548871994,0.07115490734577179,0.07117991149425507,0.07097972929477692,0.07126011699438095,0.00017517805099487305,0.00020018219947814941,0.0002803876996040344
29,2,467,29-2:467:4,inner_half,20.6136474609375,16to32,1.0,0.13051749765872955,0.12320446223020554,0.12336354702711105,0.12296371161937714,0.12310558557510376,0.00024075061082839966,0.00039983540773391724,0.00014187395572662354
29,2,467,29-2:467:5,all,17.14739990234375,16to32,1.0,0.012707268819212914,0.011778146959841251,0.011851014569401741,0.011773169040679932,0.011735506355762482,4.977919161319733e-06,7.784552872180939e-05,-3.766268491744995e-05
29,2,467,29-2:467:5,inner_half,17.14739990234375,16to32,1.0,0.01973579078912735,0.017039814963936806,0.017023656517267227,0.01704472117125988,0.01674078218638897,-4.906207323074341e-06,-2.1064653992652893e-05,-0.00030393898487091064
29,2,467,29-2:467:6,all,17.910308837890625,16to32,1.0,0.043720096349716187,0.029464764520525932,0.029434621334075928,0.02938549406826496,0.02925030328333378,7.927045226097107e-05,4.912726581096649e-05,-0.00013519078493118286
29,2,467,29-2:467:6,inner_half,17.910308837890625,16to32,1.0,0.06966782361268997,0.04469843953847885,0.045281946659088135,0.04537062346935272,0.044973816722631454,-0.0006721839308738708,-8.86768102645874e-05,-0.0003968067467212677
29,2,467,29-2:467:7,all,20.0892333984375,16to32,1.0,0.04369372874498367,0.0401180163025856,0.030265551060438156,0.0303164292126894,0.03451573848724365,0.009801587089896202,-5.087815225124359e-05,0.004199309274554253
29,2,467,29-2:467:7,inner_half,20.0892333984375,16to32,1.0,0.060413677245378494,0.05257674306631088,0.03727732226252556,0.04676639288663864,0.047925449907779694,0.005810350179672241,-0.009489070624113083,0.0011590570211410522
29,2,467,29-2:467:8,all,18.84552001953125,16to32,1.0,0.06263993680477142,0.02850133553147316,0.029890090227127075,0.020295334979891777,0.03171037882566452,0.008206000551581383,0.009594755247235298,0.011415043845772743
29,2,467,29-2:467:8,inner_half,18.84552001953125,16to32,1.0,0.09716616570949554,0.05028773844242096,0.05383623391389847,0.018047453835606575,0.05273408442735672,0.032240284606814384,0.03578878007829189,0.034686630591750145
29,2,467,29-2:467:9,all,15.11376953125,lt16,1.0,0.02152397111058235,0.021013010293245316,0.021247360855340958,0.020736966282129288,0.021290147677063942,0.00027604401111602783,0.0005103945732116699,0.0005531813949346542
29,2,467,29-2:467:9,inner_half,15.11376953125,lt16,1.0,0.037388816475868225,0.035460688173770905,0.035515815019607544,0.03428226709365845,0.035474471747875214,0.0011784210801124573,0.0012335479259490967,0.0011922046542167664
29,2,467,29-2:467:10,all,16.6434326171875,16to32,0.640625,0.04601069167256355,0.03843957185745239,0.03250325843691826,0.020736301317811012,0.03300488367676735,0.01770327053964138,0.011766957119107246,0.012268582358956337
29,2,467,29-2:467:10,inner_half,16.6434326171875,16to32,0.375,0.14089244604110718,0.10958355665206909,0.08753589540719986,0.02415476180613041,0.08445876836776733,0.08542879484593868,0.06338113360106945,0.060304006561636925
29,2,467,29-2:467:11,all,15.24462890625,lt16,1.0,0.023898664861917496,0.016233012080192566,0.016114771366119385,0.016183599829673767,0.016072247177362442,4.941225051879883e-05,-6.882846355438232e-05,-0.00011135265231132507
29,2,467,29-2:467:11,inner_half,15.24462890625,lt16,1.0,0.036702435463666916,0.021965613588690758,0.021885430440306664,0.021852759644389153,0.02148231863975525,0.00011285394430160522,3.2670795917510986e-05,-0.0003704410046339035
29,2,467,29-2:467:12,all,14.955322265625,lt16,1.0,0.05979929864406586,0.06375187635421753,0.06384730339050293,0.06190342456102371,0.06578900665044785,0.0018484517931938171,0.0019438788294792175,0.0038855820894241333
29,2,467,29-2:467:12,inner_half,14.955322265625,lt16,1.0,0.06256095319986343,0.06972435116767883,0.07214652001857758,0.06642308831214905,0.07275745272636414,0.003301262855529785,0.005723431706428528,0.006334364414215088
29,2,467,29-2:467:13,all,17.9945068359375,16to32,1.0,0.01773161068558693,0.013153381645679474,0.013057670556008816,0.013120501302182674,0.013241632841527462,3.288034349679947e-05,-6.283074617385864e-05,0.0001211315393447876
29,2,467,29-2:467:13,inner_half,17.9945068359375,16to32,1.0,0.02384861372411251,0.018242809921503067,0.01808609627187252,0.018159616738557816,0.018231477588415146,8.319318294525146e-05,-7.35204666852951e-05,7.186084985733032e-05
29,2,467,29-2:467:14,all,20.7060546875,16to32,0.9296875,0.06472553312778473,0.06324390321969986,0.05806891620159149,0.04924095794558525,0.060306064784526825,0.014002945274114609,0.00882795825600624,0.011065106838941574
29,2,467,29-2:467:14,inner_half,20.7060546875,16to32,0.78125,0.12164000421762466,0.11432507634162903,0.09822556376457214,0.07724778354167938,0.10753908008337021,0.037077292799949646,0.02097778022289276,0.030291296541690826
29,2,467,29-2:467:15,all,14.51220703125,lt16,1.0,0.0513172447681427,0.056948792189359665,0.054275937378406525,0.05441337078809738,0.055597610771656036,0.0025354214012622833,-0.00013743340969085693,0.0011842399835586548
29,2,467,29-2:467:15,inner_half,14.51220703125,lt16,1.0,0.06824555993080139,0.07629367709159851,0.07434887439012527,0.07454219460487366,0.07460933178663254,0.0017514824867248535,-0.00019332021474838257,6.713718175888062e-05
29,2,467,29-2:467:16,all,17.6522216796875,16to32,1.0,0.019584301859140396,0.019977930933237076,0.01992911845445633,0.019971832633018494,0.019933123141527176,6.098300218582153e-06,-4.271417856216431e-05,-3.870949149131775e-05
29,2,467,29-2:467:16,inner_half,17.6522216796875,16to32,1.0,0.028164369985461235,0.029203664511442184,0.029203664511442184,0.02934320829808712,0.02908979170024395,-0.0001395437866449356,-0.0001395437866449356,-0.00025341659784317017
29,2,467,29-2:467:17,all,14.0369873046875,lt16,1.0,0.043374307453632355,0.01681646518409252,0.017611481249332428,0.01704510860145092,0.01728862151503563,-0.00022864341735839844,0.0005663726478815079,0.00024351291358470917
29,2,467,29-2:467:17,inner_half,14.0369873046875,lt16,1.0,0.0994822084903717,0.027918042615056038,0.028641527518630028,0.027185680344700813,0.029035424813628197,0.0007323622703552246,0.0014558471739292145,0.0018497444689273834
29,2,467,29-2:467:18,all,15.0828857421875,lt16,1.0,0.0352330282330513,0.035275448113679886,0.03457856550812721,0.03462441265583038,0.035130519419908524,0.0006510354578495026,-4.5847147703170776e-05,0.0005061067640781403
29,2,467,29-2:467:18,inner_half,15.0828857421875,lt16,1.0,0.02508545108139515,0.02349604107439518,0.02294652909040451,0.022845439612865448,0.023028623312711716,0.0006506014615297318,0.0001010894775390625,0.0001831836998462677
29,2,467,29-2:467:19,all,16.598388671875,16to32,1.0,0.023181695491075516,0.02508568949997425,0.023829640820622444,0.023640580475330353,0.025727856904268265,0.001445109024643898,0.00018906034529209137,0.002087276428937912
29,2,467,29-2:467:19,inner_half,16.598388671875,16to32,1.0,0.029938802123069763,0.02899010293185711,0.028629714623093605,0.027619902044534683,0.03117268718779087,0.0013702008873224258,0.0010098125785589218,0.0035527851432561874
29,2,467,29-2:467:20,all,18.90972900390625,16to32,1.0,0.013388914987444878,0.009217317216098309,0.009321807883679867,0.009347009472548962,0.009295864030718803,-0.00012969225645065308,-2.520158886909485e-05,-5.1145441830158234e-05
29,2,467,29-2:467:20,inner_half,18.90972900390625,16to32,1.0,0.01963549107313156,0.01135605201125145,0.011870441026985645,0.011919569224119186,0.011697450652718544,-0.0005635172128677368,-4.912819713354111e-05,-0.0002221185714006424
29,2,467,29-2:467:21,all,17.25311279296875,16to32,1.0,0.022578511387109756,0.019628390669822693,0.019670406356453896,0.019672900438308716,0.019607650116086006,-4.450976848602295e-05,-2.4940818548202515e-06,-6.525032222270966e-05
29,2,467,29-2:467:21,inner_half,17.25311279296875,16to32,1.0,0.02737201750278473,0.0229983888566494,0.02291158214211464,0.023075897246599197,0.023220786824822426,-7.750838994979858e-05,-0.0001643151044845581,0.00014488957822322845
29,2,467,29-2:467:22,all,19.56207275390625,16to32,1.0,0.012162872590124607,0.00830685906112194,0.008610772900283337,0.008648460730910301,0.008252225816249847,-0.0003416016697883606,-3.768783062696457e-05,-0.0003962349146604538
29,2,467,29-2:467:22,inner_half,19.56207275390625,16to32,1.0,0.019090421497821808,0.010798776522278786,0.010954772122204304,0.01114206574857235,0.010508859530091286,-0.00034328922629356384,-0.0001872936263680458,-0.0006332062184810638
29,2,467,29-2:467:23,all,23.061767578125,16to32,1.0,0.019116204231977463,0.01116015762090683,0.0112086720764637,0.01127692125737667,0.011279715225100517,-0.000116763636469841,-6.82491809129715e-05,2.7939677238464355e-06
29,2,467,29-2:467:23,inner_half,23.061767578125,16to32,1.0,0.02596377767622471,0.012577928602695465,0.01271091029047966,0.0127885602414608,0.012788701802492142,-0.00021063163876533508,-7.764995098114014e-05,1.4156103134155273e-07
29,2,467,29-2:467:24,all,19.092880249023438,16to32,1.0,0.01653624325990677,0.012629515491425991,0.01248960755765438,0.012729139998555183,0.01255810260772705,-9.962450712919235e-05,-0.0002395324409008026,-0.00017103739082813263
29,2,467,29-2:467:24,inner_half,19.092880249023438,16to32,1.0,0.012708217836916447,0.01256562490016222,0.012597698718309402,0.012841477990150452,0.01255505345761776,-0.00027585308998823166,-0.0002437792718410492,-0.00028642453253269196
29,2,467,29-2:467:25,all,18.776260375976562,16to32,1.0,0.01776704378426075,0.01364508830010891,0.013480870984494686,0.013576642610132694,0.013773344457149506,6.844568997621536e-05,-9.577162563800812e-05,0.00019670184701681137
29,2,467,29-2:467:25,inner_half,18.776260375976562,16to32,1.0,0.020191648975014687,0.013678857125341892,0.01377892680466175,0.013869660906493664,0.013836389407515526,-0.00019080378115177155,-9.0734101831913e-05,-3.327149897813797e-05
29,2,467,29-2:467:26,all,11.9267578125,lt16,1.0,0.010711883194744587,0.008947614580392838,0.008977552875876427,0.009105287492275238,0.00894992332905531,-0.0001576729118824005,-0.00012773461639881134,-0.00015536416321992874
29,2,467,29-2:467:26,inner_half,11.9267578125,lt16,1.0,0.015100480057299137,0.012012236751616001,0.011996000073850155,0.012166700325906277,0.01203720923513174,-0.00015446357429027557,-0.00017070025205612183,-0.00012949109077453613
29,2,467,29-2:467:27,all,18.77508544921875,16to32,1.0,0.01794666051864624,0.013089663349092007,0.013066818937659264,0.013008256442844868,0.013155554421246052,8.140690624713898e-05,5.8562494814395905e-05,0.00014729797840118408
29,2,467,29-2:467:27,inner_half,18.77508544921875,16to32,1.0,0.02722528949379921,0.020810475572943687,0.020771939307451248,0.02066797949373722,0.020623980090022087,0.00014249607920646667,0.0001039598137140274,-4.399940371513367e-05
29,2,467,29-2:467:28,all,16.339569091796875,16to32,1.0,0.019515082240104675,0.019594594836235046,0.020047778263688087,0.020895788446068764,0.019470399245619774,-0.0013011936098337173,-0.0008480101823806763,-0.0014253892004489899
29,2,467,29-2:467:28,inner_half,16.339569091796875,16to32,1.0,0.02544664964079857,0.028228560462594032,0.03005380928516388,0.03331851214170456,0.02814815565943718,-0.005089951679110527,-0.00326470285654068,-0.00517035648226738
29,2,467,29-2:467:29,all,14.8243408203125,lt16,1.0,0.017572196200489998,0.014843618497252464,0.014798421412706375,0.014838139526546001,0.014716576784849167,5.47897070646286e-06,-3.971811383962631e-05,-0.00012156274169683456
29,2,467,29-2:467:29,inner_half,14.8243408203125,lt16,1.0,0.01754271797835827,0.01691080629825592,0.016816863790154457,0.016889449208974838,0.016590451821684837,2.1357089281082153e-05,-7.258541882038116e-05,-0.0002989973872900009
29,2,467,29-2:467:30,all,21.979766845703125,16to32,1.0,0.019849034026265144,0.013092445209622383,0.013218464329838753,0.012902069836854935,0.01314957533031702,0.00019037537276744843,0.00031639449298381805,0.0002475054934620857
29,2,467,29-2:467:30,inner_half,21.979766845703125,16to32,1.0,0.0246716495603323,0.014766019769012928,0.015199309214949608,0.01464085839688778,0.014992487616837025,0.00012516137212514877,0.0005584508180618286,0.00035162921994924545
29,2,467,29-2:467:31,all,16.76788330078125,16to32,1.0,0.02212434634566307,0.02207304909825325,0.022141937166452408,0.022100605070590973,0.022240757942199707,-2.755597233772278e-05,4.1332095861434937e-05,0.00014015287160873413
29,2,467,29-2:467:31,inner_half,16.76788330078125,16to32,1.0,0.025291714817285538,0.02515011467039585,0.025522902607917786,0.025633424520492554,0.02546362206339836,-0.0004833098500967026,-0.00011052191257476807,-0.0001698024570941925
29,2,467,29-2:467:32,all,18.4552001953125,16to32,1.0,0.014032729901373386,0.012953989207744598,0.012830751948058605,0.012845850549638271,0.012942453846335411,0.00010813865810632706,-1.5098601579666138e-05,9.660329669713974e-05
29,2,467,29-2:467:32,inner_half,18.4552001953125,16to32,1.0,0.01711469329893589,0.016253922134637833,0.016318727284669876,0.01618299074470997,0.016294270753860474,7.093138992786407e-05,0.00013573653995990753,0.00011128000915050507
29,2,467,29-2:467:33,all,14.86334228515625,lt16,1.0,0.020697643980383873,0.016071990132331848,0.016121629625558853,0.016124127432703972,0.01619260199368,-5.213730037212372e-05,-2.4978071451187134e-06,6.847456097602844e-05
29,2,467,29-2:467:33,inner_half,14.86334228515625,lt16,1.0,0.024678010493516922,0.019268913194537163,0.01919429376721382,0.01918264664709568,0.019388414919376373,8.626654744148254e-05,1.1647120118141174e-05,0.00020576827228069305
29,2,467,29-2:467:34,all,19.01031494140625,16to32,1.0,0.01467609591782093,0.01424597017467022,0.014276672154664993,0.014179151505231857,0.014384016394615173,6.681866943836212e-05,9.752064943313599e-05,0.00020486488938331604
29,2,467,29-2:467:34,inner_half,19.01031494140625,16to32,1.0,0.017925068736076355,0.01770325005054474,0.017750781029462814,0.01762855239212513,0.01792154088616371,7.469765841960907e-05,0.00012222863733768463,0.00029298849403858185
29,2,467,29-2:467:35,all,14.5693359375,lt16,1.0,0.024856582283973694,0.023738866671919823,0.02349289134144783,0.023463480174541473,0.02384057268500328,0.0002753864973783493,2.941116690635681e-05,0.00037709251046180725
29,2,467,29-2:467:35,inner_half,14.5693359375,lt16,1.0,0.03220495954155922,0.027363579720258713,0.027269592508673668,0.027249746024608612,0.027538668364286423,0.00011383369565010071,1.9846484065055847e-05,0.00028892233967781067
29,2,467,29-2:467:36,all,15.5465087890625,lt16,1.0,0.02483084797859192,0.025741301476955414,0.025933250784873962,0.02583693340420723,0.025961272418498993,-9.56319272518158e-05,9.631738066673279e-05,0.0001243390142917633
29,2,467,29-2:467:36,inner_half,15.5465087890625,lt16,1.0,0.03117542341351509,0.033052749931812286,0.03331679850816727,0.03302919864654541,0.03286075219511986,2.355128526687622e-05,0.0002875998616218567,-0.00016844645142555237
29,2,467,29-2:467:37,all,16.3170166015625,16to32,1.0,0.013355966657400131,0.012822004966437817,0.012996029108762741,0.012974063865840435,0.012987922877073288,-0.0001520588994026184,2.196524292230606e-05,1.3859011232852936e-05
29,2,467,29-2:467:37,inner_half,16.3170166015625,16to32,1.0,0.012832023203372955,0.012401467189192772,0.012401467189192772,0.012313244864344597,0.012536940164864063,8.822232484817505e-05,8.822232484817505e-05,0.0002236953005194664
29,2,467,29-2:467:38,all,18.196044921875,16to32,1.0,0.019297443330287933,0.021401427686214447,0.020739851519465446,0.0209973007440567,0.02165425568819046,0.00040412694215774536,-0.0002574492245912552,0.0006569549441337585
29,2,467,29-2:467:38,inner_half,18.196044921875,16to32,1.0,0.02332993410527706,0.02319866232573986,0.02320229262113571,0.023086724802851677,0.022646576166152954,0.0001119375228881836,0.00011556781828403473,-0.00044014863669872284
29,2,467,29-2:467:39,all,16.760894775390625,16to32,1.0,0.023848388344049454,0.019343700259923935,0.019387105479836464,0.019439049065113068,0.01933632604777813,-9.534880518913269e-05,-5.19435852766037e-05,-0.00010272301733493805
29,2,467,29-2:467:39,inner_half,16.760894775390625,16to32,1.0,0.03127674758434296,0.02163187973201275,0.02143929898738861,0.02173539809882641,0.021514853462576866,-0.00010351836681365967,-0.00029609911143779755,-0.00022054463624954224
29,2,467,29-2:467:40,all,15.49658203125,lt16,1.0,0.03232114762067795,0.028471868485212326,0.028296904638409615,0.028336379677057266,0.02862662822008133,0.00013548880815505981,-3.947503864765167e-05,0.0002902485430240631
29,2,467,29-2:467:40,inner_half,15.49658203125,lt16,1.0,0.03575972095131874,0.03196382895112038,0.03156767785549164,0.031358204782009125,0.03200244903564453,0.0006056241691112518,0.00020947307348251343,0.0006442442536354065
29,2,467,29-2:467:41,all,15.96435546875,lt16,1.0,0.024971168488264084,0.023856360465288162,0.02364475280046463,0.0236048586666584,0.02331104315817356,0.00025150179862976074,3.989413380622864e-05,-0.0002938155084848404
29,2,467,29-2:467:41,inner_half,15.96435546875,lt16,1.0,0.03406465798616409,0.030547117814421654,0.02950233966112137,0.02953413501381874,0.02934614196419716,0.001012982800602913,-3.1795352697372437e-05,-0.00018799304962158203
29,2,467,29-2:467:42,all,66.8271484375,ge32,1.0,0.019225897267460823,0.011682266369462013,0.011991379782557487,0.01201708521693945,0.012640140950679779,-0.00033481884747743607,-2.5705434381961823e-05,0.0006230557337403297
29,2,467,29-2:467:42,inner_half,66.8271484375,ge32,1.0,0.023788735270500183,0.015020030550658703,0.015277854166924953,0.01519541721791029,0.016599467024207115,-0.00017538666725158691,8.24369490146637e-05,0.0014040498062968254
29,2,467,29-2:467:43,all,71.01901245117188,ge32,0.953125,0.062214288860559464,0.03647247701883316,0.03912024572491646,0.016787204891443253,0.043007511645555496,0.019685272127389908,0.022333040833473206,0.026220306754112244
29,2,467,29-2:467:43,inner_half,71.01901245117188,ge32,1.0,0.06713944673538208,0.04046215862035751,0.04276276379823685,0.01976587250828743,0.04764348268508911,0.020696286112070084,0.022996891289949417,0.02787761017680168
29,2,467,29-2:467:44,all,47.62890625,ge32,1.0,0.01545560173690319,0.013095399364829063,0.011811142787337303,0.012286581099033356,0.013467999175190926,0.0008088182657957077,-0.00047543831169605255,0.0011814180761575699
29,2,467,29-2:467:44,inner_half,47.62890625,ge32,1.0,0.008475681766867638,0.006057740654796362,0.005873837508261204,0.006274790037423372,0.00655128201469779,-0.00021704938262701035,-0.0004009525291621685,0.0002764919772744179
29,2,467,29-2:467:45,all,64.94189453125,ge32,1.0,0.01822003722190857,0.013152481988072395,0.012955473735928535,0.0130873778834939,0.013301307335495949,6.510410457849503e-05,-0.00013190414756536484,0.0002139294520020485
29,2,467,29-2:467:45,inner_half,64.94189453125,ge32,1.0,0.020614344626665115,0.014665313996374607,0.014728402718901634,0.014804555103182793,0.015171943232417107,-0.00013924110680818558,-7.615238428115845e-05,0.00036738812923431396
29,2,467,29-2:467:46,all,50.8277587890625,ge32,1.0,0.01551098469644785,0.015745706856250763,0.014707045629620552,0.014844555407762527,0.016194216907024384,0.0009011514484882355,-0.0001375097781419754,0.001349661499261856
29,2,467,29-2:467:46,inner_half,50.8277587890625,ge32,1.0,0.020021844655275345,0.01840220019221306,0.018232736736536026,0.018785007297992706,0.019405588507652283,-0.00038280710577964783,-0.0005522705614566803,0.0006205812096595764
29,2,467,29-2:467:47,all,67.9810791015625,ge32,1.0,0.014667930081486702,0.011655541136860847,0.011510023847222328,0.011380398645997047,0.011553792282938957,0.00027514249086380005,0.00012962520122528076,0.0001733936369419098
29,2,467,29-2:467:47,inner_half,67.9810791015625,ge32,1.0,0.01550484262406826,0.012969769537448883,0.012853844091296196,0.013313322328031063,0.01301562786102295,-0.00034355279058218,-0.0004594782367348671,-0.00029769446700811386
29,2,467,29-2:467:48,all,44.16790771484375,ge32,0.68359375,0.12878601253032684,0.031305570155382156,0.06138141080737114,0.03551972284913063,0.0640052929520607,-0.004214152693748474,0.02586168795824051,0.02848557010293007
29,2,467,29-2:467:48,inner_half,44.16790771484375,ge32,0.75,0.15261210501194,0.030178597196936607,0.05993838235735893,0.027053704485297203,0.07194501161575317,0.0031248927116394043,0.03288467787206173,0.04489130713045597
29,2,467,29-2:467:49,all,45.9964599609375,ge32,1.0,0.015162058174610138,0.011401588097214699,0.01114141196012497,0.011198518797755241,0.011316276155412197,0.0002030692994594574,-5.710683763027191e-05,0.00011775735765695572
29,2,467,29-2:467:49,inner_half,45.9964599609375,ge32,1.0,0.020856086164712906,0.015831559896469116,0.015476278960704803,0.015738053247332573,0.01579372212290764,9.350664913654327e-05,-0.00026177428662776947,5.566887557506561e-05
29,2,467,29-2:467:50,all,44.609375,ge32,1.0,0.02243277058005333,0.020372554659843445,0.02130378782749176,0.021461406722664833,0.021095912903547287,-0.0010888520628213882,-0.00015761889517307281,-0.0003654938191175461
29,2,467,29-2:467:50,inner_half,44.609375,ge32,1.0,0.023465845733880997,0.01978418417274952,0.020567093044519424,0.020804014056921005,0.019694369286298752,-0.001019829884171486,-0.0002369210124015808,-0.0011096447706222534
29,2,467,29-2:467:51,all,48.6585693359375,ge32,1.0,0.0709739476442337,0.0176677368581295,0.025101251900196075,0.02018165960907936,0.03590799495577812,-0.0025139227509498596,0.0049195922911167145,0.01572633534669876
29,2,467,29-2:467:51,inner_half,48.6585693359375,ge32,1.0,0.044422879815101624,0.006174189038574696,0.01661795936524868,0.006080760154873133,0.026479903608560562,9.342888370156288e-05,0.010537199210375547,0.02039914345368743
29,2,467,29-2:467:52,all,45.599853515625,ge32,1.0,0.015039101243019104,0.010528584942221642,0.010680731385946274,0.010371198877692223,0.011369183659553528,0.00015738606452941895,0.0003095325082540512,0.0009979847818613052
29,2,467,29-2:467:52,inner_half,45.599853515625,ge32,1.0,0.02094004862010479,0.009269783273339272,0.010296769440174103,0.009019119665026665,0.01141163520514965,0.0002506636083126068,0.001277649775147438,0.002392515540122986
29,2,467,29-2:467:53,all,44.32989501953125,ge32,0.8046875,0.08823813498020172,0.024376114830374718,0.03277280181646347,0.02030324749648571,0.037144530564546585,0.004072867333889008,0.01246955431997776,0.016841283068060875
29,2,467,29-2:467:53,inner_half,44.32989501953125,ge32,1.0,0.06904196739196777,0.015825476497411728,0.02720903418958187,0.014006489887833595,0.03937942162156105,0.0018189866095781326,0.013202544301748276,0.025372931733727455
29,2,467,29-2:467:54,all,44.14202880859375,ge32,1.0,0.024508502334356308,0.021293088793754578,0.020928382873535156,0.02074602246284485,0.02177933230996132,0.000547066330909729,0.00018236041069030762,0.0010333098471164703
29,2,467,29-2:467:54,inner_half,44.14202880859375,ge32,1.0,0.030026042833924294,0.0279247984290123,0.02814669907093048,0.027590760961174965,0.029042057693004608,0.0003340374678373337,0.000555938109755516,0.0014512967318296432
29,2,467,29-2:467:55,all,40.34259033203125,ge32,1.0,0.01737806387245655,0.015636391937732697,0.015190417878329754,0.01571337878704071,0.01626250147819519,-7.698684930801392e-05,-0.0005229609087109566,0.00054912269115448
29,2,467,29-2:467:55,inner_half,40.34259033203125,ge32,1.0,0.02272045612335205,0.01950831152498722,0.018376491963863373,0.01885884627699852,0.02109215222299099,0.0006494652479887009,-0.0004823543131351471,0.00223330594599247
29,2,467,29-2:467:56,all,46.09033203125,ge32,1.0,0.018225640058517456,0.014317196793854237,0.014215218834578991,0.014271914958953857,0.014573654159903526,4.528183490037918e-05,-5.6696124374866486e-05,0.0003017392009496689
29,2,467,29-2:467:56,inner_half,46.09033203125,ge32,1.0,0.019002895802259445,0.01576615869998932,0.015819314867258072,0.015787001699209213,0.015958059579133987,-2.084299921989441e-05,3.231316804885864e-05,0.00017105787992477417
29,2,467,29-2:467:57,all,37.8406982421875,ge32,1.0,0.017396636307239532,0.017776239663362503,0.017045263200998306,0.017399776726961136,0.017871547490358353,0.0003764629364013672,-0.0003545135259628296,0.0004717707633972168
29,2,467,29-2:467:57,inner_half,37.8406982421875,ge32,1.0,0.013390796259045601,0.015139210969209671,0.014233598485589027,0.01501680351793766,0.01579284481704235,0.0001224074512720108,-0.0007832050323486328,0.0007760412991046906
29,2,467,29-2:467:58,all,33.4013671875,ge32,1.0,0.016262879595160484,0.012524144724011421,0.011914648115634918,0.01243797317147255,0.0133501086384058,8.617155253887177e-05,-0.0005233250558376312,0.0009121354669332504
29,2,467,29-2:467:58,inner_half,33.4013671875,ge32,1.0,0.01782270334661007,0.011843673884868622,0.009823210537433624,0.011894319206476212,0.013831602409482002,-5.064532160758972e-05,-0.0020711086690425873,0.0019372832030057907
29,2,467,29-2:467:59,all,32.3048095703125,ge32,1.0,0.019486665725708008,0.012433597818017006,0.012567585334181786,0.0124634625390172,0.012782336212694645,-2.986472100019455e-05,0.00010412279516458511,0.00031887367367744446
29,2,467,29-2:467:59,inner_half,32.3048095703125,ge32,1.0,0.023658204823732376,0.014539653435349464,0.015237309038639069,0.015044551342725754,0.015123276039958,-0.0005048979073762894,0.00019275769591331482,7.87246972322464e-05
29,2,467,29-2:467:60,all,30.05072021484375,16to32,1.0,0.017794953659176826,0.013489905744791031,0.013097645714879036,0.013398827984929085,0.013259830884635448,9.10777598619461e-05,-0.00030118227005004883,-0.00013899710029363632
29,2,467,29-2:467:60,inner_half,30.05072021484375,16to32,1.0,0.013932587578892708,0.010972985997796059,0.010966144502162933,0.010856520384550095,0.011158106848597527,0.00011646561324596405,0.00010962411761283875,0.00030158646404743195
29,2,467,29-2:467:61,all,32.944793701171875,ge32,1.0,0.01503620482981205,0.01458519883453846,0.013232462108135223,0.0142295453697443,0.01413292158395052,0.00035565346479415894,-0.0009970832616090775,-9.662378579378128e-05
29,2,467,29-2:467:61,inner_half,32.944793701171875,ge32,1.0,0.016538511961698532,0.01761452853679657,0.01611172966659069,0.018549542874097824,0.017409924417734146,-0.0009350143373012543,-0.0024378132075071335,-0.001139618456363678
29,2,467,29-2:467:62,all,36.61334228515625,ge32,0.85546875,0.08530522137880325,0.02358919568359852,0.03987943381071091,0.027214135974645615,0.03071892261505127,-0.0036249402910470963,0.012665297836065292,0.003504786640405655
29,2,467,29-2:467:62,inner_half,36.61334228515625,ge32,1.0,0.09740442037582397,0.014130320399999619,0.032221339643001556,0.013007570058107376,0.013808269053697586,0.0011227503418922424,0.01921376958489418,0.00080069899559021
29,2,467,29-2:467:63,all,26.78070068359375,16to32,1.0,0.022318344563245773,0.021190650761127472,0.020767515525221825,0.020904457196593285,0.02108672447502613,0.0002861935645341873,-0.00013694167137145996,0.00018226727843284607
29,2,467,29-2:467:63,inner_half,26.78070068359375,16to32,1.0,0.021708451211452484,0.02176222950220108,0.021831100806593895,0.02215341478586197,0.021731087937951088,-0.00039118528366088867,-0.00032231397926807404,-0.00042232684791088104
29,2,467,29-2:467:64,all,26.8162841796875,16to32,1.0,0.018736666068434715,0.015082674100995064,0.015218940563499928,0.01525326818227768,0.015432912856340408,-0.00017059408128261566,-3.432761877775192e-05,0.00017964467406272888
29,2,467,29-2:467:64,inner_half,26.8162841796875,16to32,1.0,0.01703966036438942,0.015119786374270916,0.015266907401382923,0.015507237985730171,0.01567915268242359,-0.0003874516114592552,-0.00024033058434724808,0.0001719146966934204
29,2,467,29-2:467:65,all,26.29437255859375,16to32,1.0,0.02193066105246544,0.019795596599578857,0.01960725523531437,0.019523829221725464,0.019450413063168526,0.00027176737785339355,8.342601358890533e-05,-7.341615855693817e-05
29,2,467,29-2:467:65,inner_half,26.29437255859375,16to32,1.0,0.023398783057928085,0.02302096225321293,0.022208038717508316,0.022521331906318665,0.021502945572137833,0.0004996303468942642,-0.0003132931888103485,-0.001018386334180832
29,2,467,29-2:467:66,all,42.1629638671875,ge32,1.0,0.032153040170669556,0.02427367866039276,0.023907652124762535,0.02365291863679886,0.024546131491661072,0.0006207600235939026,0.00025473348796367645,0.0008932128548622131
29,2,467,29-2:467:66,inner_half,42.1629638671875,ge32,1.0,0.03125913441181183,0.02154495194554329,0.02170194685459137,0.021478969603776932,0.021874798461794853,6.598234176635742e-05,0.00022297725081443787,0.00039582885801792145
29,2,467,29-2:467:67,all,30.6512451171875,16to32,1.0,0.008908480405807495,0.008913126774132252,0.008944721892476082,0.008889001794159412,0.008985811844468117,2.4124979972839355e-05,5.5720098316669464e-05,9.681005030870438e-05
29,2,467,29-2:467:67,inner_half,30.6512451171875,16to32,1.0,0.008215372450649738,0.008260032162070274,0.008343804627656937,0.008118672296404839,0.008262943476438522,0.0001413598656654358,0.00022513233125209808,0.00014427118003368378
29,2,467,29-2:467:68,all,34.3907470703125,ge32,1.0,0.01692962646484375,0.01699843630194664,0.01718679815530777,0.017204878851771355,0.017258349806070328,-0.00020644254982471466,-1.80806964635849e-05,5.3470954298973083e-05
29,2,467,29-2:467:68,inner_half,34.3907470703125,ge32,1.0,0.019258370622992516,0.018000885844230652,0.01830263063311577,0.01818251609802246,0.0186343751847744,-0.00018163025379180908,0.0001201145350933075,0.00045185908675193787
29,2,467,29-2:467:69,all,31.94085693359375,16to32,1.0,0.016523348167538643,0.014921938069164753,0.01498556137084961,0.014918352477252483,0.015023299492895603,3.5855919122695923e-06,6.720889359712601e-05,0.00010494701564311981
29,2,467,29-2:467:69,inner_half,31.94085693359375,16to32,1.0,0.01490901317447424,0.013826556503772736,0.01387406699359417,0.013815066777169704,0.014085217379033566,1.1489726603031158e-05,5.900021642446518e-05,0.0002701506018638611
29,2,467,29-2:467:70,all,33.5673828125,ge32,0.78515625,0.08513034880161285,0.05999627709388733,0.06848432868719101,0.053047165274620056,0.059004370123147964,0.006949111819267273,0.015437163412570953,0.005957204848527908
29,2,467,29-2:467:70,inner_half,33.5673828125,ge32,0.90625,0.09275425970554352,0.03661558777093887,0.04063941538333893,0.03528337553143501,0.05017739161849022,0.0013322122395038605,0.005356039851903915,0.014894016087055206
29,2,467,29-2:467:71,all,35.56170654296875,ge32,0.8125,0.08845067024230957,0.012939322739839554,0.033814020454883575,0.017110534012317657,0.04029293358325958,-0.004171211272478104,0.016703486442565918,0.023182399570941925
29,2,467,29-2:467:71,inner_half,35.56170654296875,ge32,1.0,0.14040681719779968,0.016314975917339325,0.04989732801914215,0.018010636791586876,0.060700468719005585,-0.001695660874247551,0.031886691227555275,0.04268983192741871
29,2,467,29-2:467:72,all,31.181640625,16to32,1.0,0.018865935504436493,0.014865150675177574,0.014759663492441177,0.01486915722489357,0.014665788970887661,-4.0065497159957886e-06,-0.00010949373245239258,-0.00020336825400590897
29,2,467,29-2:467:72,inner_half,31.181640625,16to32,1.0,0.01359650120139122,0.015436206012964249,0.014238525182008743,0.014412415213882923,0.01420171931385994,0.0010237907990813255,-0.00017389003187417984,-0.00021069590002298355
29,2,467,29-2:467:73,all,24.275405883789062,16to32,1.0,0.028031064197421074,0.023350903764367104,0.024240929633378983,0.024128831923007965,0.023483574390411377,-0.0007779281586408615,0.00011209771037101746,-0.0006452575325965881
29,2,467,29-2:467:73,inner_half,24.275405883789062,16to32,1.0,0.030711114406585693,0.025260137394070625,0.02496742643415928,0.025041308254003525,0.024883955717086792,0.00021882914006710052,-7.388181984424591e-05,-0.0001573525369167328
29,2,467,29-2:467:74,all,35.60394287109375,ge32,0.8125,0.11339517682790756,0.020786264911293983,0.037766728550195694,0.019893374294042587,0.04109921306371689,0.0008928906172513962,0.017873354256153107,0.0212058387696743
29,2,467,29-2:467:74,inner_half,35.60394287109375,ge32,1.0,0.13798879086971283,0.013693852350115776,0.03958791866898537,0.01441961620002985,0.040909625589847565,-0.0007257638499140739,0.025168302468955517,0.026490009389817715
29,2,467,29-2:467:75,all,31.4774169921875,16to32,1.0,0.02183864265680313,0.020581945776939392,0.02056003175675869,0.02061472460627556,0.020799657329916954,-3.277882933616638e-05,-5.469284951686859e-05,0.00018493272364139557
29,2,467,29-2:467:75,inner_half,31.4774169921875,16to32,1.0,0.024335037916898727,0.023783843964338303,0.024005111306905746,0.02392747811973095,0.02409464679658413,-0.0001436341553926468,7.763318717479706e-05,0.00016716867685317993
29,2,467,29-2:467:76,all,29.06549072265625,16to32,0.9296875,0.09875092655420303,0.03426526114344597,0.03335162624716759,0.032595444470644,0.03905271366238594,0.0016698166728019714,0.0007561817765235901,0.006457269191741943
29,2,467,29-2:467:76,inner_half,29.06549072265625,16to32,1.0,0.10357867926359177,0.02154012769460678,0.022064149379730225,0.02071928232908249,0.03301624953746796,0.000820845365524292,0.0013448670506477356,0.012296967208385468
29,2,467,29-2:467:77,all,31.92218017578125,16to32,0.6953125,0.09009373933076859,0.011053507216274738,0.02291964180767536,0.01248930674046278,0.02611594833433628,-0.0014357995241880417,0.010430335067212582,0.0136266415938735
29,2,467,29-2:467:77,inner_half,31.92218017578125,16to32,0.90625,0.08993204683065414,0.007788026239722967,0.02288145199418068,0.008834071457386017,0.01395746972411871,-0.0010460452176630497,0.014047380536794662,0.005123398266732693
29,2,467,29-2:467:78,all,30.30108642578125,16to32,1.0,0.015177274122834206,0.014271466061472893,0.014621885493397713,0.0147194042801857,0.014253908768296242,-0.0004479382187128067,-9.751878678798676e-05,-0.0004654955118894577
29,2,467,29-2:467:78,inner_half,30.30108642578125,16to32,1.0,0.016935041174292564,0.014834797009825706,0.014983655884861946,0.01503643300384283,0.014555450528860092,-0.00020163599401712418,-5.277711898088455e-05,-0.0004809824749827385
29,2,467,29-2:467:79,all,35.107666015625,ge32,1.0,0.022998332977294922,0.01948598399758339,0.019421925768256187,0.01931888423860073,0.020696092396974564,0.00016709975898265839,0.00010304152965545654,0.0013772081583738327
29,2,467,29-2:467:79,inner_half,35.107666015625,ge32,1.0,0.022591564804315567,0.02437134087085724,0.022837582975625992,0.023725062608718872,0.02459108456969261,0.0006462782621383667,-0.0008874796330928802,0.0008660219609737396
29,2,467,29-2:467:80,all,30.46929931640625,16to32,1.0,0.018328264355659485,0.017194142565131187,0.017315348610281944,0.017374664545059204,0.01732148416340351,-0.00018052197992801666,-5.931593477725983e-05,-5.3180381655693054e-05
29,2,467,29-2:467:80,inner_half,30.46929931640625,16to32,1.0,0.02178228832781315,0.01844107359647751,0.01836048811674118,0.018463868647813797,0.018244247883558273,-2.2795051336288452e-05,-0.00010338053107261658,-0.00021962076425552368
29,2,467,29-2:467:81,all,25.82416534423828,16to32,1.0,0.028045654296875,0.02194106951355934,0.021673692390322685,0.0219012089073658,0.021811719983816147,3.986060619354248e-05,-0.0002275165170431137,-8.94889235496521e-05
29,2,467,29-2:467:81,inner_half,25.82416534423828,16to32,1.0,0.02766416221857071,0.027784399688243866,0.027088960632681847,0.027998680248856544,0.028338823467493057,-0.00021428056061267853,-0.0009097196161746979,0.00034014321863651276
29,2,467,29-2:467:82,all,32.6346435546875,ge32,1.0,0.015239937230944633,0.014585230499505997,0.01450532115995884,0.014651507139205933,0.014621666632592678,-6.627663969993591e-05,-0.0001461859792470932,-2.9840506613254547e-05
29,2,467,29-2:467:82,inner_half,32.6346435546875,ge32,1.0,0.010847466066479683,0.010167865082621574,0.01019883994013071,0.01021324098110199,0.010317875072360039,-4.5375898480415344e-05,-1.4401040971279144e-05,0.00010463409125804901
29,2,467,29-2:467:83,all,22.162567138671875,16to32,1.0,0.02589215151965618,0.01901981420814991,0.018735500052571297,0.018564272671937943,0.019199015572667122,0.00045554153621196747,0.0001712273806333542,0.0006347429007291794
29,2,467,29-2:467:83,inner_half,22.162567138671875,16to32,1.0,0.03232713043689728,0.022702209651470184,0.023111823946237564,0.02288208156824112,0.023181535303592682,-0.00017987191677093506,0.0002297423779964447,0.0002994537353515625
29,2,467,29-2:467:84,all,38.8055419921875,ge32,1.0,0.018534153699874878,0.014346467331051826,0.014446308836340904,0.01433480903506279,0.014268494211137295,1.165829598903656e-05,0.00011149980127811432,-6.631482392549515e-05
29,2,467,29-2:467:84,inner_half,38.8055419921875,ge32,1.0,0.02564721181988716,0.017951279878616333,0.017887771129608154,0.01770584098994732,0.017884377390146255,0.000245438888669014,0.00018193013966083527,0.00017853640019893646
29,2,467,29-2:467:85,all,18.34266471862793,16to32,1.0,0.023358644917607307,0.017295850440859795,0.01726287044584751,0.01742495410144329,0.017335884273052216,-0.0001291036605834961,-0.00016208365559577942,-8.906982839107513e-05
29,2,467,29-2:467:85,inner_half,18.34266471862793,16to32,1.0,0.03111344575881958,0.02523292601108551,0.02514352835714817,0.025886163115501404,0.02552162855863571,-0.0006532371044158936,-0.0007426347583532333,-0.00036453455686569214
29,2,467,29-2:467:86,all,26.1094970703125,16to32,1.0,0.023910563439130783,0.017106179147958755,0.017018985003232956,0.016899416223168373,0.017101231962442398,0.00020676292479038239,0.00011956878006458282,0.00020181573927402496
29,2,467,29-2:467:86,inner_half,26.1094970703125,16to32,1.0,0.01946425251662731,0.014072570018470287,0.01430039294064045,0.013935761526226997,0.014188538305461407,0.00013680849224328995,0.00036463141441345215,0.00025277677923440933
29,2,467,29-2:467:87,all,24.445255279541016,16to32,1.0,0.026946578174829483,0.01995645835995674,0.019987473264336586,0.020000740885734558,0.019986361265182495,-4.428252577781677e-05,-1.3267621397972107e-05,-1.4379620552062988e-05
29,2,467,29-2:467:87,inner_half,24.445255279541016,16to32,1.0,0.03390941768884659,0.02603938989341259,0.02515833079814911,0.025321252644062042,0.02578711323440075,0.0007181372493505478,-0.00016292184591293335,0.00046586059033870697
29,2,467,29-2:467:88,all,18.54486083984375,16to32,1.0,0.02171226032078266,0.01635034941136837,0.01638711616396904,0.016437066718935966,0.01656876504421234,-8.671730756759644e-05,-4.9950554966926575e-05,0.00013169832527637482
29,2,467,29-2:467:88,inner_half,18.54486083984375,16to32,1.0,0.026036102324724197,0.018582550808787346,0.01873147115111351,0.018761049956083298,0.01938885636627674,-0.00017849914729595184,-2.9578804969787598e-05,0.0006278064101934433
29,2,467,29-2:467:89,all,22.397502899169922,16to32,1.0,0.026083871722221375,0.023928001523017883,0.023964086547493935,0.023954572156071663,0.023963062092661858,-2.6570633053779602e-05,9.514391422271729e-06,8.489936590194702e-06
29,2,467,29-2:467:89,inner_half,22.397502899169922,16to32,1.0,0.038773104548454285,0.03438092768192291,0.0339108370244503,0.033659376204013824,0.034564390778541565,0.0007215514779090881,0.00025146082043647766,0.0009050145745277405
29,2,467,29-2:467:90,all,21.928967833518982,16to32,1.0,0.02626616135239601,0.01865445449948311,0.01837923377752304,0.018577516078948975,0.018683569505810738,7.693842053413391e-05,-0.00019828230142593384,0.000106053426861763
29,2,467,29-2:467:90,inner_half,21.928967833518982,16to32,1.0,0.025581970810890198,0.01773129589855671,0.01777050644159317,0.017989275977015495,0.017282843589782715,-0.000257980078458786,-0.00021876953542232513,-0.0007064323872327805
29,2,467,29-2:467:91,all,28.26813903450966,16to32,0.83984375,0.10369808971881866,0.020465631037950516,0.0400574691593647,0.021514195948839188,0.03960394859313965,-0.0010485649108886719,0.018543273210525513,0.01808975264430046
29,2,467,29-2:467:91,inner_half,28.26813903450966,16to32,1.0,0.12398596853017807,0.018215838819742203,0.044681958854198456,0.015145329758524895,0.05175397917628288,0.003070509061217308,0.02953662909567356,0.03660864941775799
29,2,467,29-2:467:92,all,22.853090286254883,16to32,1.0,0.026036638766527176,0.015500016510486603,0.01543363556265831,0.015413384884595871,0.015388917177915573,8.663162589073181e-05,2.0250678062438965e-05,-2.446770668029785e-05
29,2,467,29-2:467:92,inner_half,22.853090286254883,16to32,1.0,0.0325012244284153,0.014902627095580101,0.015162385068833828,0.01473916880786419,0.014825298450887203,0.00016345828771591187,0.0004232162609696388,8.612964302301407e-05
29,2,467,29-2:467:93,all,36.43000793457031,ge32,1.0,0.015312938019633293,0.013741681352257729,0.013569915667176247,0.013475310057401657,0.013976221904158592,0.00026637129485607147,9.460560977458954e-05,0.0005009118467569351
29,2,467,29-2:467:93,inner_half,36.43000793457031,ge32,1.0,0.014923794195055962,0.016766779124736786,0.016621727496385574,0.016650410369038582,0.01748715341091156,0.00011636875569820404,-2.8682872653007507e-05,0.0008367430418729782
29,2,467,29-2:467:94,all,18.088003158569336,16to32,1.0,0.0313725471496582,0.022443361580371857,0.02238641493022442,0.02223498933017254,0.02250760607421398,0.00020837225019931793,0.00015142560005187988,0.00027261674404144287
29,2,467,29-2:467:94,inner_half,18.088003158569336,16to32,1.0,0.03766728937625885,0.02232642099261284,0.022180914878845215,0.02196262590587139,0.021869078278541565,0.00036379508674144745,0.00021828897297382355,-9.354762732982635e-05
29,2,467,29-2:467:95,all,17.017250061035156,16to32,1.0,0.019316457211971283,0.01672464981675148,0.016736917197704315,0.016743943095207214,0.01674475520849228,-1.9293278455734253e-05,-7.02589750289917e-06,8.121132850646973e-07
29,2,467,29-2:467:95,inner_half,17.017250061035156,16to32,1.0,0.014504541642963886,0.018030226230621338,0.018060684204101562,0.018135840073227882,0.018164783716201782,-0.0001056138426065445,-7.515586912631989e-05,2.894364297389984e-05
29,2,467,29-2:467:96,all,21.828163146972656,16to32,1.0,0.022371899336576462,0.024694792926311493,0.024088213220238686,0.02385512739419937,0.024648329243063927,0.0008396655321121216,0.00023308582603931427,0.0007932018488645554
29,2,467,29-2:467:96,inner_half,21.828163146972656,16to32,1.0,0.026108702644705772,0.021475836634635925,0.02145802602171898,0.0207571592181921,0.02082892693579197,0.0007186774164438248,0.0007008668035268784,7.176771759986877e-05
29,2,467,29-2:467:97,all,23.419971466064453,16to32,1.0,0.03138577938079834,0.02171613648533821,0.022018857300281525,0.021784666925668716,0.021956199780106544,-6.853044033050537e-05,0.00023419037461280823,0.00017153285443782806
29,2,467,29-2:467:97,inner_half,23.419971466064453,16to32,1.0,0.04249323159456253,0.03421236574649811,0.034289032220840454,0.034725673496723175,0.03382622450590134,-0.0005133077502250671,-0.00043664127588272095,-0.0008994489908218384
29,2,467,29-2:467:98,all,25.926456451416016,16to32,1.0,0.031120341271162033,0.015124298632144928,0.01542612537741661,0.015432675369083881,0.015172088518738747,-0.0003083767369389534,-6.54999166727066e-06,-0.00026058685034513474
29,2,467,29-2:467:98,inner_half,25.926456451416016,16to32,1.0,0.02889472059905529,0.013756750151515007,0.013535846956074238,0.01362994872033596,0.014139671809971333,0.00012680143117904663,-9.410176426172256e-05,0.0005097230896353722
29,2,467,29-2:467:99,all,21.215194702148438,16to32,1.0,0.019804008305072784,0.019296199083328247,0.018998008221387863,0.01908857561647892,0.019379470497369766,0.0002076234668493271,-9.056739509105682e-05,0.00029089488089084625
29,2,467,29-2:467:99,inner_half,21.215194702148438,16to32,1.0,0.019410517066717148,0.027229297906160355,0.02643183246254921,0.02653844654560089,0.02673359587788582,0.0006908513605594635,-0.00010661408305168152,0.00019514933228492737
69,1,233,69-1:233:0,all,15.8446044921875,lt16,0.16015625,0.07123155891895294,0.05276542156934738,0.050563644617795944,0.05226507410407066,0.04972358047962189,0.0005003474652767181,-0.0017014294862747192,-0.0025414936244487762
69,1,233,69-1:233:1,all,15.18463134765625,lt16,1.0,0.05391966924071312,0.05383036285638809,0.05366367846727371,0.05375805124640465,0.053654126822948456,7.231160998344421e-05,-9.437277913093567e-05,-0.00010392442345619202
69,1,233,69-1:233:1,inner_half,15.18463134765625,lt16,1.0,0.07018253207206726,0.06993427872657776,0.06986875832080841,0.06993723660707474,0.06979689002037048,-2.9578804969787598e-06,-6.84782862663269e-05,-0.00014034658670425415
69,1,233,69-1:233:2,all,11.619171142578125,lt16,1.0,0.01641276851296425,0.01616276055574417,0.016100622713565826,0.01628430001437664,0.0160580612719059,-0.00012153945863246918,-0.0001836773008108139,-0.00022623874247074127
69,1,233,69-1:233:2,inner_half,11.619171142578125,lt16,1.0,0.021706178784370422,0.021010058000683784,0.0210660882294178,0.021176988258957863,0.02095205709338188,-0.00016693025827407837,-0.00011090002954006195,-0.00022493116557598114
69,1,233,69-1:233:3,all,14.55426025390625,lt16,0.61328125,0.08667122572660446,0.02054031938314438,0.025425733998417854,0.0282294861972332,0.030544256791472435,-0.007689166814088821,-0.0028037521988153458,0.002314770594239235
69,1,233,69-1:233:3,inner_half,14.55426025390625,lt16,1.0,0.10280925035476685,0.02113058976829052,0.02494586631655693,0.026430636644363403,0.037206631153821945,-0.005300046876072884,-0.0014847703278064728,0.010775994509458542
69,1,233,69-1:233:4,all,13.060028076171875,lt16,1.0,0.02018810622394085,0.020198248326778412,0.020205413922667503,0.020311616361141205,0.020322801545262337,-0.00011336803436279297,-0.00010620243847370148,1.1185184121131897e-05
69,1,233,69-1:233:4,inner_half,13.060028076171875,lt16,1.0,0.02159104496240616,0.021652240306138992,0.02166362851858139,0.021937888115644455,0.02224051021039486,-0.00028564780950546265,-0.0002742595970630646,0.00030262209475040436
69,1,233,69-1:233:5,all,13.104736328125,lt16,1.0,0.02308591455221176,0.02131088264286518,0.022441312670707703,0.025359299033880234,0.024299051612615585,-0.004048416391015053,-0.002917986363172531,-0.0010602474212646484
69,1,233,69-1:233:5,inner_half,13.104736328125,lt16,1.0,0.03376676142215729,0.031923145055770874,0.03274887055158615,0.03779643774032593,0.037467584013938904,-0.005873292684555054,-0.005047567188739777,-0.0003288537263870239
69,1,233,69-1:233:6,all,14.12213134765625,lt16,1.0,0.02578168362379074,0.022312473505735397,0.02211158350110054,0.022129420191049576,0.02227047272026539,0.00018305331468582153,-1.7836689949035645e-05,0.00014105252921581268
69,1,233,69-1:233:6,inner_half,14.12213134765625,lt16,1.0,0.0263572558760643,0.02322443388402462,0.023155659437179565,0.02307601273059845,0.023116465657949448,0.00014842115342617035,7.964670658111572e-05,4.0452927350997925e-05
69,1,233,69-1:233:7,all,14.11553955078125,lt16,0.4609375,0.03249982371926308,0.0366143099963665,0.03397392854094505,0.02933785505592823,0.032785143703222275,0.007276454940438271,0.004636073485016823,0.0034472886472940445
69,1,233,69-1:233:8,all,14.9461669921875,lt16,1.0,0.10320906341075897,0.10026182234287262,0.09691990911960602,0.09135159850120544,0.09534518420696259,0.008910223841667175,0.005568310618400574,0.003993585705757141
69,1,233,69-1:233:8,inner_half,14.9461669921875,lt16,1.0,0.1349271833896637,0.1274990439414978,0.12121205776929855,0.10692379623651505,0.11518581211566925,0.020575247704982758,0.014288261532783508,0.008262015879154205
69,1,233,69-1:233:9,all,15.63824462890625,lt16,0.40234375,0.09071188420057297,0.07478572428226471,0.06877315789461136,0.04388391599059105,0.06458313763141632,0.03090180829167366,0.02488924190402031,0.02069922164082527
69,1,233,69-1:233:9,inner_half,15.63824462890625,lt16,0.5625,0.13271957635879517,0.1095210611820221,0.07501164078712463,0.01716778427362442,0.08060428500175476,0.09235327690839767,0.057843856513500214,0.06343650072813034
69,1,233,69-1:233:10,all,15.613067626953125,lt16,1.0,0.022598400712013245,0.02278083935379982,0.022800222039222717,0.022804096341133118,0.022726096212863922,-2.325698733329773e-05,-3.874301910400391e-06,-7.800012826919556e-05
69,1,233,69-1:233:10,inner_half,15.613067626953125,lt16,1.0,0.01979956403374672,0.021388335153460503,0.021311722695827484,0.021200302988290787,0.021145012229681015,0.00018803216516971588,0.00011141970753669739,-5.529075860977173e-05
69,1,233,69-1:233:11,all,11.6324462890625,lt16,1.0,0.039699479937553406,0.04037339240312576,0.04052721709012985,0.04002554714679718,0.040506403893232346,0.00034784525632858276,0.0005016699433326721,0.0004808567464351654
69,1,233,69-1:233:11,inner_half,11.6324462890625,lt16,1.0,0.05044729262590408,0.050381287932395935,0.05124124884605408,0.048184584826231,0.04981091246008873,0.0021967031061649323,0.0030566640198230743,0.001626327633857727
69,1,233,69-1:233:12,all,12.5384521484375,lt16,1.0,0.09013968706130981,0.0875338762998581,0.08748063445091248,0.08748546242713928,0.08768805861473083,4.8413872718811035e-05,-4.827976226806641e-06,0.00020259618759155273
69,1,233,69-1:233:12,inner_half,12.5384521484375,lt16,1.0,0.12001486122608185,0.11751656234264374,0.11724017560482025,0.11731894314289093,0.1175239086151123,0.00019761919975280762,-7.876753807067871e-05,0.0002049654722213745
69,1,233,69-1:233:13,all,17.27301025390625,16to32,0.56640625,0.18648090958595276,0.0893864631652832,0.12546050548553467,0.10447455942630768,0.12051970511674881,-0.015088096261024475,0.02098594605922699,0.01604514569044113
69,1,233,69-1:233:13,inner_half,17.27301025390625,16to32,1.0,0.205954909324646,0.12358227372169495,0.17407718300819397,0.11380916833877563,0.13725164532661438,0.009773105382919312,0.060268014669418335,0.023442476987838745
69,1,233,69-1:233:14,all,14.376953125,lt16,1.0,0.018796749413013458,0.018736612051725388,0.0187092162668705,0.018535584211349487,0.018726523965597153,0.00020102784037590027,0.00017363205552101135,0.0001909397542476654
69,1,233,69-1:233:14,inner_half,14.376953125,lt16,1.0,0.026277409866452217,0.025160152465105057,0.025055432692170143,0.02464248798787594,0.025096002966165543,0.0005176644772291183,0.0004129447042942047,0.0004535149782896042
69,1,233,69-1:233:15,all,15.73590087890625,lt16,0.48828125,0.03427023068070412,0.03391611948609352,0.034567419439554214,0.033905062824487686,0.034076061099767685,1.1056661605834961e-05,0.0006623566150665283,0.00017099827527999878
69,1,233,69-1:233:15,inner_half,15.73590087890625,lt16,0.1875,0.023933865129947662,0.023945674300193787,0.0241681095212698,0.02401801012456417,0.0237025935202837,-7.233582437038422e-05,0.00015009939670562744,-0.0003154166042804718
69,1,233,69-1:233:16,all,15.192489624023438,lt16,1.0,0.06229545921087265,0.05922222137451172,0.057752419263124466,0.05600185692310333,0.05868346616625786,0.0032203644514083862,0.0017505623400211334,0.0026816092431545258
69,1,233,69-1:233:16,inner_half,15.192489624023438,lt16,1.0,0.09287425130605698,0.08668790757656097,0.08439157903194427,0.08104477822780609,0.08534980565309525,0.005643129348754883,0.0033468008041381836,0.004305027425289154
69,1,233,69-1:233:17,all,15.8006591796875,lt16,1.0,0.0969444066286087,0.09148133546113968,0.09143927693367004,0.09110686182975769,0.09135562181472778,0.0003744736313819885,0.0003324151039123535,0.0002487599849700928
69,1,233,69-1:233:17,inner_half,15.8006591796875,lt16,1.0,0.1668987274169922,0.16080988943576813,0.16023892164230347,0.1600411832332611,0.16050131618976593,0.000768706202507019,0.0001977384090423584,0.0004601329565048218
69,1,233,69-1:233:18,all,20.3218994140625,16to32,0.31640625,0.02920009195804596,0.02953474223613739,0.028588656336069107,0.033320602029561996,0.03575703501701355,-0.0037858597934246063,-0.004731945693492889,0.0024364329874515533
69,1,233,69-1:233:19,all,13.548675537109375,lt16,0.765625,0.06909357756376266,0.06886494904756546,0.06035606190562248,0.053004078567028046,0.062260325998067856,0.015860870480537415,0.007351983338594437,0.00925624743103981
69,1,233,69-1:233:19,inner_half,13.548675537109375,lt16,0.609375,0.15600411593914032,0.15569457411766052,0.1432083696126938,0.11263100057840347,0.13507573306560516,0.04306357353925705,0.030577369034290314,0.02244473248720169
69,1,233,69-1:233:20,all,12.30181884765625,lt16,1.0,0.11946529150009155,0.11800166964530945,0.11823824048042297,0.11805986613035202,0.11809396743774414,-5.819648504257202e-05,0.00017837435007095337,3.410130739212036e-05
69,1,233,69-1:233:20,inner_half,12.30181884765625,lt16,1.0,0.274612158536911,0.2695443034172058,0.2695443034172058,0.2695106267929077,0.26967671513557434,3.36766242980957e-05,3.36766242980957e-05,0.00016608834266662598
69,1,233,69-1:233:21,all,8.98291015625,lt16,1.0,0.05789129063487053,0.057481929659843445,0.057588666677474976,0.05760218948125839,0.05765830725431442,-0.00012025982141494751,-1.3522803783416748e-05,5.6117773056030273e-05
69,1,233,69-1:233:21,inner_half,8.98291015625,lt16,1.0,0.1064532995223999,0.10705740004777908,0.10690239816904068,0.10700506716966629,0.10708227753639221,5.233287811279297e-05,-0.00010266900062561035,7.721036672592163e-05
69,1,233,69-1:233:22,all,13.647064208984375,lt16,0.7421875,0.06229972839355469,0.060362525284290314,0.05058343708515167,0.04723552241921425,0.055298518389463425,0.013127002865076065,0.0033479146659374237,0.008062995970249176
69,1,233,69-1:233:22,inner_half,13.647064208984375,lt16,0.515625,0.1263534277677536,0.1214171051979065,0.10055848211050034,0.095911905169487,0.10673455148935318,0.025505200028419495,0.004646576941013336,0.01082264631986618
69,1,233,69-1:233:23,all,10.145263671875,lt16,0.91015625,0.08948482573032379,0.07499347627162933,0.06881862878799438,0.0634610503911972,0.07836169004440308,0.011532425880432129,0.00535757839679718,0.014900639653205872
69,1,233,69-1:233:23,inner_half,10.145263671875,lt16,0.953125,0.13261772692203522,0.10736309736967087,0.10700277984142303,0.08786530792713165,0.10990879684686661,0.019497789442539215,0.019137471914291382,0.022043488919734955
69,1,233,69-1:233:24,all,14.3741455078125,lt16,0.484375,0.05473880469799042,0.05616651847958565,0.05083249509334564,0.04773848503828049,0.05654997006058693,0.00842803344130516,0.003094010055065155,0.008811485022306442
69,1,233,69-1:233:24,inner_half,14.3741455078125,lt16,0.125,0.07303906232118607,0.07204925268888474,0.07077015191316605,0.0655447468161583,0.07321443408727646,0.00650450587272644,0.0052254050970077515,0.007669687271118164
69,1,233,69-1:233:25,all,13.897705078125,lt16,0.94921875,0.1321406364440918,0.036786019802093506,0.03837147355079651,0.03450697287917137,0.0398750975728035,0.0022790469229221344,0.0038645006716251373,0.005368124693632126
69,1,233,69-1:233:25,inner_half,13.897705078125,lt16,1.0,0.29452359676361084,0.0664779394865036,0.07294872403144836,0.061947308480739594,0.06506696343421936,0.004530631005764008,0.01100141555070877,0.003119654953479767
69,1,233,69-1:233:26,all,15.893508911132812,lt16,1.0,0.040551669895648956,0.03687487542629242,0.03687820956110954,0.036618996411561966,0.036893874406814575,0.0002558790147304535,0.0002592131495475769,0.00027487799525260925
69,1,233,69-1:233:26,inner_half,15.893508911132812,lt16,1.0,0.05369468778371811,0.04781394451856613,0.04742206260561943,0.04737090319395065,0.04799523204565048,0.0004430413246154785,5.1159411668777466e-05,0.0006243288516998291
69,1,233,69-1:233:27,all,15.13958740234375,lt16,1.0,0.1519826203584671,0.15116555988788605,0.15064142644405365,0.15037861466407776,0.1508067101240158,0.0007869452238082886,0.0002628117799758911,0.0004280954599380493
69,1,233,69-1:233:27,inner_half,15.13958740234375,lt16,1.0,0.22665055096149445,0.22425183653831482,0.2244986742734909,0.22411903738975525,0.22276288270950317,0.0001327991485595703,0.00037963688373565674,-0.0013561546802520752
69,1,233,69-1:233:28,all,13.43231201171875,lt16,1.0,0.056643031537532806,0.05281715467572212,0.051216766238212585,0.05131792649626732,0.05176334083080292,0.0014992281794548035,-0.00010116025805473328,0.00044541433453559875
69,1,233,69-1:233:28,inner_half,13.43231201171875,lt16,1.0,0.08561083674430847,0.08029776811599731,0.07840836048126221,0.0796080157160759,0.0787586122751236,0.0006897523999214172,-0.0011996552348136902,-0.000849403440952301
69,1,233,69-1:233:29,all,15.823394775390625,lt16,1.0,0.037301525473594666,0.03643826022744179,0.03641004115343094,0.03648762404918671,0.03641459345817566,-4.936382174491882e-05,-7.758289575576782e-05,-7.303059101104736e-05
69,1,233,69-1:233:29,inner_half,15.823394775390625,lt16,1.0,0.05891530215740204,0.05796507000923157,0.0579306036233902,0.058101996779441833,0.05775336176156998,-0.0001369267702102661,-0.00017139315605163574,-0.0003486350178718567
69,1,233,69-1:233:30,all,12.90667724609375,lt16,0.1875,0.02182292938232422,0.018180448561906815,0.017902905121445656,0.01715170592069626,0.01769368164241314,0.001028742641210556,0.0007511992007493973,0.0005419757217168808
69,1,233,69-1:233:31,all,12.65789794921875,lt16,1.0,0.0719919204711914,0.071907639503479,0.07172786444425583,0.07182496041059494,0.07170410454273224,8.267909288406372e-05,-9.709596633911133e-05,-0.00012085586786270142
69,1,233,69-1:233:31,inner_half,12.65789794921875,lt16,1.0,0.13486348092556,0.13527178764343262,0.1355181634426117,0.1354897916316986,0.13469254970550537,-0.0002180039882659912,2.8371810913085938e-05,-0.0007972419261932373
69,1,233,69-1:233:32,all,14.45440673828125,lt16,0.7109375,0.08312594145536423,0.08147141337394714,0.07432139664888382,0.0715661495923996,0.07890331000089645,0.009905263781547546,0.0027552470564842224,0.007337160408496857
69,1,233,69-1:233:32,inner_half,14.45440673828125,lt16,0.625,0.11856577545404434,0.1138177141547203,0.10480424016714096,0.1044548749923706,0.11103663593530655,0.009362839162349701,0.0003493651747703552,0.006581760942935944
69,1,233,69-1:233:33,all,14.89337158203125,lt16,1.0,0.04143539071083069,0.03891205042600632,0.038859665393829346,0.03875305503606796,0.039014365524053574,0.0001589953899383545,0.00010661035776138306,0.00026131048798561096
69,1,233,69-1:233:33,inner_half,14.89337158203125,lt16,1.0,0.04244410991668701,0.03941301256418228,0.03941301256418228,0.03904068097472191,0.03982318937778473,0.0003723315894603729,0.0003723315894603729,0.0007825084030628204
69,1,233,69-1:233:34,all,10.63330078125,lt16,1.0,0.05464322865009308,0.05309362709522247,0.05297446623444557,0.05303439497947693,0.05311344191431999,5.9232115745544434e-05,-5.992874503135681e-05,7.904693484306335e-05
69,1,233,69-1:233:34,inner_half,10.63330078125,lt16,1.0,0.04075419157743454,0.03962705284357071,0.03953200578689575,0.039616260677576065,0.03930556774139404,1.0792165994644165e-05,-8.425489068031311e-05,-0.0003106929361820221
69,1,233,69-1:233:35,all,13.967529296875,lt16,0.96875,0.10431669652462006,0.07579291611909866,0.06802006810903549,0.041496820747852325,0.06912916153669357,0.03429609537124634,0.026523247361183167,0.027632340788841248
69,1,233,69-1:233:35,inner_half,13.967529296875,lt16,0.875,0.16215993463993073,0.13168957829475403,0.13076607882976532,0.05214342474937439,0.11326415836811066,0.07954615354537964,0.07862265408039093,0.06112073361873627
69,1,233,69-1:233:36,all,13.0947265625,lt16,0.51171875,0.07911083847284317,0.08005285263061523,0.07558166235685349,0.07551631331443787,0.07885647565126419,0.004536539316177368,6.53490424156189e-05,0.0033401623368263245
69,1,233,69-1:233:37,all,13.34814453125,lt16,0.3359375,0.03136872872710228,0.030460795387625694,0.02059735171496868,0.018813904374837875,0.027759728953242302,0.011646891012787819,0.001783447340130806,0.008945824578404427
69,1,233,69-1:233:37,inner_half,13.34814453125,lt16,0.21875,0.042875755578279495,0.04159810021519661,0.022292161360383034,0.01357403863221407,0.033348195254802704,0.02802406158298254,0.008718122728168964,0.019774156622588634
69,1,233,69-1:233:38,all,11.82421875,lt16,1.0,0.021798808127641678,0.02066918835043907,0.020487139001488686,0.020524991676211357,0.020676368847489357,0.00014419667422771454,-3.785267472267151e-05,0.00015137717127799988
69,1,233,69-1:233:38,inner_half,11.82421875,lt16,1.0,0.016596335917711258,0.014721201732754707,0.014721918851137161,0.014759039506316185,0.0147517379373312,-3.783777356147766e-05,-3.712065517902374e-05,-7.3015689849853516e-06
69,1,233,69-1:233:39,all,12.87677001953125,lt16,1.0,0.09234434366226196,0.09132818877696991,0.09165504574775696,0.09168136119842529,0.09137259423732758,-0.0003531724214553833,-2.631545066833496e-05,-0.0003087669610977173
69,1,233,69-1:233:39,inner_half,12.87677001953125,lt16,1.0,0.07502900809049606,0.07438813149929047,0.07439590990543365,0.07442386448383331,0.07425006479024887,-3.573298454284668e-05,-2.7954578399658203e-05,-0.00017379969358444214
69,1,233,69-1:233:40,all,15.60943603515625,lt16,0.83984375,0.08548784255981445,0.05812333524227142,0.06002604588866234,0.0601489320397377,0.06441303342580795,-0.002025596797466278,-0.00012288615107536316,0.0042641013860702515
69,1,233,69-1:233:40,inner_half,15.60943603515625,lt16,0.859375,0.13308197259902954,0.08122026175260544,0.08910059183835983,0.08332958072423935,0.09371451288461685,-0.002109318971633911,0.005771011114120483,0.010384932160377502
69,1,233,69-1:233:41,all,15.84857177734375,lt16,0.640625,0.1141372099518776,0.04501109570264816,0.041696395725011826,0.04174504801630974,0.0451415590941906,0.0032660476863384247,-4.86522912979126e-05,0.0033965110778808594
69,1,233,69-1:233:41,inner_half,15.84857177734375,lt16,0.953125,0.1241711974143982,0.050301291048526764,0.04350150749087334,0.043193817138671875,0.05121718347072601,0.007107473909854889,0.0003076903522014618,0.008023366332054138
69,1,233,69-1:233:42,all,9.287353515625,lt16,0.20703125,0.1100287139415741,0.11200575530529022,0.11050195246934891,0.10805471986532211,0.10987432301044464,0.003951035439968109,0.0024472326040267944,0.001819603145122528
69,1,233,69-1:233:43,all,15.8214111328125,lt16,0.890625,0.08600404113531113,0.06387993693351746,0.05859862640500069,0.06182047352194786,0.07556283473968506,0.0020594634115695953,-0.003221847116947174,0.013742361217737198
69,1,233,69-1:233:43,inner_half,15.8214111328125,lt16,1.0,0.09842060506343842,0.07087399065494537,0.0594819113612175,0.07177776098251343,0.08324593305587769,-0.0009037703275680542,-0.012295849621295929,0.011468172073364258
69,1,233,69-1:233:44,all,12.036376953125,lt16,1.0,0.04572615027427673,0.04740644246339798,0.04781581461429596,0.04723721370100975,0.04756537824869156,0.00016922876238822937,0.0005786009132862091,0.00032816454768180847
69,1,233,69-1:233:44,inner_half,12.036376953125,lt16,1.0,0.05791596323251724,0.06275030970573425,0.062467388808727264,0.0603337287902832,0.06290803849697113,0.00241658091545105,0.0021336600184440613,0.0025743097066879272
69,1,233,69-1:233:45,all,14.7291259765625,lt16,1.0,0.047441013157367706,0.04767024889588356,0.048090241849422455,0.047902196645736694,0.04874271899461746,-0.00023194774985313416,0.0001880452036857605,0.0008405223488807678
69,1,233,69-1:233:45,inner_half,14.7291259765625,lt16,1.0,0.04701382666826248,0.048420026898384094,0.048987410962581635,0.04712219163775444,0.04897695779800415,0.001297835260629654,0.0018652193248271942,0.00185476616024971
69,1,233,69-1:233:46,all,14.15234375,lt16,0.4765625,0.037786006927490234,0.039382342249155045,0.03940947353839874,0.03847917541861534,0.038330934941768646,0.0009031668305397034,0.0009302981197834015,-0.00014824047684669495
69,1,233,69-1:233:46,inner_half,14.15234375,lt16,0.171875,0.18328402936458588,0.19289565086364746,0.19148635864257812,0.18846088647842407,0.18394680321216583,0.004434764385223389,0.0030254721641540527,-0.00451408326625824
69,1,233,69-1:233:47,all,12.34674072265625,lt16,0.19921875,0.0191293153911829,0.017777299508452415,0.01811167597770691,0.018976330757141113,0.018387461081147194,-0.0011990312486886978,-0.0008646547794342041,-0.0005888696759939194
69,1,233,69-1:233:48,all,13.941253662109375,lt16,0.97265625,0.0574406273663044,0.04701150953769684,0.0461871474981308,0.04032332822680473,0.04976528510451317,0.006688181310892105,0.005863819271326065,0.009441956877708435
69,1,233,69-1:233:48,inner_half,13.941253662109375,lt16,1.0,0.05999742075800896,0.04401197284460068,0.044819992035627365,0.03164982423186302,0.04593677818775177,0.012362148612737656,0.013170167803764343,0.014286953955888748
69,1,233,69-1:233:57,all,13.40093994140625,lt16,1.0,0.019869571551680565,0.017989110201597214,0.018034059554338455,0.017987022176384926,0.017981920391321182,2.088025212287903e-06,4.703737795352936e-05,-5.101785063743591e-06
69,1,233,69-1:233:57,inner_half,13.40093994140625,lt16,1.0,0.021405687555670738,0.019014807417988777,0.019059326499700546,0.01891162618994713,0.018926164135336876,0.00010318122804164886,0.00014770030975341797,1.453794538974762e-05
69,1,233,69-1:233:58,all,17.3929443359375,16to32,1.0,0.019707877188920975,0.01894274726510048,0.01880751922726631,0.01890561729669571,0.019028693437576294,3.71299684047699e-05,-9.809806942939758e-05,0.00012307614088058472
69,1,233,69-1:233:58,inner_half,17.3929443359375,16to32,1.0,0.023501764982938766,0.02177279070019722,0.02139073982834816,0.021750371903181076,0.02207760699093342,2.24187970161438e-05,-0.00035963207483291626,0.0003272350877523422
69,1,233,69-1:233:59,all,11.891815185546875,lt16,1.0,0.017832808196544647,0.01691296696662903,0.01682257652282715,0.016834210604429245,0.0169437937438488,7.875636219978333e-05,-1.1634081602096558e-05,0.00010958313941955566
69,1,233,69-1:233:59,inner_half,11.891815185546875,lt16,1.0,0.020741064101457596,0.019160952419042587,0.019160952419042587,0.019160952419042587,0.01929878070950508,0.0,0.0,0.0001378282904624939
69,1,233,69-1:233:60,all,20.015625,16to32,1.0,0.015226215124130249,0.014456935226917267,0.0144211919978261,0.014493197202682495,0.01462625339627266,-3.626197576522827e-05,-7.200520485639572e-05,0.00013305619359016418
69,1,233,69-1:233:60,inner_half,20.015625,16to32,1.0,0.017826251685619354,0.01638219878077507,0.016321005299687386,0.016391614452004433,0.017017923295497894,-9.415671229362488e-06,-7.060915231704712e-05,0.0006263088434934616
69,1,233,69-1:233:61,all,23.186279296875,16to32,1.0,0.013627522625029087,0.013292510993778706,0.01323406957089901,0.013274036347866058,0.013363499194383621,1.8474645912647247e-05,-3.9966776967048645e-05,8.946284651756287e-05
69,1,233,69-1:233:61,inner_half,23.186279296875,16to32,1.0,0.016140911728143692,0.016854502260684967,0.016820533201098442,0.017032600939273834,0.01726628839969635,-0.0001780986785888672,-0.00021206773817539215,0.00023368746042251587
69,1,233,69-1:233:62,all,14.32183837890625,lt16,1.0,0.017277264967560768,0.016912324354052544,0.016939286142587662,0.016894228756427765,0.016947289928793907,1.8095597624778748e-05,4.505738615989685e-05,5.306117236614227e-05
69,1,233,69-1:233:62,inner_half,14.32183837890625,lt16,1.0,0.02156044915318489,0.02073962800204754,0.02064887247979641,0.020648673176765442,0.020648295059800148,9.095482528209686e-05,1.993030309677124e-07,-3.781169652938843e-07
69,1,233,69-1:233:63,all,20.474945068359375,16to32,1.0,0.015877289697527885,0.01615433394908905,0.01607884280383587,0.01610478386282921,0.016204403713345528,4.955008625984192e-05,-2.594105899333954e-05,9.961985051631927e-05
69,1,233,69-1:233:63,inner_half,20.474945068359375,16to32,1.0,0.02130703255534172,0.021116012707352638,0.020864611491560936,0.021059084683656693,0.021174471825361252,5.692802369594574e-05,-0.00019447319209575653,0.00011538714170455933
69,1,233,69-1:233:64,all,18.304107666015625,16to32,1.0,0.01879790984094143,0.018653426319360733,0.018894050270318985,0.01884419657289982,0.018597643822431564,-0.0001907702535390854,4.9853697419166565e-05,-0.0002465527504682541
69,1,233,69-1:233:64,inner_half,18.304107666015625,16to32,1.0,0.021544869989156723,0.021587956696748734,0.021595317870378494,0.021595317870378494,0.021256472915410995,-7.361173629760742e-06,0.0,-0.0003388449549674988
69,1,233,69-1:233:65,all,14.1295166015625,lt16,1.0,0.01750074326992035,0.016808025538921356,0.016714822500944138,0.01680893823504448,0.017046606168150902,-9.126961231231689e-07,-9.41157341003418e-05,0.00023766793310642242
69,1,233,69-1:233:65,inner_half,14.1295166015625,lt16,1.0,0.02072267234325409,0.01932157762348652,0.01932578720152378,0.019336797297000885,0.01943800412118435,-1.521967351436615e-05,-1.1010095477104187e-05,0.00010120682418346405
69,1,233,69-1:233:66,all,13.3125,lt16,1.0,0.015736732631921768,0.022342175245285034,0.021472688764333725,0.021481167525053024,0.02117238938808441,0.0008610077202320099,-8.478760719299316e-06,-0.00030877813696861267
69,1,233,69-1:233:66,inner_half,13.3125,lt16,1.0,0.01849806122481823,0.028030337765812874,0.02650800719857216,0.027733776718378067,0.025820845738053322,0.0002965610474348068,-0.0012257695198059082,-0.0019129309803247452
69,1,233,69-1:233:67,all,17.2476806640625,16to32,1.0,0.020073436200618744,0.021335268393158913,0.021215781569480896,0.021102502942085266,0.021315287798643112,0.00023276545107364655,0.00011327862739562988,0.00021278485655784607
69,1,233,69-1:233:67,inner_half,17.2476806640625,16to32,1.0,0.02846737578511238,0.03008185513317585,0.03018021024763584,0.029913771897554398,0.03022734262049198,0.00016808323562145233,0.0002664383500814438,0.0003135707229375839
69,1,233,69-1:233:68,all,17.6055908203125,16to32,1.0,0.01595216616988182,0.01667141355574131,0.016623202711343765,0.016621068120002747,0.01671154424548149,5.034543573856354e-05,2.1345913410186768e-06,9.047612547874451e-05
69,1,233,69-1:233:68,inner_half,17.6055908203125,16to32,1.0,0.019141823053359985,0.020701689645648003,0.020701689645648003,0.020646000280976295,0.02085072547197342,5.568936467170715e-05,5.568936467170715e-05,0.00020472519099712372
69,1,233,69-1:233:69,all,14.1376953125,lt16,1.0,0.024289004504680634,0.023600436747074127,0.023448796942830086,0.02341816946864128,0.02349923923611641,0.00018226727843284607,3.0627474188804626e-05,8.106976747512817e-05
69,1,233,69-1:233:69,inner_half,14.1376953125,lt16,1.0,0.03200595825910568,0.03079870156943798,0.03052164986729622,0.03052164986729622,0.030666537582874298,0.0002770517021417618,0.0,0.00014488771557807922
69,1,233,69-1:233:70,all,12.2723388671875,lt16,1.0,0.020704485476017,0.023814033716917038,0.02405860275030136,0.024241633713245392,0.023283375427126884,-0.0004275999963283539,-0.00018303096294403076,-0.0009582582861185074
69,1,233,69-1:233:70,inner_half,12.2723388671875,lt16,1.0,0.020576786249876022,0.02092793583869934,0.02023528516292572,0.02211076393723488,0.0213097482919693,-0.0011828280985355377,-0.0018754787743091583,-0.0008010156452655792
69,1,233,69-1:233:71,all,11.7579345703125,lt16,1.0,0.017475470900535583,0.016561418771743774,0.016404423862695694,0.016542790457606316,0.016732942312955856,1.86283141374588e-05,-0.00013836659491062164,0.0001901518553495407
69,1,233,69-1:233:71,inner_half,11.7579345703125,lt16,1.0,0.015291699208319187,0.013478557579219341,0.013516595587134361,0.013650713488459587,0.013935764320194721,-0.00017215590924024582,-0.00013411790132522583,0.0002850508317351341
69,1,233,69-1:233:72,all,12.7928466796875,lt16,1.0,0.03988359495997429,0.03320141136646271,0.03077317774295807,0.03030349500477314,0.03451703116297722,0.0028979163616895676,0.0004696827381849289,0.004213536158204079
69,1,233,69-1:233:72,inner_half,12.7928466796875,lt16,1.0,0.033272236585617065,0.028733279556035995,0.029264047741889954,0.028909003362059593,0.02917785942554474,-0.00017572380602359772,0.0003550443798303604,0.00026885606348514557
69,1,233,69-1:233:73,all,16.674072265625,16to32,1.0,0.01734882779419422,0.01693807542324066,0.017027324065566063,0.016864243894815445,0.016799677163362503,7.383152842521667e-05,0.00016308017075061798,-6.45667314529419e-05
69,1,233,69-1:233:73,inner_half,16.674072265625,16to32,1.0,0.01723918318748474,0.01634914241731167,0.01634914241731167,0.01640670746564865,0.01619575545191765,-5.756504833698273e-05,-5.756504833698273e-05,-0.0002109520137310028
69,1,233,69-1:233:74,all,16.0264892578125,16to32,1.0,0.014405292458832264,0.013422232121229172,0.013505049049854279,0.01343480497598648,0.01358625665307045,-1.257285475730896e-05,7.024407386779785e-05,0.00015145167708396912
69,1,233,69-1:233:74,inner_half,16.0264892578125,16to32,1.0,0.01408968586474657,0.013986228033900261,0.013791793026030064,0.013915898278355598,0.014626420103013515,7.032975554466248e-05,-0.00012410525232553482,0.000710521824657917
69,1,233,69-1:233:75,all,13.80255126953125,lt16,1.0,0.015820402652025223,0.016117412596940994,0.01605474203824997,0.016187284141778946,0.015949849039316177,-6.987154483795166e-05,-0.00013254210352897644,-0.00023743510246276855
69,1,233,69-1:233:75,inner_half,13.80255126953125,lt16,1.0,0.018463773652911186,0.019098060205578804,0.01899130828678608,0.019295288249850273,0.018714118748903275,-0.00019722804427146912,-0.0003039799630641937,-0.0005811695009469986
69,1,233,69-1:233:76,all,13.218994140625,lt16,1.0,0.01611127145588398,0.015164952725172043,0.015174172818660736,0.015137134119868279,0.01517216395586729,2.7818605303764343e-05,3.703869879245758e-05,3.5029835999011993e-05
69,1,233,69-1:233:76,inner_half,13.218994140625,lt16,1.0,0.014566197991371155,0.013733649626374245,0.013652250170707703,0.013702556490898132,0.013686838559806347,3.1093135476112366e-05,-5.030632019042969e-05,-1.571793109178543e-05
69,1,233,69-1:233:77,all,16.64990234375,16to32,1.0,0.017480380833148956,0.016844790428876877,0.016766760498285294,0.01676628366112709,0.016728578135371208,7.850676774978638e-05,4.76837158203125e-07,-3.770552575588226e-05
69,1,233,69-1:233:77,inner_half,16.64990234375,16to32,1.0,0.01609816402196884,0.015235108323395252,0.015253041870892048,0.015275979414582253,0.015279888175427914,-4.0871091187000275e-05,-2.293754369020462e-05,3.908760845661163e-06
69,1,233,69-1:233:78,all,16.7911376953125,16to32,1.0,0.017379848286509514,0.01479771826416254,0.01462695375084877,0.014624864794313908,0.014810888096690178,0.0001728534698486328,2.0889565348625183e-06,0.0001860233023762703
69,1,233,69-1:233:78,inner_half,16.7911376953125,16to32,1.0,0.01952516660094261,0.016635727137327194,0.01661847159266472,0.016487967222929,0.016753651201725006,0.00014775991439819336,0.00013050436973571777,0.00026568397879600525
69,1,233,69-1:233:79,all,12.6326904296875,lt16,1.0,0.019029123708605766,0.017545731738209724,0.017520016059279442,0.017531191930174828,0.01751956343650818,1.453980803489685e-05,-1.1175870895385742e-05,-1.1628493666648865e-05
69,1,233,69-1:233:79,inner_half,12.6326904296875,lt16,1.0,0.01746303215622902,0.014651427045464516,0.014634393155574799,0.014742002822458744,0.014549622312188148,-9.057577699422836e-05,-0.00010760966688394547,-0.00019238051027059555
69,1,233,69-1:233:80,all,16.6138916015625,16to32,1.0,0.019460562616586685,0.020395321771502495,0.020168207585811615,0.020322173833847046,0.020524688065052032,7.314793765544891e-05,-0.0001539662480354309,0.00020251423120498657
69,1,233,69-1:233:80,inner_half,16.6138916015625,16to32,1.0,0.021490000188350677,0.02243470773100853,0.022472050040960312,0.02251746505498886,0.022540580481290817,-8.275732398033142e-05,-4.5415014028549194e-05,2.3115426301956177e-05
69,1,233,69-1:233:81,all,13.70819091796875,lt16,1.0,0.02830565720796585,0.02695481665432453,0.027210934087634087,0.02703327313065529,0.02725258283317089,-7.845647633075714e-05,0.0001776609569787979,0.0002193097025156021
69,1,233,69-1:233:81,inner_half,13.70819091796875,lt16,1.0,0.03526737168431282,0.032440945506095886,0.032759543508291245,0.03259444981813431,0.03254813700914383,-0.00015350431203842163,0.00016509369015693665,-4.6312808990478516e-05
69,1,233,69-1:233:82,all,14.99371337890625,lt16,1.0,0.02504350244998932,0.024166719987988472,0.02413773164153099,0.024107523262500763,0.02416415326297283,5.9196725487709045e-05,3.020837903022766e-05,5.663000047206879e-05
69,1,233,69-1:233:82,inner_half,14.99371337890625,lt16,1.0,0.026527732610702515,0.026810169219970703,0.026752185076475143,0.02652023173868656,0.026743527501821518,0.00028993748128414154,0.00023195333778858185,0.00022329576313495636
69,1,233,69-1:233:83,all,16.77392578125,16to32,1.0,0.026470759883522987,0.02662230283021927,0.026633339002728462,0.026459218934178352,0.026749219745397568,0.00016308389604091644,0.00017412006855010986,0.0002900008112192154
69,1,233,69-1:233:83,inner_half,16.77392578125,16to32,1.0,0.03436245396733284,0.03426471725106239,0.0342915840446949,0.03411446511745453,0.034730080515146255,0.00015025213360786438,0.0001771189272403717,0.0006156153976917267
69,1,233,69-1:233:84,all,14.8138427734375,lt16,1.0,0.024481551721692085,0.023498594760894775,0.023543288931250572,0.023511838167905807,0.023700255900621414,-1.3243407011032104e-05,3.145076334476471e-05,0.0001884177327156067
69,1,233,69-1:233:84,inner_half,14.8138427734375,lt16,1.0,0.021456431597471237,0.020464051514863968,0.020412849262356758,0.020459143444895744,0.0208926722407341,4.908069968223572e-06,-4.6294182538986206e-05,0.000433528795838356
69,1,233,69-1:233:85,all,19.027908325195312,16to32,1.0,0.021987292915582657,0.02207932248711586,0.022071991115808487,0.02195553481578827,0.02216748334467411,0.00012378767132759094,0.0001164563000202179,0.00021194852888584137
69,1,233,69-1:233:85,inner_half,19.027908325195312,16to32,1.0,0.02203889563679695,0.024287842214107513,0.024229098111391068,0.02432127110660076,0.02405111864209175,-3.3428892493247986e-05,-9.217299520969391e-05,-0.0002701524645090103
69,1,233,69-1:233:86,all,10.891845703125,lt16,1.0,0.019936127588152885,0.02131124772131443,0.021324394270777702,0.021246828138828278,0.02110946923494339,6.441958248615265e-05,7.756613194942474e-05,-0.0001373589038848877
69,1,233,69-1:233:86,inner_half,10.891845703125,lt16,1.0,0.023534860461950302,0.02317197620868683,0.023324664682149887,0.02336597442626953,0.02294471114873886,-0.00019399821758270264,-4.1309744119644165e-05,-0.00042126327753067017
69,1,233,69-1:233:87,all,17.664642333984375,16to32,1.0,0.018400121480226517,0.01810913160443306,0.018139485269784927,0.018130965530872345,0.018019884824752808,-2.183392643928528e-05,8.519738912582397e-06,-0.00011108070611953735
69,1,233,69-1:233:87,inner_half,17.664642333984375,16to32,1.0,0.015257253311574459,0.014927903190255165,0.015042653307318687,0.01532349456101656,0.014957664534449577,-0.0003955913707613945,-0.00028084125369787216,-0.00036583002656698227
69,1,233,69-1:233:92,all,49.735504150390625,ge32,1.0,0.012266883626580238,0.01259392686188221,0.012647398747503757,0.012702574022114277,0.012531564570963383,-0.00010864716023206711,-5.517527461051941e-05,-0.00017100945115089417
69,1,233,69-1:233:92,inner_half,49.735504150390625,ge32,1.0,0.010457255877554417,0.009006155654788017,0.008974484167993069,0.009808867238461971,0.00922352634370327,-0.000802711583673954,-0.0008343830704689026,-0.0005853408947587013
69,1,233,69-1:233:93,all,33.10919189453125,ge32,1.0,0.023445865139365196,0.020806405693292618,0.02082275226712227,0.020868483930826187,0.02074318751692772,-6.207823753356934e-05,-4.573166370391846e-05,-0.00012529641389846802
69,1,233,69-1:233:93,inner_half,33.10919189453125,ge32,1.0,0.017248019576072693,0.01584935374557972,0.015820711851119995,0.015841055661439896,0.015620609745383263,8.298084139823914e-06,-2.0343810319900513e-05,-0.000220445916056633
69,1,233,69-1:233:94,all,33.6834716796875,ge32,1.0,0.024205820634961128,0.02444716915488243,0.02444666624069214,0.024410758167505264,0.024637002497911453,3.641098737716675e-05,3.590807318687439e-05,0.00022624433040618896
69,1,233,69-1:233:94,inner_half,33.6834716796875,ge32,1.0,0.02465878054499626,0.024071069434285164,0.02412221021950245,0.02374088205397129,0.024226387962698936,0.0003301873803138733,0.00038132816553115845,0.0004855059087276459
69,1,233,69-1:233:95,all,34.2001953125,ge32,1.0,0.02291438914835453,0.02137395739555359,0.02157948724925518,0.021752996370196342,0.021487604826688766,-0.0003790389746427536,-0.0001735091209411621,-0.000265391543507576
69,1,233,69-1:233:95,inner_half,34.2001953125,ge32,1.0,0.020384283736348152,0.01925702765583992,0.019237659871578217,0.01922198012471199,0.019086945801973343,3.504753112792969e-05,1.5679746866226196e-05,-0.00013503432273864746
69,1,233,69-1:233:96,all,41.90771484375,ge32,0.95703125,0.08504965901374817,0.034816205501556396,0.05652609467506409,0.03984317183494568,0.054634902626276016,-0.005026966333389282,0.016682922840118408,0.014791730791330338
69,1,233,69-1:233:96,inner_half,41.90771484375,ge32,1.0,0.1133166030049324,0.033049777150154114,0.05793877691030502,0.03518243879079819,0.06815512478351593,-0.0021326616406440735,0.022756338119506836,0.03297268599271774
69,1,233,69-1:233:97,all,34.0987548828125,ge32,1.0,0.03293771296739578,0.031151769682765007,0.030953899025917053,0.03071504458785057,0.03111698478460312,0.00043672509491443634,0.00023885443806648254,0.0004019401967525482
69,1,233,69-1:233:97,inner_half,34.0987548828125,ge32,1.0,0.027446217834949493,0.02825057879090309,0.028654947876930237,0.028020638972520828,0.02897236868739128,0.00022993981838226318,0.0006343089044094086,0.0009517297148704529
69,1,233,69-1:233:98,all,32.7589111328125,ge32,1.0,0.02511705458164215,0.024513758718967438,0.024598464369773865,0.02469780296087265,0.02463161014020443,-0.0001840442419052124,-9.93385910987854e-05,-6.619282066822052e-05
69,1,233,69-1:233:98,inner_half,32.7589111328125,ge32,1.0,0.02390499971807003,0.024097999557852745,0.023991744965314865,0.024124447256326675,0.023789413273334503,-2.644769847393036e-05,-0.0001327022910118103,-0.00033503398299217224
69,1,233,69-1:233:99,all,32.52496337890625,ge32,1.0,0.02053227461874485,0.019446609541773796,0.019411727786064148,0.019397370517253876,0.019548293203115463,4.923902451992035e-05,1.4357268810272217e-05,0.00015092268586158752
69,1,233,69-1:233:99,inner_half,32.52496337890625,ge32,1.0,0.016714517027139664,0.01582629606127739,0.015815244987607002,0.015938851982355118,0.015847042202949524,-0.00011255592107772827,-0.00012360699474811554,-9.180977940559387e-05
69,1,467,69-1:467:0,all,20.40380859375,16to32,1.0,0.014782844111323357,0.014392195269465446,0.014381328597664833,0.01436140201985836,0.014474686235189438,3.079324960708618e-05,1.992657780647278e-05,0.00011328421533107758
69,1,467,69-1:467:0,inner_half,20.40380859375,16to32,1.0,0.02041592076420784,0.01960267685353756,0.01972002163529396,0.01960357464849949,0.019742080941796303,-8.977949619293213e-07,0.00011644698679447174,0.00013850629329681396
69,1,467,69-1:467:1,all,14.51806640625,lt16,1.0,0.013014741241931915,0.012468043714761734,0.012494247406721115,0.01249401830136776,0.0125751793384552,-2.5974586606025696e-05,2.2910535335540771e-07,8.116103708744049e-05
69,1,467,69-1:467:1,inner_half,14.51806640625,lt16,1.0,0.015140649862587452,0.014361114241182804,0.014243152923882008,0.014239282347261906,0.014573462307453156,0.00012183189392089844,3.870576620101929e-06,0.00033417996019124985
69,1,467,69-1:467:2,all,14.86566162109375,lt16,0.65625,0.1015414372086525,0.05694977939128876,0.05315691977739334,0.06065772846341133,0.07888797670602798,-0.003707949072122574,-0.00750080868601799,0.018230248242616653
69,1,467,69-1:467:2,inner_half,14.86566162109375,lt16,0.859375,0.17480184137821198,0.08422240614891052,0.06264915317296982,0.1081082671880722,0.12022282928228378,-0.023885861039161682,-0.045459114015102386,0.012114562094211578
69,1,467,69-1:467:3,all,12.64068603515625,lt16,0.76953125,0.1273425817489624,0.08625748753547668,0.093891441822052,0.10445822030305862,0.09142641723155975,-0.01820073276758194,-0.010566778481006622,-0.01303180307149887
69,1,467,69-1:467:3,inner_half,12.64068603515625,lt16,0.296875,0.1777837723493576,0.10118329524993896,0.08446771651506424,0.06051845848560333,0.11925886571407318,0.04066483676433563,0.023949258029460907,0.05874040722846985
69,1,467,69-1:467:4,all,13.32867431640625,lt16,0.640625,0.17895543575286865,0.0621267631649971,0.07630652189254761,0.06709903478622437,0.06876655668020248,-0.004972271621227264,0.009207487106323242,0.001667521893978119
69,1,467,69-1:467:4,inner_half,13.32867431640625,lt16,0.90625,0.18675772845745087,0.06765134632587433,0.09571177512407303,0.07751592993736267,0.07649613916873932,-0.009864583611488342,0.018195845186710358,-0.001019790768623352
69,1,467,69-1:467:5,all,11.051513671875,lt16,1.0,0.1724734902381897,0.1718997359275818,0.17193251848220825,0.17152923345565796,0.17241890728473663,0.0003705024719238281,0.00040328502655029297,0.0008896738290786743
69,1,467,69-1:467:5,inner_half,11.051513671875,lt16,1.0,0.268591046333313,0.2608445882797241,0.2607635259628296,0.26102226972579956,0.26210346817970276,-0.00017768144607543945,-0.0002587437629699707,0.0010811984539031982
69,1,467,69-1:467:6,all,14.8299560546875,lt16,0.9609375,0.13948887586593628,0.07990815490484238,0.07890437543392181,0.05892697721719742,0.08289127051830292,0.02098117768764496,0.019977398216724396,0.0239642933011055
69,1,467,69-1:467:6,inner_half,14.8299560546875,lt16,1.0,0.19874122738838196,0.08774952590465546,0.09808846563100815,0.05222742259502411,0.09797164052724838,0.03552210330963135,0.04586104303598404,0.045744217932224274
69,1,467,69-1:467:7,all,19.4197998046875,16to32,0.69140625,0.0937427505850792,0.04182584211230278,0.06714270263910294,0.053382642567157745,0.06185070425271988,-0.011556800454854965,0.01376006007194519,0.008468061685562134
69,1,467,69-1:467:7,inner_half,19.4197998046875,16to32,0.671875,0.1063556894659996,0.06549327075481415,0.1050238385796547,0.059091076254844666,0.09334322810173035,0.006402194499969482,0.04593276232481003,0.03425215184688568
69,1,467,69-1:467:8,all,11.6978759765625,lt16,0.96484375,0.07857996225357056,0.06466363370418549,0.06395644694566727,0.06498660892248154,0.072832390666008,-0.000322975218296051,-0.00103016197681427,0.007845781743526459
69,1,467,69-1:467:8,inner_half,11.6978759765625,lt16,0.859375,0.12426640093326569,0.09844648092985153,0.08626352995634079,0.08096067607402802,0.09812144190073013,0.017485804855823517,0.005302853882312775,0.017160765826702118
69,1,467,69-1:467:9,all,15.904296875,lt16,1.0,0.02926655113697052,0.029910413548350334,0.02994067221879959,0.03001466579735279,0.029946036636829376,-0.00010425224900245667,-7.399357855319977e-05,-6.862916052341461e-05
69,1,467,69-1:467:9,inner_half,15.904296875,lt16,1.0,0.052559684962034225,0.0539909191429615,0.05410232022404671,0.0539923757314682,0.05391034111380577,-1.4565885066986084e-06,0.00010994449257850647,-8.203461766242981e-05
69,1,467,69-1:467:10,all,12.352294921875,lt16,1.0,0.13248488306999207,0.12317557632923126,0.12394067645072937,0.11641035228967667,0.12397001683712006,0.006765224039554596,0.007530324161052704,0.00755966454744339
69,1,467,69-1:467:10,inner_half,12.352294921875,lt16,1.0,0.1531812697649002,0.13128021359443665,0.1294301152229309,0.128051295876503,0.1305522918701172,0.003228917717933655,0.0013788193464279175,0.0025009959936141968
69,1,467,69-1:467:11,all,14.767822265625,lt16,0.9609375,0.11714465171098709,0.09432069957256317,0.09250027686357498,0.08779355138540268,0.10290421545505524,0.006527148187160492,0.004706725478172302,0.015110664069652557
69,1,467,69-1:467:11,inner_half,14.767822265625,lt16,1.0,0.16452758014202118,0.12953779101371765,0.1256132423877716,0.10850977897644043,0.13491451740264893,0.02102801203727722,0.017103463411331177,0.026404738426208496
69,1,467,69-1:467:12,all,17.391204833984375,16to32,1.0,0.08829948306083679,0.07971055060625076,0.06559578329324722,0.06259126961231232,0.06493335217237473,0.017119280993938446,0.003004513680934906,0.0023420825600624084
69,1,467,69-1:467:12,inner_half,17.391204833984375,16to32,1.0,0.1388990879058838,0.1270093023777008,0.10380807518959045,0.08774234354496002,0.10042329877614975,0.039266958832740784,0.016065731644630432,0.012680955231189728
69,1,467,69-1:467:13,all,16.76934814453125,16to32,0.65234375,0.19202569127082825,0.0623130239546299,0.15120968222618103,0.0749259740114212,0.10421311855316162,-0.012612950056791306,0.07628370821475983,0.029287144541740417
69,1,467,69-1:467:13,inner_half,16.76934814453125,16to32,0.953125,0.2506352365016937,0.09149350970983505,0.22175289690494537,0.09280812740325928,0.16835129261016846,-0.0013146176934242249,0.1289447695016861,0.07554316520690918
69,1,467,69-1:467:14,all,12.928955078125,lt16,1.0,0.014303972944617271,0.013480526395142078,0.013545749709010124,0.013465207070112228,0.013511702418327332,1.5319325029850006e-05,8.054263889789581e-05,4.649534821510315e-05
69,1,467,69-1:467:14,inner_half,12.928955078125,lt16,1.0,0.01927931234240532,0.01810360513627529,0.01821354776620865,0.01802421733736992,0.01798684149980545,7.938779890537262e-05,0.00018933042883872986,-3.7375837564468384e-05
69,1,467,69-1:467:15,all,14.1632080078125,lt16,0.9921875,0.13189586997032166,0.0834498181939125,0.09213680773973465,0.08304207026958466,0.10337143391370773,0.00040774792432785034,0.009094737470149994,0.020329363644123077
69,1,467,69-1:467:15,inner_half,14.1632080078125,lt16,1.0,0.23247754573822021,0.12286204099655151,0.14821180701255798,0.11668696999549866,0.14545202255249023,0.0061750710010528564,0.031524837017059326,0.028765052556991577
69,1,467,69-1:467:16,all,11.043212890625,lt16,1.0,0.1638028621673584,0.07312382757663727,0.0836886614561081,0.07664192467927933,0.09640897810459137,-0.0035180971026420593,0.007046736776828766,0.019767053425312042
69,1,467,69-1:467:16,inner_half,11.043212890625,lt16,1.0,0.19010552763938904,0.07979688048362732,0.0863475650548935,0.08549995720386505,0.10459548979997635,-0.005703076720237732,0.0008476078510284424,0.019095532596111298
69,1,467,69-1:467:17,all,16.31201171875,16to32,1.0,0.016965795308351517,0.016454899683594704,0.016162216663360596,0.016449280083179474,0.016495630145072937,5.619600415229797e-06,-0.0002870634198188782,4.6350061893463135e-05
69,1,467,69-1:467:17,inner_half,16.31201171875,16to32,1.0,0.014454541727900505,0.01297394186258316,0.012906303629279137,0.012874869629740715,0.01286112517118454,9.907223284244537e-05,3.143399953842163e-05,-1.3744458556175232e-05
69,1,467,69-1:467:18,all,14.003662109375,lt16,1.0,0.023357369005680084,0.02313127927482128,0.02317042276263237,0.023139476776123047,0.02310403808951378,-8.197501301765442e-06,3.094598650932312e-05,-3.543868660926819e-05
69,1,467,69-1:467:18,inner_half,14.003662109375,lt16,1.0,0.034848686307668686,0.033782124519348145,0.033854372799396515,0.033824607729911804,0.03350267559289932,-4.248321056365967e-05,2.9765069484710693e-05,-0.0003219321370124817
69,1,467,69-1:467:19,all,12.76123046875,lt16,1.0,0.025936096906661987,0.024924609810113907,0.024925775825977325,0.024867359548807144,0.02517266571521759,5.7250261306762695e-05,5.8416277170181274e-05,0.00030530616641044617
69,1,467,69-1:467:19,inner_half,12.76123046875,lt16,1.0,0.022114470601081848,0.021491754800081253,0.02142403833568096,0.02156362310051918,0.021317224949598312,-7.186830043792725e-05,-0.0001395847648382187,-0.0002463981509208679
69,1,467,69-1:467:20,all,12.19622802734375,lt16,1.0,0.16646184027194977,0.10081715881824493,0.11760512739419937,0.11641271412372589,0.1256096363067627,-0.015595555305480957,0.0011924132704734802,0.009196922183036804
69,1,467,69-1:467:20,inner_half,12.19622802734375,lt16,1.0,0.20371901988983154,0.1031443327665329,0.12583470344543457,0.11888370662927628,0.1533687710762024,-0.015739373862743378,0.006950996816158295,0.03448506444692612
69,1,467,69-1:467:21,all,12.80035400390625,lt16,1.0,0.024417750537395477,0.024953331798315048,0.02473330870270729,0.024702537804841995,0.024806205183267593,0.000250793993473053,3.077089786529541e-05,0.00010366737842559814
69,1,467,69-1:467:21,inner_half,12.80035400390625,lt16,1.0,0.024560805410146713,0.023245736956596375,0.022854473441839218,0.02302616834640503,0.023015758022665977,0.00021956861019134521,-0.00017169490456581116,-1.0410323739051819e-05
69,1,467,69-1:467:22,all,15.8946533203125,lt16,1.0,0.057673994451761246,0.05582080036401749,0.0548793189227581,0.052154019474983215,0.05534461513161659,0.0036667808890342712,0.002725299447774887,0.003190595656633377
69,1,467,69-1:467:22,inner_half,15.8946533203125,lt16,1.0,0.11936923861503601,0.11461061984300613,0.11283338069915771,0.10434755682945251,0.11568629741668701,0.01026306301355362,0.0084858238697052,0.011338740587234497
69,1,467,69-1:467:23,all,14.041748046875,lt16,1.0,0.020540695637464523,0.01980132795870304,0.020015088841319084,0.019930407404899597,0.019631406292319298,-0.0001290794461965561,8.4681436419487e-05,-0.0002990011125802994
69,1,467,69-1:467:23,inner_half,14.041748046875,lt16,1.0,0.016988001763820648,0.0164034366607666,0.01649894006550312,0.016417181119322777,0.016137277707457542,-1.3744458556175232e-05,8.175894618034363e-05,-0.0002799034118652344
69,1,467,69-1:467:24,all,12.099609375,lt16,1.0,0.02654832974076271,0.026222798973321915,0.02625858597457409,0.026229513809084892,0.026357274502515793,-6.7148357629776e-06,2.9072165489196777e-05,0.00012776069343090057
69,1,467,69-1:467:24,inner_half,12.099609375,lt16,1.0,0.023618090897798538,0.024746164679527283,0.024752985686063766,0.024582169950008392,0.024698395282030106,0.00016399472951889038,0.00017081573605537415,0.00011622533202171326
69,1,467,69-1:467:25,all,13.387939453125,lt16,0.65625,0.2239590585231781,0.11124352365732193,0.12848059833049774,0.08911670744419098,0.12027820199728012,0.02212681621313095,0.03936389088630676,0.031161494553089142
69,1,467,69-1:467:25,inner_half,13.387939453125,lt16,0.59375,0.24196088314056396,0.16399447619915009,0.20855051279067993,0.18415826559066772,0.17296668887138367,-0.02016378939151764,0.024392247200012207,-0.011191576719284058
69,1,467,69-1:467:26,all,14.50494384765625,lt16,0.73828125,0.13968981802463531,0.033345215022563934,0.06667234748601913,0.04121658578515053,0.06190212070941925,-0.007871370762586594,0.025455761700868607,0.020685534924268723
69,1,467,69-1:467:26,inner_half,14.50494384765625,lt16,0.90625,0.1927608847618103,0.028216516599059105,0.06203130632638931,0.035567235201597214,0.07771795243024826,-0.007350718602538109,0.0264640711247921,0.04215071722865105
69,1,467,69-1:467:27,all,14.416748046875,lt16,1.0,0.05315031111240387,0.05417211726307869,0.05415808781981468,0.0540718212723732,0.05407257750630379,0.00010029599070549011,8.626654744148254e-05,7.562339305877686e-07
69,1,467,69-1:467:27,inner_half,14.416748046875,lt16,1.0,0.08138314634561539,0.08457359671592712,0.08455141633749008,0.0842139720916748,0.08444708585739136,0.00035962462425231934,0.0003374442458152771,0.00023311376571655273
69,1,467,69-1:467:28,all,11.7750244140625,lt16,1.0,0.15612421929836273,0.12674446403980255,0.11147038638591766,0.11015583574771881,0.1243535578250885,0.01658862829208374,0.0013145506381988525,0.01419772207736969
69,1,467,69-1:467:28,inner_half,11.7750244140625,lt16,1.0,0.20958560705184937,0.16119909286499023,0.14278484880924225,0.11010435223579407,0.1599673628807068,0.05109474062919617,0.03268049657344818,0.04986301064491272
69,1,467,69-1:467:29,all,13.3121337890625,lt16,0.6796875,0.19828897714614868,0.07063227891921997,0.10639674216508865,0.08109701424837112,0.11008390784263611,-0.010464735329151154,0.02529972791671753,0.028986893594264984
69,1,467,69-1:467:29,inner_half,13.3121337890625,lt16,0.984375,0.30267825722694397,0.09579041600227356,0.13977482914924622,0.09920784831047058,0.16000080108642578,-0.0034174323081970215,0.040566980838775635,0.0607929527759552
69,1,467,69-1:467:30,all,13.20135498046875,lt16,0.6953125,0.11599604040384293,0.1107325404882431,0.09112223237752914,0.05596074089407921,0.0783071517944336,0.054771799594163895,0.035161491483449936,0.022346410900354385
69,1,467,69-1:467:30,inner_half,13.20135498046875,lt16,0.4375,0.30911245942115784,0.29119065403938293,0.2350054234266281,0.08577022701501846,0.18951115012168884,0.20542042702436447,0.14923519641160965,0.10374092310667038
69,1,467,69-1:467:31,all,19.86676025390625,16to32,1.0,0.06414928287267685,0.062006860971450806,0.06258711963891983,0.06265653669834137,0.06206471472978592,-0.000649675726890564,-6.94170594215393e-05,-0.0005918219685554504
69,1,467,69-1:467:31,inner_half,19.86676025390625,16to32,1.0,0.04208872467279434,0.0407848097383976,0.041092559695243835,0.040769271552562714,0.04101347178220749,1.5538185834884644e-05,0.0003232881426811218,0.0002442002296447754
69,1,467,69-1:467:32,all,11.40460205078125,lt16,0.69140625,0.17042477428913116,0.02301802672445774,0.07213439792394638,0.028688926249742508,0.05497254803776741,-0.005670899525284767,0.04344547167420387,0.026283621788024902
69,1,467,69-1:467:32,inner_half,11.40460205078125,lt16,0.96875,0.244047611951828,0.03135490417480469,0.09430550038814545,0.029224567115306854,0.07883182913064957,0.0021303370594978333,0.06508093327283859,0.04960726201534271
69,1,467,69-1:467:33,all,14.2064208984375,lt16,0.7109375,0.1412956863641739,0.1372433602809906,0.11701586097478867,0.10843207687139511,0.15621417760849,0.02881128340959549,0.008583784103393555,0.04778210073709488
69,1,467,69-1:467:33,inner_half,14.2064208984375,lt16,0.6875,0.18926464021205902,0.11140885204076767,0.12942108511924744,0.09792856872081757,0.13968990743160248,0.013480283319950104,0.03149251639842987,0.04176133871078491
69,1,467,69-1:467:34,all,13.9725341796875,lt16,1.0,0.024920649826526642,0.024472922086715698,0.024432148784399033,0.024472013115882874,0.024628931656479836,9.08970832824707e-07,-3.986433148384094e-05,0.00015691854059696198
69,1,467,69-1:467:34,inner_half,13.9725341796875,lt16,1.0,0.028099149465560913,0.026260672137141228,0.026440605521202087,0.026387866586446762,0.02650844305753708,-0.00012719444930553436,5.273893475532532e-05,0.00012057647109031677
69,1,467,69-1:467:35,all,12.1239013671875,lt16,1.0,0.014574585482478142,0.012364417314529419,0.012414395809173584,0.012404149398207664,0.01225263811647892,-3.9732083678245544e-05,1.0246410965919495e-05,-0.0001515112817287445
69,1,467,69-1:467:35,inner_half,12.1239013671875,lt16,1.0,0.014053864404559135,0.010819260030984879,0.0107372822239995,0.010738578625023365,0.010723717510700226,8.068140596151352e-05,-1.296401023864746e-06,-1.486111432313919e-05
69,1,467,69-1:467:36,all,12.63555908203125,lt16,1.0,0.10504131764173508,0.1028086245059967,0.10293389856815338,0.1027599573135376,0.10302162170410156,4.8667192459106445e-05,0.0001739412546157837,0.00026166439056396484
69,1,467,69-1:467:36,inner_half,12.63555908203125,lt16,1.0,0.1605205535888672,0.1585656702518463,0.15893471240997314,0.15856285393238068,0.15891321003437042,2.816319465637207e-06,0.00037185847759246826,0.0003503561019897461
69,1,467,69-1:467:52,all,13.07183837890625,lt16,1.0,0.02459920570254326,0.024630453437566757,0.02480402961373329,0.025036200881004333,0.024556852877140045,-0.0004057474434375763,-0.00023217126727104187,-0.00047934800386428833
69,1,467,69-1:467:52,inner_half,13.07183837890625,lt16,1.0,0.03191526234149933,0.03196389228105545,0.031868547201156616,0.032741572707891464,0.032058075070381165,-0.0007776804268360138,-0.000873025506734848,-0.0006834976375102997
69,1,467,69-1:467:53,all,14.14453125,lt16,1.0,0.03153305500745773,0.03185253590345383,0.03226795792579651,0.031904853880405426,0.0320868082344532,-5.231797695159912e-05,0.00036310404539108276,0.00018195435404777527
69,1,467,69-1:467:53,inner_half,14.14453125,lt16,1.0,0.040380001068115234,0.039977408945560455,0.040826935321092606,0.039802081882953644,0.04051399976015091,0.00017532706260681152,0.0010248534381389618,0.0007119178771972656
69,1,467,69-1:467:54,all,13.2342529296875,lt16,1.0,0.01540989801287651,0.014812745153903961,0.014774404466152191,0.014746509492397308,0.014967616647481918,6.623566150665283e-05,2.7894973754882812e-05,0.00022110715508460999
69,1,467,69-1:467:54,inner_half,13.2342529296875,lt16,1.0,0.020372601225972176,0.017757799476385117,0.017739448696374893,0.017733445391058922,0.018009241670370102,2.4354085326194763e-05,6.0033053159713745e-06,0.0002757962793111801
69,1,467,69-1:467:55,all,17.052474975585938,16to32,1.0,0.020273014903068542,0.01793116331100464,0.018185872584581375,0.01821363903582096,0.018010219559073448,-0.0002824757248163223,-2.7766451239585876e-05,-0.00020341947674751282
69,1,467,69-1:467:55,inner_half,17.052474975585938,16to32,1.0,0.026949811726808548,0.02182164415717125,0.02206907607614994,0.02251509018242359,0.022268835455179214,-0.0006934460252523422,-0.0004460141062736511,-0.00024625472724437714
69,1,467,69-1:467:56,all,13.124267578125,lt16,1.0,0.02766941487789154,0.027958713471889496,0.028052829205989838,0.028155617415905,0.028009071946144104,-0.00019690394401550293,-0.00010278820991516113,-0.00014654546976089478
69,1,467,69-1:467:56,inner_half,13.124267578125,lt16,1.0,0.02475087158381939,0.025315405800938606,0.02523045428097248,0.02537522464990616,0.025240108370780945,-5.9818848967552185e-05,-0.00014477036893367767,-0.00013511627912521362
69,1,467,69-1:467:57,all,18.77203369140625,16to32,1.0,0.017525605857372284,0.017283573746681213,0.017278926447033882,0.017537858337163925,0.01750113256275654,-0.0002542845904827118,-0.00025893189013004303,-3.672577440738678e-05
69,1,467,69-1:467:57,inner_half,18.77203369140625,16to32,1.0,0.025523701682686806,0.02384910359978676,0.02377420663833618,0.024571292102336884,0.024215474724769592,-0.0007221885025501251,-0.0007970854640007019,-0.00035581737756729126
69,1,467,69-1:467:58,all,9.56646728515625,lt16,1.0,0.024682823568582535,0.024367311969399452,0.024524904787540436,0.024566756561398506,0.02439238503575325,-0.00019944459199905396,-4.1851773858070374e-05,-0.00017437152564525604
69,1,467,69-1:467:58,inner_half,9.56646728515625,lt16,1.0,0.018932966515421867,0.018846221268177032,0.01900293678045273,0.019189752638339996,0.01887522265315056,-0.00034353137016296387,-0.00018681585788726807,-0.00031452998518943787
69,1,467,69-1:467:59,all,11.91436767578125,lt16,1.0,0.020452342927455902,0.02015528455376625,0.01989872194826603,0.019963476806879044,0.02019352652132511,0.00019180774688720703,-6.475485861301422e-05,0.0002300497144460678
69,1,467,69-1:467:59,inner_half,11.91436767578125,lt16,1.0,0.01970122940838337,0.021352112293243408,0.021275639533996582,0.021479785442352295,0.021289441734552383,-0.00012767314910888672,-0.0002041459083557129,-0.0001903437077999115
69,1,467,69-1:467:60,all,13.86614990234375,lt16,1.0,0.02598053216934204,0.02647392824292183,0.026697035878896713,0.026780053973197937,0.026263203471899033,-0.0003061257302761078,-8.301809430122375e-05,-0.0005168505012989044
69,1,467,69-1:467:60,inner_half,13.86614990234375,lt16,1.0,0.01979166828095913,0.020119164139032364,0.019983170554041862,0.0207010917365551,0.020066166296601295,-0.0005819275975227356,-0.000717921182513237,-0.000634925439953804
69,1,467,69-1:467:61,all,10.646270751953125,lt16,1.0,0.025686737149953842,0.02451997622847557,0.024190038442611694,0.02427409030497074,0.024419616907835007,0.0002458859235048294,-8.405186235904694e-05,0.00014552660286426544
69,1,467,69-1:467:61,inner_half,10.646270751953125,lt16,1.0,0.030414773151278496,0.0272979736328125,0.02720697782933712,0.027388107031583786,0.027278881520032883,-9.013339877128601e-05,-0.00018112920224666595,-0.00010922551155090332
69,1,467,69-1:467:62,all,15.4495849609375,lt16,1.0,0.026866111904382706,0.026614122092723846,0.026616547256708145,0.026542430743575096,0.026815354824066162,7.16913491487503e-05,7.411651313304901e-05,0.000272924080491066
69,1,467,69-1:467:62,inner_half,15.4495849609375,lt16,1.0,0.03362424671649933,0.03234035521745682,0.032603226602077484,0.03217986971139908,0.03276451304554939,0.00016048550605773926,0.00042335689067840576,0.0005846433341503143
69,1,467,69-1:467:63,all,11.23931884765625,lt16,1.0,0.02895312011241913,0.028839606791734695,0.028826750814914703,0.028759483247995377,0.02886195480823517,8.012354373931885e-05,6.726756691932678e-05,0.00010247156023979187
69,1,467,69-1:467:63,inner_half,11.23931884765625,lt16,1.0,0.03393010422587395,0.034498825669288635,0.0344213992357254,0.03452591598033905,0.0345204696059227,-2.709031105041504e-05,-0.00010451674461364746,-5.446374416351318e-06
69,1,467,69-1:467:64,all,14.711746215820312,lt16,1.0,0.015474975109100342,0.015081619843840599,0.01506897434592247,0.015062352642416954,0.015121642500162125,1.926720142364502e-05,6.621703505516052e-06,5.928985774517059e-05
69,1,467,69-1:467:64,inner_half,14.711746215820312,lt16,1.0,0.017258169129490852,0.017662718892097473,0.017677776515483856,0.01764843612909317,0.017639480531215668,1.4282763004302979e-05,2.9340386390686035e-05,-8.955597877502441e-06
69,1,467,69-1:467:65,all,17.42138671875,16to32,1.0,0.01901863142848015,0.021053943783044815,0.021016843616962433,0.02107495814561844,0.02105715498328209,-2.1014362573623657e-05,-5.811452865600586e-05,-1.7803162336349487e-05
69,1,467,69-1:467:65,inner_half,17.42138671875,16to32,1.0,0.02599770575761795,0.0285831056535244,0.0289189200848341,0.028598127886652946,0.028613824397325516,-1.5022233128547668e-05,0.00032079219818115234,1.5696510672569275e-05
69,1,467,69-1:467:66,all,12.6689453125,lt16,1.0,0.026675859466195107,0.022954890504479408,0.02277984842658043,0.02279648929834366,0.022879283875226974,0.00015840120613574982,-1.664087176322937e-05,8.279457688331604e-05
69,1,467,69-1:467:66,inner_half,12.6689453125,lt16,1.0,0.03710540384054184,0.03311673924326897,0.03275970369577408,0.03270108252763748,0.033130042254924774,0.000415656715631485,5.862116813659668e-05,0.0004289597272872925
69,1,467,69-1:467:67,all,15.0474853515625,lt16,1.0,0.02489614114165306,0.025585778057575226,0.02576392889022827,0.025658415630459785,0.025791551917791367,-7.263757288455963e-05,0.00010551325976848602,0.00013313628733158112
69,1,467,69-1:467:67,inner_half,15.0474853515625,lt16,1.0,0.038578469306230545,0.03945876657962799,0.03940698876976967,0.03940698876976967,0.039515458047389984,5.1777809858322144e-05,0.0,0.00010846927762031555
69,1,467,69-1:467:68,all,10.441741943359375,lt16,1.0,0.01963553950190544,0.020451121032238007,0.020274434238672256,0.020403988659381866,0.02029937133193016,4.713237285614014e-05,-0.00012955442070960999,-0.00010461732745170593
69,1,467,69-1:467:68,inner_half,10.441741943359375,lt16,1.0,0.0226744394749403,0.02251317724585533,0.022346865385770798,0.022417057305574417,0.022304916754364967,9.61199402809143e-05,-7.019191980361938e-05,-0.00011214055120944977
69,1,467,69-1:467:69,all,11.997802734375,lt16,1.0,0.014570125378668308,0.016192367300391197,0.015821849927306175,0.015429242514073849,0.016079287976026535,0.0007631247863173485,0.0003926074132323265,0.0006500454619526863
69,1,467,69-1:467:69,inner_half,11.997802734375,lt16,1.0,0.013917079195380211,0.015233080834150314,0.014962650835514069,0.015055520460009575,0.015178129076957703,0.00017756037414073944,-9.286962449550629e-05,0.00012260861694812775
69,1,467,69-1:467:70,all,13.27386474609375,lt16,1.0,0.0232386514544487,0.02052328549325466,0.020710594952106476,0.02081163600087166,0.02080613188445568,-0.00028835050761699677,-0.0001010410487651825,-5.504116415977478e-06
69,1,467,69-1:467:70,inner_half,13.27386474609375,lt16,1.0,0.030451737344264984,0.02488124556839466,0.02499232441186905,0.025207385420799255,0.02497560903429985,-0.0003261398524045944,-0.0002150610089302063,-0.0002317763864994049
69,1,467,69-1:467:71,all,17.77490234375,16to32,1.0,0.017461588606238365,0.016339877620339394,0.016343213617801666,0.0162850059568882,0.016480334103107452,5.487166345119476e-05,5.820766091346741e-05,0.00019532814621925354
69,1,467,69-1:467:71,inner_half,17.77490234375,16to32,1.0,0.02262134477496147,0.02075869031250477,0.020428204908967018,0.019989151507616043,0.020782366394996643,0.0007695388048887253,0.00043905340135097504,0.0007932148873806
69,1,467,69-1:467:72,all,12.980712890625,lt16,1.0,0.015016291290521622,0.014926858246326447,0.014771314337849617,0.014800235629081726,0.01500709354877472,0.00012662261724472046,-2.892129123210907e-05,0.00020685791969299316
69,1,467,69-1:467:72,inner_half,12.980712890625,lt16,1.0,0.01214244682341814,0.011970971710979939,0.012067869305610657,0.01192108727991581,0.011945376172661781,4.9884431064128876e-05,0.0001467820256948471,2.428889274597168e-05
69,1,467,69-1:467:73,all,11.53717041015625,lt16,1.0,0.03092380240559578,0.03138335794210434,0.031228499487042427,0.03129814192652702,0.03149905800819397,8.521601557731628e-05,-6.964243948459625e-05,0.0002009160816669464
69,1,467,69-1:467:73,inner_half,11.53717041015625,lt16,1.0,0.05038536339998245,0.05015822872519493,0.0504617914557457,0.05083829537034035,0.05049767345190048,-0.0006800666451454163,-0.00037650391459465027,-0.0003406219184398651
69,1,467,69-1:467:74,all,13.325927734375,lt16,1.0,0.01519980188459158,0.015771720558404922,0.01598050445318222,0.016014255583286285,0.015785865485668182,-0.00024253502488136292,-3.375113010406494e-05,-0.00022839009761810303
69,1,467,69-1:467:74,inner_half,13.325927734375,lt16,1.0,0.01512119546532631,0.016102248802781105,0.01617136225104332,0.01617136225104332,0.01598307304084301,-6.911344826221466e-05,0.0,-0.00018828921020030975
69,1,467,69-1:467:75,all,12.0916748046875,lt16,1.0,0.013066005893051624,0.013319741003215313,0.012775590643286705,0.012413837015628815,0.013991650193929672,0.0009059039875864983,0.0003617536276578903,0.0015778131783008575
69,1,467,69-1:467:75,inner_half,12.0916748046875,lt16,1.0,0.008729822002351284,0.008918732404708862,0.008838627487421036,0.008867490105330944,0.008955930359661579,5.1242299377918243e-05,-2.8862617909908295e-05,8.844025433063507e-05
69,1,467,69-1:467:87,all,46.542755126953125,ge32,1.0,0.015546009875833988,0.014982795342803001,0.015108924359083176,0.0154249407351017,0.015111916698515415,-0.0004421453922986984,-0.00031601637601852417,-0.00031302403658628464
69,1,467,69-1:467:87,inner_half,46.542755126953125,ge32,1.0,0.009466475807130337,0.009868372231721878,0.010070644319057465,0.010303553193807602,0.010062226094305515,-0.0004351809620857239,-0.00023290887475013733,-0.00024132709950208664
69,1,467,69-1:467:88,all,31.93023681640625,16to32,1.0,0.025545131415128708,0.025330130010843277,0.02529187873005867,0.02496505156159401,0.0249183289706707,0.0003650784492492676,0.00032682716846466064,-4.6722590923309326e-05
69,1,467,69-1:467:88,inner_half,31.93023681640625,16to32,1.0,0.030153479427099228,0.03432578593492508,0.03452955558896065,0.03389153629541397,0.03380531072616577,0.0004342496395111084,0.0006380192935466766,-8.622556924819946e-05
69,1,467,69-1:467:89,all,30.67840576171875,16to32,1.0,0.020881887525320053,0.02121981978416443,0.021363520994782448,0.02161804959177971,0.0212260689586401,-0.00039822980761528015,-0.00025452859699726105,-0.0003919806331396103
69,1,467,69-1:467:89,inner_half,30.67840576171875,16to32,1.0,0.016961652785539627,0.017053205519914627,0.01693364791572094,0.017053645104169846,0.016593031585216522,-4.3958425521850586e-07,-0.00011999718844890594,-0.00046061351895332336
69,1,467,69-1:467:90,all,32.485595703125,ge32,1.0,0.02614692971110344,0.025058258324861526,0.025332730263471603,0.025131329894065857,0.025422904640436172,-7.307156920433044e-05,0.00020140036940574646,0.00029157474637031555
69,1,467,69-1:467:90,inner_half,32.485595703125,ge32,1.0,0.020561248064041138,0.019714396446943283,0.019771721214056015,0.019672848284244537,0.01988234557211399,4.154816269874573e-05,9.887292981147766e-05,0.00020949728786945343
69,1,467,69-1:467:91,all,31.07391357421875,16to32,1.0,0.026508022099733353,0.027181778103113174,0.027095552533864975,0.027014661580324173,0.027461398392915726,0.00016711652278900146,8.0890953540802e-05,0.00044673681259155273
69,1,467,69-1:467:91,inner_half,31.07391357421875,16to32,1.0,0.02676834724843502,0.027280542999505997,0.027280542999505997,0.027452655136585236,0.027515824884176254,-0.0001721121370792389,-0.0001721121370792389,6.316974759101868e-05
69,1,467,69-1:467:92,all,32.7242431640625,ge32,1.0,0.027704620733857155,0.027062244713306427,0.027026455849409103,0.027231339365243912,0.027076316997408867,-0.00016909465193748474,-0.00020488351583480835,-0.00015502236783504486
69,1,467,69-1:467:92,inner_half,32.7242431640625,ge32,1.0,0.03234278783202171,0.03105137124657631,0.03129509463906288,0.03155423328280449,0.030812537297606468,-0.0005028620362281799,-0.00025913864374160767,-0.0007416959851980209
69,1,467,69-1:467:93,all,30.45306396484375,16to32,0.953125,0.20405058562755585,0.023259785026311874,0.023316727951169014,0.023489171639084816,0.02750556170940399,-0.0002293866127729416,-0.000172443687915802,0.004016390070319176
69,1,467,69-1:467:93,inner_half,30.45306396484375,16to32,1.0,0.241604745388031,0.017661157995462418,0.018198668956756592,0.018353167921304703,0.024023419246077538,-0.0006920099258422852,-0.00015449896454811096,0.005670251324772835
69,1,467,69-1:467:94,all,32.88677978515625,ge32,0.8125,0.40739986300468445,0.037509314715862274,0.08639726042747498,0.032659318298101425,0.052178382873535156,0.004849996417760849,0.05373794212937355,0.01951906457543373
69,1,467,69-1:467:94,inner_half,32.88677978515625,ge32,1.0,0.4505288004875183,0.016526881605386734,0.06379517912864685,0.015419135801494122,0.017221791669726372,0.0011077458038926125,0.04837604332715273,0.0018026558682322502
69,1,467,69-1:467:95,all,36.44012451171875,ge32,1.0,0.013363806530833244,0.01227492280304432,0.012162690982222557,0.012118225917220116,0.01224183663725853,0.0001566968858242035,4.4465065002441406e-05,0.000123610720038414
69,1,467,69-1:467:95,inner_half,36.44012451171875,ge32,1.0,0.013886155560612679,0.013429708778858185,0.013182176277041435,0.013413291424512863,0.013695248402655125,1.6417354345321655e-05,-0.00023111514747142792,0.0002819569781422615
69,2,233,69-2:233:0,all,10.68798828125,lt16,0.8359375,0.05023926869034767,0.04657910391688347,0.048312749713659286,0.04788598418235779,0.043920472264289856,-0.0013068802654743195,0.0004267655313014984,-0.003965511918067932
69,2,233,69-2:233:0,inner_half,10.68798828125,lt16,0.71875,0.08475427329540253,0.08487286418676376,0.08638476580381393,0.08508801460266113,0.08115167915821075,-0.00021515041589736938,0.0012967512011528015,-0.003936335444450378
69,2,233,69-2:233:1,all,10.37664794921875,lt16,1.0,0.03400207683444023,0.03280286490917206,0.03277147188782692,0.032778576016426086,0.032835353165864944,2.428889274597168e-05,-7.10412859916687e-06,5.677714943885803e-05
69,2,233,69-2:233:1,inner_half,10.37664794921875,lt16,1.0,0.04344717785716057,0.041919104754924774,0.04171029105782509,0.041744381189346313,0.04203624650835991,0.0001747235655784607,-3.4090131521224976e-05,0.0002918653190135956
69,2,233,69-2:233:2,all,9.30718994140625,lt16,1.0,0.034629903733730316,0.03441242501139641,0.034138236194849014,0.034502141177654266,0.03428848087787628,-8.971616625785828e-05,-0.0003639049828052521,-0.00021366029977798462
69,2,233,69-2:233:2,inner_half,9.30718994140625,lt16,1.0,0.044890716671943665,0.050478383898735046,0.04931279271841049,0.050588786602020264,0.04986831545829773,-0.00011040270328521729,-0.0012759938836097717,-0.0007204711437225342
69,2,233,69-2:233:3,all,8.846923828125,lt16,1.0,0.07200465351343155,0.08317521959543228,0.08313634991645813,0.08306709676980972,0.08313894271850586,0.0001081228256225586,6.925314664840698e-05,7.184594869613647e-05
69,2,233,69-2:233:3,inner_half,8.846923828125,lt16,1.0,0.08241677284240723,0.09874223172664642,0.09864338487386703,0.09850536286830902,0.09836196899414062,0.00023686885833740234,0.00013802200555801392,-0.000143393874168396
69,2,233,69-2:233:4,all,8.9891357421875,lt16,1.0,0.062275901436805725,0.05584237724542618,0.0565924234688282,0.055880047380924225,0.05660412460565567,-3.7670135498046875e-05,0.0007123760879039764,0.0007240772247314453
69,2,233,69-2:233:4,inner_half,8.9891357421875,lt16,1.0,0.07874714583158493,0.06569359451532364,0.06604334712028503,0.06431318819522858,0.06566622853279114,0.0013804063200950623,0.0017301589250564575,0.001353040337562561
69,2,233,69-2:233:5,all,8.72412109375,lt16,0.78125,0.13070547580718994,0.08735551685094833,0.09368929266929626,0.07878073304891586,0.09241638332605362,0.00857478380203247,0.014908559620380402,0.013635650277137756
69,2,233,69-2:233:5,inner_half,8.72412109375,lt16,0.9375,0.2216797024011612,0.16254743933677673,0.17611461877822876,0.12452176213264465,0.16668513417243958,0.03802567720413208,0.051592856645584106,0.04216337203979492
69,2,233,69-2:233:6,all,9.2327880859375,lt16,1.0,0.06047571077942848,0.05568521469831467,0.0554429367184639,0.055486902594566345,0.055549100041389465,0.00019831210374832153,-4.396587610244751e-05,6.219744682312012e-05
69,2,233,69-2:233:6,inner_half,9.2327880859375,lt16,1.0,0.08615930378437042,0.0801333338022232,0.0801333338022232,0.0801333338022232,0.07952837646007538,0.0,0.0,-0.0006049573421478271
69,2,233,69-2:233:7,all,7.7996826171875,lt16,1.0,0.046239130198955536,0.028055313974618912,0.028269488364458084,0.028202202171087265,0.028145793825387955,-0.00014688819646835327,6.728619337081909e-05,-5.64083456993103e-05
69,2,233,69-2:233:7,inner_half,7.7996826171875,lt16,1.0,0.06673987209796906,0.03900912404060364,0.03901510685682297,0.03893297165632248,0.03917837142944336,7.615238428115845e-05,8.213520050048828e-05,0.0002453997731208801
69,2,233,69-2:233:8,all,11.975341796875,lt16,1.0,0.09907669574022293,0.0937306135892868,0.0917942002415657,0.07937436550855637,0.09095172584056854,0.014356248080730438,0.012419834733009338,0.011577360332012177
69,2,233,69-2:233:8,inner_half,11.975341796875,lt16,1.0,0.20818331837654114,0.18796616792678833,0.17905789613723755,0.14152030646800995,0.17900153994560242,0.04644586145877838,0.0375375896692276,0.03748123347759247
69,2,233,69-2:233:9,all,9.3851318359375,lt16,1.0,0.040186479687690735,0.038391776382923126,0.0384705513715744,0.03858768194913864,0.03876068815588951,-0.00019590556621551514,-0.0001171305775642395,0.00017300620675086975
69,2,233,69-2:233:9,inner_half,9.3851318359375,lt16,1.0,0.034087758511304855,0.03229587525129318,0.03216778486967087,0.03216778486967087,0.03270311653614044,0.00012809038162231445,0.0,0.000535331666469574
69,2,233,69-2:233:10,all,10.3211669921875,lt16,1.0,0.0534362718462944,0.04467754811048508,0.04469095170497894,0.04438258334994316,0.04504314810037613,0.0002949647605419159,0.00030836835503578186,0.0006605647504329681
69,2,233,69-2:233:10,inner_half,10.3211669921875,lt16,1.0,0.06959332525730133,0.05789022892713547,0.057914964854717255,0.05744080990552902,0.0583261176943779,0.0004494190216064453,0.0004741549491882324,0.000885307788848877
69,2,233,69-2:233:11,all,9.05694580078125,lt16,1.0,0.047316618263721466,0.048410508781671524,0.04883018881082535,0.04899758845567703,0.048880547285079956,-0.0005870796740055084,-0.00016739964485168457,-0.00011704117059707642
69,2,233,69-2:233:11,inner_half,9.05694580078125,lt16,1.0,0.028927911072969437,0.03368829935789108,0.03427046537399292,0.03451414406299591,0.034460969269275665,-0.0008258447051048279,-0.00024367868900299072,-5.317479372024536e-05
69,2,233,69-2:233:12,all,9.10650634765625,lt16,1.0,0.07252417504787445,0.06903363764286041,0.06928732991218567,0.06908291578292847,0.06928586959838867,-4.92781400680542e-05,0.00020441412925720215,0.00020295381546020508
69,2,233,69-2:233:12,inner_half,9.10650634765625,lt16,1.0,0.11788228899240494,0.11249256134033203,0.11283908784389496,0.10984165966510773,0.11234749853610992,0.002650901675224304,0.0029974281787872314,0.0025058388710021973
69,2,233,69-2:233:13,all,7.9034423828125,lt16,1.0,0.038961708545684814,0.029632553458213806,0.029606061056256294,0.02977161854505539,0.029581140726804733,-0.00013906508684158325,-0.00016555748879909515,-0.00019047781825065613
69,2,233,69-2:233:13,inner_half,7.9034423828125,lt16,1.0,0.05072905123233795,0.04390630125999451,0.0439448356628418,0.04423445463180542,0.04426036402583122,-0.0003281533718109131,-0.00028961896896362305,2.5909394025802612e-05
69,2,233,69-2:233:14,all,13.33544921875,lt16,1.0,0.10676219314336777,0.10822869837284088,0.1087813749909401,0.10863189399242401,0.10899500548839569,-0.0004031956195831299,0.00014948099851608276,0.0003631114959716797
69,2,233,69-2:233:14,inner_half,13.33544921875,lt16,1.0,0.20583981275558472,0.2044820785522461,0.20591653883457184,0.204951211810112,0.20653215050697327,-0.00046913325786590576,0.0009653270244598389,0.001580938696861267
69,2,233,69-2:233:15,all,11.49053955078125,lt16,0.94921875,0.08266718685626984,0.0734592154622078,0.071835458278656,0.06956250220537186,0.07193173468112946,0.0038967132568359375,0.002272956073284149,0.002369232475757599
69,2,233,69-2:233:15,inner_half,11.49053955078125,lt16,1.0,0.17006561160087585,0.13961774110794067,0.13854888081550598,0.13263365626335144,0.13572755455970764,0.006984084844589233,0.005915224552154541,0.003093898296356201
69,2,233,69-2:233:16,all,7.80316162109375,lt16,1.0,0.027913421392440796,0.0284956656396389,0.028498558327555656,0.028497660532593727,0.028445787727832794,-1.994892954826355e-06,8.977949619293213e-07,-5.187280476093292e-05
69,2,233,69-2:233:16,inner_half,7.80316162109375,lt16,1.0,0.030283931642770767,0.03144337981939316,0.03144337981939316,0.03144337981939316,0.031422317028045654,0.0,0.0,-2.1062791347503662e-05
69,2,233,69-2:233:17,all,9.5982666015625,lt16,0.33203125,0.18839557468891144,0.03672204166650772,0.051518917083740234,0.041943468153476715,0.06607998162508011,-0.005221426486968994,0.00957544893026352,0.024136513471603394
69,2,233,69-2:233:17,inner_half,9.5982666015625,lt16,0.5625,0.21993906795978546,0.032692115753889084,0.03878212347626686,0.03189739212393761,0.05495075881481171,0.000794723629951477,0.006884731352329254,0.0230533666908741
69,2,233,69-2:233:18,all,9.69769287109375,lt16,1.0,0.15046992897987366,0.1441572606563568,0.144405797123909,0.14510463178157806,0.1414090096950531,-0.0009473711252212524,-0.0006988346576690674,-0.0036956220865249634
69,2,233,69-2:233:18,inner_half,9.69769287109375,lt16,1.0,0.22595563530921936,0.22101256251335144,0.2168009877204895,0.21399515867233276,0.21995136141777039,0.007017403841018677,0.0028058290481567383,0.005956202745437622
69,2,233,69-2:233:19,all,8.2388916015625,lt16,1.0,0.04007699340581894,0.036414310336112976,0.03671004995703697,0.03640800714492798,0.03701089322566986,6.303191184997559e-06,0.00030204281210899353,0.0006028860807418823
69,2,233,69-2:233:19,inner_half,8.2388916015625,lt16,1.0,0.04558767378330231,0.038949765264987946,0.039442889392375946,0.0395079180598259,0.0401899516582489,-0.0005581527948379517,-6.502866744995117e-05,0.0006820335984230042
69,2,233,69-2:233:20,all,11.04986572265625,lt16,1.0,0.07719403505325317,0.08036413788795471,0.08088259398937225,0.08075995743274689,0.08102212846279144,-0.0003958195447921753,0.0001226365566253662,0.00026217103004455566
69,2,233,69-2:233:20,inner_half,11.04986572265625,lt16,1.0,0.10335564613342285,0.11453849077224731,0.11525978147983551,0.11492595076560974,0.11538808047771454,-0.00038745999336242676,0.00033383071422576904,0.00046212971210479736
69,2,233,69-2:233:21,all,8.54876708984375,lt16,1.0,0.02986772358417511,0.029079826548695564,0.029093734920024872,0.02910503000020981,0.029209665954113007,-2.520345151424408e-05,-1.1295080184936523e-05,0.00010463595390319824
69,2,233,69-2:233:21,inner_half,8.54876708984375,lt16,1.0,0.030193669721484184,0.030912773683667183,0.031111454591155052,0.031190980225801468,0.031103558838367462,-0.000278206542134285,-7.952563464641571e-05,-8.742138743400574e-05
69,2,233,69-2:233:22,all,8.537109375,lt16,1.0,0.02996044233441353,0.029373163357377052,0.02908286824822426,0.02899809367954731,0.029112067073583603,0.00037506967782974243,8.477456867694855e-05,0.00011397339403629303
69,2,233,69-2:233:22,inner_half,8.537109375,lt16,1.0,0.04081187769770622,0.03490632772445679,0.03490632772445679,0.03490632772445679,0.03490632772445679,0.0,0.0,0.0
69,2,233,69-2:233:23,all,9.745361328125,lt16,1.0,0.04903627932071686,0.039622172713279724,0.039773985743522644,0.03720998764038086,0.0384402759373188,0.0024121850728988647,0.0025639981031417847,0.0012302882969379425
69,2,233,69-2:233:23,inner_half,9.745361328125,lt16,1.0,0.0713634267449379,0.05945063754916191,0.057455506175756454,0.051371678709983826,0.05784134194254875,0.008078958839178085,0.006083827465772629,0.006469663232564926
69,2,233,69-2:233:24,all,8.94366455078125,lt16,1.0,0.0450684055685997,0.042740240693092346,0.042780738323926926,0.042738400399684906,0.04275280982255936,1.8402934074401855e-06,4.233792424201965e-05,1.4409422874450684e-05
69,2,233,69-2:233:24,inner_half,8.94366455078125,lt16,1.0,0.06390261650085449,0.05879028141498566,0.05887074023485184,0.05882035940885544,0.05874340608716011,-3.0077993869781494e-05,5.0380825996398926e-05,-7.695332169532776e-05
69,2,233,69-2:233:25,all,13.470184326171875,lt16,1.0,0.1115754246711731,0.11360436677932739,0.11344663798809052,0.11333025991916656,0.11365585774183273,0.00027410686016082764,0.0001163780689239502,0.0003255978226661682
69,2,233,69-2:233:25,inner_half,13.470184326171875,lt16,1.0,0.18704381585121155,0.1887841671705246,0.18832993507385254,0.18842104077339172,0.18846414983272552,0.00036312639713287354,-9.110569953918457e-05,4.310905933380127e-05
69,2,233,69-2:233:26,all,11.181884765625,lt16,0.53515625,0.33271288871765137,0.05653374269604683,0.12858320772647858,0.059695806354284286,0.1328885555267334,-0.0031620636582374573,0.06888740137219429,0.07319274917244911
69,2,233,69-2:233:26,inner_half,11.181884765625,lt16,0.921875,0.4673568606376648,0.07337325811386108,0.18893080949783325,0.06741417944431305,0.16690781712532043,0.005959078669548035,0.1215166300535202,0.09949363768100739
69,2,233,69-2:233:27,all,10.3912353515625,lt16,0.8515625,0.06126120314002037,0.03372805938124657,0.031736958771944046,0.03606392443180084,0.03923596069216728,-0.0023358650505542755,-0.004326965659856796,0.00317203626036644
69,2,233,69-2:233:27,inner_half,10.3912353515625,lt16,0.953125,0.07475339621305466,0.04394880682229996,0.03930076211690903,0.04405387118458748,0.055369652807712555,-0.00010506436228752136,-0.0047531090676784515,0.011315781623125076
69,2,233,69-2:233:28,all,9.783447265625,lt16,1.0,0.036159977316856384,0.0345475971698761,0.03462762385606766,0.03465113788843155,0.03461582213640213,-0.00010354071855545044,-2.35140323638916e-05,-3.5315752029418945e-05
69,2,233,69-2:233:28,inner_half,9.783447265625,lt16,1.0,0.05909302085638046,0.055654607713222504,0.055654607713222504,0.055654607713222504,0.05585592985153198,0.0,0.0,0.00020132213830947876
69,2,233,69-2:233:29,all,11.22314453125,lt16,0.93359375,0.10892780125141144,0.06777556985616684,0.06600818783044815,0.06821286678314209,0.08031295984983444,-0.00043729692697525024,-0.002204678952693939,0.012100093066692352
69,2,233,69-2:233:29,inner_half,11.22314453125,lt16,1.0,0.0922824889421463,0.046721458435058594,0.045488107949495316,0.05221489816904068,0.06256681680679321,-0.005493439733982086,-0.006726790219545364,0.010351918637752533
69,2,233,69-2:233:30,all,9.44024658203125,lt16,1.0,0.02298826538026333,0.023060955107212067,0.023214027285575867,0.0232640840113163,0.0231944527477026,-0.0002031289041042328,-5.005672574043274e-05,-6.963126361370087e-05
69,2,233,69-2:233:30,inner_half,9.44024658203125,lt16,1.0,0.030350971966981888,0.030333438888192177,0.030333438888192177,0.03054901771247387,0.030573369935154915,-0.0002155788242816925,-0.0002155788242816925,2.4352222681045532e-05
69,2,233,69-2:233:31,all,8.623046875,lt16,1.0,0.05162344127893448,0.03984592854976654,0.03945670649409294,0.03961373120546341,0.03957538679242134,0.0002321973443031311,-0.00015702471137046814,-3.834441304206848e-05
69,2,233,69-2:233:31,inner_half,8.623046875,lt16,1.0,0.050459299236536026,0.035277824848890305,0.034718677401542664,0.03503505885601044,0.03473004698753357,0.00024276599287986755,-0.00031638145446777344,-0.0003050118684768677
69,2,233,69-2:233:32,all,9.49835205078125,lt16,1.0,0.07609936594963074,0.0441458560526371,0.04536338150501251,0.045339107513427734,0.044736314564943314,-0.0011932514607906342,2.4273991584777832e-05,-0.0006027929484844208
69,2,233,69-2:233:32,inner_half,9.49835205078125,lt16,1.0,0.04656808823347092,0.028769318014383316,0.02997584268450737,0.02717738226056099,0.029385454952716827,0.0015919357538223267,0.0027984604239463806,0.002208072692155838
69,2,233,69-2:233:33,all,9.515380859375,lt16,1.0,0.0870630145072937,0.09962137788534164,0.09941558539867401,0.09939316660165787,0.0998615175485611,0.00022821128368377686,2.24187970161438e-05,0.00046835094690322876
69,2,233,69-2:233:33,inner_half,9.515380859375,lt16,1.0,0.11324746161699295,0.1272200047969818,0.1273854523897171,0.12730130553245544,0.12727190554141998,-8.130073547363281e-05,8.414685726165771e-05,-2.9399991035461426e-05
69,2,233,69-2:233:34,all,13.306488037109375,lt16,1.0,0.1428653746843338,0.14252310991287231,0.14318877458572388,0.14347679913043976,0.142974853515625,-0.0009536892175674438,-0.00028802454471588135,-0.0005019456148147583
69,2,233,69-2:233:34,inner_half,13.306488037109375,lt16,1.0,0.194275364279747,0.19148585200309753,0.19139043986797333,0.19130903482437134,0.19182473421096802,0.0001768171787261963,8.140504360198975e-05,0.0005156993865966797
69,2,233,69-2:233:35,all,8.6728515625,lt16,1.0,0.031386569142341614,0.026856793090701103,0.02688497304916382,0.026881547644734383,0.026968441903591156,-2.475455403327942e-05,3.42540442943573e-06,8.689425885677338e-05
69,2,233,69-2:233:35,inner_half,8.6728515625,lt16,1.0,0.05458802729845047,0.04436196759343147,0.04439390078186989,0.04439208656549454,0.044576264917850494,-3.0118972063064575e-05,1.8142163753509521e-06,0.00018417835235595703
69,2,233,69-2:233:36,all,9.67742919921875,lt16,1.0,0.04883355647325516,0.0383991003036499,0.037627801299095154,0.03743197023868561,0.03912881761789322,0.0009671300649642944,0.0001958310604095459,0.001696847379207611
69,2,233,69-2:233:36,inner_half,9.67742919921875,lt16,1.0,0.06097833067178726,0.056360047310590744,0.057124361395835876,0.05628648400306702,0.05568350851535797,7.356330752372742e-05,0.0008378773927688599,-0.0006029754877090454
69,2,233,69-2:233:37,all,7.9166259765625,lt16,1.0,0.02831578254699707,0.027106380090117455,0.02725287526845932,0.02723611891269684,0.02714390680193901,-0.00012973882257938385,1.675635576248169e-05,-9.221211075782776e-05
69,2,233,69-2:233:37,inner_half,7.9166259765625,lt16,1.0,0.025047671049833298,0.024962224066257477,0.024900389835238457,0.02493230439722538,0.02475246973335743,2.9919669032096863e-05,-3.191456198692322e-05,-0.00017983466386795044
69,2,233,69-2:233:38,all,9.00634765625,lt16,1.0,0.04184392839670181,0.03385729342699051,0.033524755388498306,0.033851154148578644,0.03358498215675354,6.139278411865234e-06,-0.0003263987600803375,-0.00026617199182510376
69,2,233,69-2:233:38,inner_half,9.00634765625,lt16,1.0,0.04874119907617569,0.03820685297250748,0.03802400454878807,0.03769002854824066,0.03809451311826706,0.0005168244242668152,0.00033397600054740906,0.0004044845700263977
69,2,233,69-2:233:39,all,10.13482666015625,lt16,1.0,0.0510263592004776,0.05276898294687271,0.039071887731552124,0.03561326116323471,0.04587529972195625,0.017155721783638,0.0034586265683174133,0.010262038558721542
69,2,233,69-2:233:39,inner_half,10.13482666015625,lt16,1.0,0.057698171585798264,0.06007903814315796,0.04300405830144882,0.03270072117447853,0.050794098526239395,0.027378316968679428,0.010303337126970291,0.018093377351760864
69,2,233,69-2:233:40,all,8.369384765625,lt16,1.0,0.043930985033512115,0.04052513465285301,0.04037193953990936,0.040317848324775696,0.04071539640426636,0.00020728632807731628,5.409121513366699e-05,0.0003975480794906616
69,2,233,69-2:233:40,inner_half,8.369384765625,lt16,1.0,0.06353776156902313,0.05684395879507065,0.05649326369166374,0.05601431429386139,0.05678349733352661,0.000829644501209259,0.0004789493978023529,0.0007691830396652222
69,2,233,69-2:233:41,all,9.63299560546875,lt16,1.0,0.08504898846149445,0.04743780940771103,0.05746978521347046,0.05142993852496147,0.05636196956038475,-0.0039921291172504425,0.006039846688508987,0.004932031035423279
69,2,233,69-2:233:41,inner_half,9.63299560546875,lt16,1.0,0.13849541544914246,0.07522334158420563,0.09176081418991089,0.06837430596351624,0.0891578271985054,0.006849035620689392,0.023386508226394653,0.020783521234989166
69,2,233,69-2:233:42,all,10.65716552734375,lt16,0.1875,0.03777594491839409,0.03613980486989021,0.03291148319840431,0.03126255050301552,0.037381839007139206,0.004877254366874695,0.001648932695388794,0.006119288504123688
69,2,233,69-2:233:43,all,8.6785888671875,lt16,1.0,0.06202870234847069,0.062356963753700256,0.0623340979218483,0.06215349957346916,0.06236109510064125,0.00020346418023109436,0.00018059834837913513,0.00020759552717208862
69,2,233,69-2:233:43,inner_half,8.6785888671875,lt16,1.0,0.06237339973449707,0.06477493792772293,0.06477493792772293,0.06466196477413177,0.06506644934415817,0.000112973153591156,0.000112973153591156,0.0004044845700263977
69,2,233,69-2:233:44,all,9.864501953125,lt16,0.8359375,0.05964364856481552,0.026869047433137894,0.03185202553868294,0.029411444440484047,0.035878799855709076,-0.0025423970073461533,0.0024405810981988907,0.006467355415225029
69,2,233,69-2:233:44,inner_half,9.864501953125,lt16,1.0,0.08123689889907837,0.01884053647518158,0.023672746494412422,0.017750561237335205,0.036290086805820465,0.0010899752378463745,0.005922185257077217,0.01853952556848526
69,2,233,69-2:233:45,all,10.6751708984375,lt16,0.8515625,0.04895847663283348,0.035904742777347565,0.028306296095252037,0.03364728018641472,0.03660798445343971,0.002257462590932846,-0.005340984091162682,0.002960704267024994
69,2,233,69-2:233:45,inner_half,10.6751708984375,lt16,0.921875,0.056570734828710556,0.036493320018053055,0.02587822452187538,0.037270914763212204,0.04090007022023201,-0.0007775947451591492,-0.011392690241336823,0.003629155457019806
69,2,233,69-2:233:49,all,7.97674560546875,lt16,1.0,0.013950862921774387,0.014318334870040417,0.014365892857313156,0.014369472861289978,0.014318844303488731,-5.113799124956131e-05,-3.5800039768218994e-06,-5.062855780124664e-05
69,2,233,69-2:233:49,inner_half,7.97674560546875,lt16,1.0,0.01253393292427063,0.012701679021120071,0.012710575014352798,0.012750426307320595,0.012640224769711494,-4.8747286200523376e-05,-3.9851292967796326e-05,-0.00011020153760910034
69,2,233,69-2:233:54,all,10.3323974609375,lt16,1.0,0.039279431104660034,0.03968816250562668,0.03939279168844223,0.03973519429564476,0.03948044404387474,-4.7031790018081665e-05,-0.0003424026072025299,-0.00025475025177001953
69,2,233,69-2:233:54,inner_half,10.3323974609375,lt16,1.0,0.020390288904309273,0.022584684193134308,0.022204888984560966,0.023106753826141357,0.022626349702477455,-0.0005220696330070496,-0.0009018648415803909,-0.0004804041236639023
69,2,233,69-2:233:59,all,8.60479736328125,lt16,1.0,0.02411242574453354,0.02285522036254406,0.02326153591275215,0.023256469517946243,0.022867022082209587,-0.00040124915540218353,5.066394805908203e-06,-0.0003894474357366562
69,2,233,69-2:233:59,inner_half,8.60479736328125,lt16,1.0,0.028510672971606255,0.026187868788838387,0.026195287704467773,0.02621976099908352,0.02612324431538582,-3.1892210245132446e-05,-2.4473294615745544e-05,-9.65166836977005e-05
69,2,233,69-2:233:60,all,17.6651611328125,16to32,1.0,0.019899997860193253,0.015112185850739479,0.015159297734498978,0.01506364718079567,0.01509425975382328,4.853866994380951e-05,9.56505537033081e-05,3.061257302761078e-05
69,2,233,69-2:233:60,inner_half,17.6651611328125,16to32,1.0,0.028157390654087067,0.02293170616030693,0.023037139326334,0.022604528814554214,0.02270789071917534,0.00032717734575271606,0.00043261051177978516,0.00010336190462112427
69,2,233,69-2:233:61,all,12.8201904296875,lt16,1.0,0.023392897099256516,0.02148900181055069,0.021617554128170013,0.021512120962142944,0.021366439759731293,-2.311915159225464e-05,0.00010543316602706909,-0.0001456812024116516
69,2,233,69-2:233:61,inner_half,12.8201904296875,lt16,1.0,0.020510464906692505,0.01922898180782795,0.019124425947666168,0.019260559231042862,0.019039515405893326,-3.1577423214912415e-05,-0.00013613328337669373,-0.00022104382514953613
69,2,233,69-2:233:62,all,9.480712890625,lt16,1.0,0.0247005894780159,0.01561383344233036,0.015608109533786774,0.015533028170466423,0.015690183266997337,8.080527186393738e-05,7.508136332035065e-05,0.0001571550965309143
69,2,233,69-2:233:62,inner_half,9.480712890625,lt16,1.0,0.030609888955950737,0.018778342753648758,0.01918279007077217,0.01872919499874115,0.018571045249700546,4.914775490760803e-05,0.0004535950720310211,-0.00015814974904060364
69,2,233,69-2:233:63,all,18.42767333984375,16to32,1.0,0.017259083688259125,0.012753176502883434,0.012746334075927734,0.01277664303779602,0.01284986175596714,-2.3466534912586212e-05,-3.0308961868286133e-05,7.321871817111969e-05
69,2,233,69-2:233:63,inner_half,18.42767333984375,16to32,1.0,0.017127905040979385,0.011464480310678482,0.011540651321411133,0.011673952452838421,0.011294596828520298,-0.0002094721421599388,-0.00013330113142728806,-0.00037935562431812286
69,2,233,69-2:233:64,all,10.84674072265625,lt16,1.0,0.02718503028154373,0.015365715138614178,0.0152894901111722,0.01524294726550579,0.015634693205356598,0.000122767873108387,4.654284566640854e-05,0.0003917459398508072
69,2,233,69-2:233:64,inner_half,10.84674072265625,lt16,1.0,0.02822219766676426,0.016711626201868057,0.01657433621585369,0.016336578875780106,0.016890443861484528,0.00037504732608795166,0.0002377573400735855,0.000553864985704422
69,2,233,69-2:233:65,all,14.57269287109375,lt16,1.0,0.025543736293911934,0.01898433268070221,0.019095072522759438,0.01901550218462944,0.019073287025094032,-3.1169503927230835e-05,7.957033812999725e-05,5.778484046459198e-05
69,2,233,69-2:233:65,inner_half,14.57269287109375,lt16,1.0,0.029897432774305344,0.026523146778345108,0.02638152986764908,0.02643566206097603,0.026497473940253258,8.748471736907959e-05,-5.413219332695007e-05,6.181187927722931e-05
69,2,233,69-2:233:66,all,13.42230224609375,lt16,1.0,0.02484859712421894,0.014881177805364132,0.01487443782389164,0.01479257270693779,0.014935949817299843,8.860509842634201e-05,8.186511695384979e-05,0.00014337711036205292
69,2,233,69-2:233:66,inner_half,13.42230224609375,lt16,1.0,0.030066216364502907,0.01770178973674774,0.017569486051797867,0.017479967325925827,0.01755799725651741,0.00022182241082191467,8.95187258720398e-05,7.802993059158325e-05
69,2,233,69-2:233:67,all,13.95733642578125,lt16,1.0,0.018919583410024643,0.013788197189569473,0.013920077122747898,0.01393449679017067,0.013991454616189003,-0.0001462996006011963,-1.4419667422771454e-05,5.6957826018333435e-05
69,2,233,69-2:233:67,inner_half,13.95733642578125,lt16,1.0,0.019838940352201462,0.014084422960877419,0.014345521107316017,0.014464020729064941,0.01435589138418436,-0.0003795977681875229,-0.00011849962174892426,-0.0001081293448805809
69,2,233,69-2:233:68,all,8.0272216796875,lt16,1.0,0.029182851314544678,0.03084457479417324,0.03073940984904766,0.03076012246310711,0.03064652346074581,8.445233106613159e-05,-2.0712614059448242e-05,-0.00011359900236129761
69,2,233,69-2:233:68,inner_half,8.0272216796875,lt16,1.0,0.039324674755334854,0.042580798268318176,0.04243205860257149,0.0424652099609375,0.04195760190486908,0.00011558830738067627,-3.315135836601257e-05,-0.0005076080560684204
69,2,233,69-2:233:69,all,15.6151123046875,lt16,1.0,0.016733549535274506,0.011541968211531639,0.011585714295506477,0.01167372614145279,0.011479970999062061,-0.0001317579299211502,-8.801184594631195e-05,-0.000193755142390728
69,2,233,69-2:233:69,inner_half,15.6151123046875,lt16,1.0,0.019239481538534164,0.013129319995641708,0.013053346425294876,0.013222390785813332,0.013105327263474464,-9.307079017162323e-05,-0.0001690443605184555,-0.00011706352233886719
69,2,233,69-2:233:70,all,13.7484130859375,lt16,1.0,0.024716254323720932,0.015069427900016308,0.015141334384679794,0.015175320208072662,0.015171311795711517,-0.00010589230805635452,-3.398582339286804e-05,-4.0084123611450195e-06
69,2,233,69-2:233:70,inner_half,13.7484130859375,lt16,1.0,0.02607017010450363,0.013282302767038345,0.01360933855175972,0.013898778706789017,0.01372484676539898,-0.0006164759397506714,-0.0002894401550292969,-0.00017393194139003754
69,2,233,69-2:233:71,all,13.578369140625,lt16,1.0,0.025129206478595734,0.016250135377049446,0.016348499804735184,0.01638931967318058,0.016454629600048065,-0.00013918429613113403,-4.081986844539642e-05,6.530992686748505e-05
69,2,233,69-2:233:71,inner_half,13.578369140625,lt16,1.0,0.03273305669426918,0.017803892493247986,0.01784236915409565,0.017511144280433655,0.017965618520975113,0.00029274821281433105,0.00033122487366199493,0.00045447424054145813
69,2,233,69-2:233:72,all,12.59283447265625,lt16,1.0,0.028006691485643387,0.016044586896896362,0.015909546986222267,0.015814634039998055,0.016007771715521812,0.0002299528568983078,9.491294622421265e-05,0.00019313767552375793
69,2,233,69-2:233:72,inner_half,12.59283447265625,lt16,1.0,0.024752672761678696,0.014841653406620026,0.014347149059176445,0.014526505023241043,0.015096906572580338,0.00031514838337898254,-0.00017935596406459808,0.0005704015493392944
69,2,233,69-2:233:73,all,13.88671875,lt16,1.0,0.030492138117551804,0.015964310616254807,0.015954216942191124,0.015921305865049362,0.01596805825829506,4.3004751205444336e-05,3.291107714176178e-05,4.675239324569702e-05
69,2,233,69-2:233:73,inner_half,13.88671875,lt16,1.0,0.024086887016892433,0.012915038503706455,0.012915038503706455,0.01276260893791914,0.012502694502472878,0.00015242956578731537,0.00015242956578731537,-0.00025991443544626236
69,2,233,69-2:233:79,all,29.81939697265625,16to32,1.0,0.014450357295572758,0.015340741723775864,0.015281780622899532,0.015400296077132225,0.015265244990587234,-5.955435335636139e-05,-0.00011851545423269272,-0.00013505108654499054
69,2,233,69-2:233:79,inner_half,29.81939697265625,16to32,1.0,0.007725750096142292,0.00859224982559681,0.008595280349254608,0.008626755326986313,0.008631284348666668,-3.450550138950348e-05,-3.147497773170471e-05,4.529021680355072e-06
69,2,233,69-2:233:80,all,29.02996826171875,16to32,1.0,0.03529895469546318,0.027651848271489143,0.027989238500595093,0.027942758053541183,0.02806299924850464,-0.0002909097820520401,4.64804470539093e-05,0.0001202411949634552
69,2,233,69-2:233:80,inner_half,29.02996826171875,16to32,1.0,0.02929394319653511,0.025371193885803223,0.025404106825590134,0.0268498994410038,0.025697849690914154,-0.0014787055552005768,-0.0014457926154136658,-0.0011520497500896454
69,2,233,69-2:233:81,all,24.02154541015625,16to32,1.0,0.01756604202091694,0.01605229452252388,0.01553336065262556,0.015705278143286705,0.016487466171383858,0.000347016379237175,-0.00017191749066114426,0.0007821880280971527
69,2,233,69-2:233:81,inner_half,24.02154541015625,16to32,1.0,0.01999024860560894,0.018317867070436478,0.016362784430384636,0.0187787227332592,0.01908964291214943,-0.0004608556628227234,-0.002415938302874565,0.00031092017889022827
69,2,233,69-2:233:82,all,22.887664794921875,16to32,1.0,0.01494939997792244,0.014237373135983944,0.014276168309152126,0.014230301603674889,0.014286879450082779,7.071532309055328e-06,4.58667054772377e-05,5.657784640789032e-05
69,2,233,69-2:233:82,inner_half,22.887664794921875,16to32,1.0,0.016328977420926094,0.014238563366234303,0.014365180395543575,0.014314796775579453,0.014364941976964474,-7.623340934515e-05,5.038361996412277e-05,5.014520138502121e-05
69,2,233,69-2:233:83,all,24.6102294921875,16to32,1.0,0.010835899040102959,0.010373033583164215,0.0104153947904706,0.010444276966154575,0.010382413864135742,-7.124338299036026e-05,-2.888217568397522e-05,-6.186310201883316e-05
69,2,233,69-2:233:83,inner_half,24.6102294921875,16to32,1.0,0.00827014446258545,0.008153678849339485,0.008224128745496273,0.008225145749747753,0.008266912773251534,-7.146690040826797e-05,-1.0170042514801025e-06,4.1767023503780365e-05
69,2,233,69-2:233:84,all,25.56280517578125,16to32,1.0,0.018786877393722534,0.017074570059776306,0.017119724303483963,0.01711249351501465,0.017075547948479652,-3.7923455238342285e-05,7.230788469314575e-06,-3.694556653499603e-05
69,2,233,69-2:233:84,inner_half,25.56280517578125,16to32,1.0,0.025672443211078644,0.022730112075805664,0.022730112075805664,0.022730112075805664,0.022439338266849518,0.0,0.0,-0.00029077380895614624
69,2,233,69-2:233:85,all,20.69158935546875,16to32,1.0,0.03169795870780945,0.03181818127632141,0.03183634206652641,0.03182969242334366,0.03206830471754074,-1.1511147022247314e-05,6.649643182754517e-06,0.00023861229419708252
69,2,233,69-2:233:85,inner_half,20.69158935546875,16to32,1.0,0.03843273967504501,0.039557021111249924,0.039718445390462875,0.03957361727952957,0.03996184840798378,-1.6596168279647827e-05,0.00014482811093330383,0.0003882311284542084
69,2,233,69-2:233:86,all,21.66064453125,16to32,1.0,0.021068409085273743,0.02124108374118805,0.021269844844937325,0.02127334102988243,0.021157482638955116,-3.2257288694381714e-05,-3.4961849451065063e-06,-0.00011585839092731476
69,2,233,69-2:233:86,inner_half,21.66064453125,16to32,1.0,0.022105038166046143,0.022425992414355278,0.022425992414355278,0.02236892655491829,0.02206897735595703,5.706585943698883e-05,5.706585943698883e-05,-0.00029994919896125793
69,2,233,69-2:233:87,all,22.24420166015625,16to32,1.0,0.026798807084560394,0.026237286627292633,0.026274515315890312,0.02622116729617119,0.026175517588853836,1.6119331121444702e-05,5.334801971912384e-05,-4.5649707317352295e-05
69,2,233,69-2:233:87,inner_half,22.24420166015625,16to32,1.0,0.03636263310909271,0.034644730389118195,0.03472256287932396,0.03491099178791046,0.03459534794092178,-0.00026626139879226685,-0.00018842890858650208,-0.000315643846988678
69,2,233,69-2:233:88,all,17.844406127929688,16to32,1.0,0.016221553087234497,0.016457684338092804,0.016423428431153297,0.01640123873949051,0.016387106850743294,5.644559860229492e-05,2.218969166278839e-05,-1.4131888747215271e-05
69,2,233,69-2:233:88,inner_half,17.844406127929688,16to32,1.0,0.015149366110563278,0.015107177197933197,0.01510691735893488,0.015066845342516899,0.015163824893534184,4.033185541629791e-05,4.0072016417980194e-05,9.69795510172844e-05
69,2,233,69-2:233:89,all,18.080352783203125,16to32,1.0,0.01644447073340416,0.016767539083957672,0.01698671281337738,0.016989151015877724,0.016829797998070717,-0.00022161193192005157,-2.4382025003433228e-06,-0.00015935301780700684
69,2,233,69-2:233:89,inner_half,18.080352783203125,16to32,1.0,0.01450308971107006,0.01463946234434843,0.014648578129708767,0.01467019971460104,0.014558281749486923,-3.073737025260925e-05,-2.162158489227295e-05,-0.00011191796511411667
69,2,233,69-2:233:90,all,20.669677734375,16to32,1.0,0.028462767601013184,0.029264230281114578,0.029662489891052246,0.029620327055454254,0.028968196362257004,-0.0003560967743396759,4.216283559799194e-05,-0.0006521306931972504
69,2,233,69-2:233:90,inner_half,20.669677734375,16to32,1.0,0.030743008479475975,0.034217145293951035,0.03427032008767128,0.034246865659952164,0.033821336925029755,-2.972036600112915e-05,2.345442771911621e-05,-0.00042552873492240906
69,2,233,69-2:233:91,all,25.476806640625,16to32,1.0,0.08123299479484558,0.05391836166381836,0.05856559798121452,0.053004566580057144,0.059462327510118484,0.0009137950837612152,0.005561031401157379,0.00645776093006134
69,2,233,69-2:233:91,inner_half,25.476806640625,16to32,1.0,0.11519016325473785,0.06422743201255798,0.07173671573400497,0.06007658690214157,0.07850431650876999,0.004150845110416412,0.011660128831863403,0.018427729606628418
69,2,233,69-2:233:92,all,23.7388916015625,16to32,1.0,0.01446467824280262,0.013421576470136642,0.013415183871984482,0.01349211111664772,0.013474204577505589,-7.053464651107788e-05,-7.692724466323853e-05,-1.7906539142131805e-05
69,2,233,69-2:233:92,inner_half,23.7388916015625,16to32,1.0,0.010135503485798836,0.010427837260067463,0.01048703771084547,0.010500261560082436,0.010519947856664658,-7.242430001497269e-05,-1.322384923696518e-05,1.9686296582221985e-05
69,2,233,69-2:233:93,all,17.09686279296875,16to32,1.0,0.0438571535050869,0.04037962853908539,0.0405719019472599,0.04070521146059036,0.04142926260828972,-0.00032558292150497437,-0.0001333095133304596,0.0007240511476993561
69,2,233,69-2:233:93,inner_half,17.09686279296875,16to32,1.0,0.04679057002067566,0.04260142147541046,0.042771682143211365,0.043203238397836685,0.04402387887239456,-0.0006018169224262238,-0.00043155625462532043,0.0008206404745578766
69,2,233,69-2:233:94,all,19.8072509765625,16to32,1.0,0.0344059057533741,0.03456934168934822,0.03487338125705719,0.03474534675478935,0.03466109186410904,-0.0001760050654411316,0.00012803450226783752,-8.425489068031311e-05
69,2,233,69-2:233:94,inner_half,19.8072509765625,16to32,1.0,0.03921806067228317,0.03848357871174812,0.038743775337934494,0.03863084316253662,0.03855564445257187,-0.00014726445078849792,0.00011293217539787292,-7.51987099647522e-05
69,2,233,69-2:233:95,all,19.410125732421875,16to32,1.0,0.026624904945492744,0.026313332840800285,0.02612008899450302,0.02613515406847,0.026275701820850372,0.00017817877233028412,-1.506507396697998e-05,0.0001405477523803711
69,2,233,69-2:233:95,inner_half,19.410125732421875,16to32,1.0,0.028672222048044205,0.02765706554055214,0.027661055326461792,0.027671825140714645,0.027955638244748116,-1.4759600162506104e-05,-1.0769814252853394e-05,0.00028381310403347015
69,2,233,69-2:233:96,all,17.620849609375,16to32,1.0,0.033298417925834656,0.03305530548095703,0.03302814066410065,0.032980989664793015,0.033094778656959534,7.431581616401672e-05,4.7150999307632446e-05,0.00011378899216651917
69,2,233,69-2:233:96,inner_half,17.620849609375,16to32,1.0,0.04384801536798477,0.03949156031012535,0.03951390087604523,0.03951390087604523,0.039533864706754684,-2.23405659198761e-05,0.0,1.9963830709457397e-05
69,2,233,69-2:233:97,all,15.78814697265625,lt16,1.0,0.021317116916179657,0.021653402596712112,0.021641355007886887,0.02163504809141159,0.021621983498334885,1.835450530052185e-05,6.3069164752960205e-06,-1.3064593076705933e-05
69,2,233,69-2:233:97,inner_half,15.78814697265625,lt16,1.0,0.0208752378821373,0.021480724215507507,0.021480724215507507,0.021472427994012833,0.021480724215507507,8.296221494674683e-06,8.296221494674683e-06,8.296221494674683e-06
69,2,233,69-2:233:98,all,16.4130859375,16to32,0.82421875,0.2439323514699936,0.04623391106724739,0.05065268650650978,0.0483209528028965,0.05970774218440056,-0.002087041735649109,0.0023317337036132812,0.011386789381504059
69,2,233,69-2:233:98,inner_half,16.4130859375,16to32,1.0,0.3012751042842865,0.04333934932947159,0.052664320915937424,0.03994104638695717,0.06358595192432404,0.0033983029425144196,0.012723274528980255,0.023644905537366867
69,2,233,69-2:233:99,all,14.2884521484375,lt16,0.79296875,0.10356857627630234,0.02055197022855282,0.030907882377505302,0.025632895529270172,0.027178887277841568,-0.005080925300717354,0.00527498684823513,0.0015459917485713959
69,2,233,69-2:233:99,inner_half,14.2884521484375,lt16,1.0,0.1269318163394928,0.02263285219669342,0.032462384551763535,0.02242748998105526,0.031135588884353638,0.0002053622156381607,0.010034894570708275,0.008708098903298378
69,2,467,69-2:467:0,all,10.19171142578125,lt16,1.0,0.09579695016145706,0.09348336607217789,0.09242535382509232,0.09280798584222794,0.09468092024326324,0.0006753802299499512,-0.0003826320171356201,0.0018729344010353088
69,2,467,69-2:467:0,inner_half,10.19171142578125,lt16,1.0,0.13343560695648193,0.13944083452224731,0.13998866081237793,0.13986237347126007,0.14349700510501862,-0.00042153894901275635,0.0001262873411178589,0.003634631633758545
69,2,467,69-2:467:1,all,11.0560302734375,lt16,1.0,0.06074715033173561,0.05433505028486252,0.05439458787441254,0.054425761103630066,0.05427117645740509,-9.071081876754761e-05,-3.11732292175293e-05,-0.00015458464622497559
69,2,467,69-2:467:1,inner_half,11.0560302734375,lt16,1.0,0.09053362905979156,0.0813688412308693,0.08136844635009766,0.0816146582365036,0.08155742287635803,-0.00024581700563430786,-0.0002462118864059448,-5.723536014556885e-05
69,2,467,69-2:467:2,all,9.1971435546875,lt16,1.0,0.061433203518390656,0.05956217646598816,0.059213921427726746,0.05909669026732445,0.05934588611125946,0.00046548619866371155,0.00011723116040229797,0.0002491958439350128
69,2,467,69-2:467:2,inner_half,9.1971435546875,lt16,1.0,0.09155236184597015,0.08863930404186249,0.08829770982265472,0.0861763209104538,0.08781479299068451,0.0024629831314086914,0.0021213889122009277,0.0016384720802307129
69,2,467,69-2:467:3,all,9.2861328125,lt16,1.0,0.043049219995737076,0.033671922981739044,0.03370028734207153,0.03376111388206482,0.033708423376083374,-8.919090032577515e-05,-6.082653999328613e-05,-5.269050598144531e-05
69,2,467,69-2:467:3,inner_half,9.2861328125,lt16,1.0,0.027949675917625427,0.02378101274371147,0.023864008486270905,0.02405427396297455,0.023380234837532043,-0.0002732612192630768,-0.0001902654767036438,-0.0006740391254425049
69,2,467,69-2:467:4,all,18.004638671875,16to32,1.0,0.09052794426679611,0.08373168855905533,0.08944949507713318,0.07890049368143082,0.08378417044878006,0.004831194877624512,0.010549001395702362,0.004883676767349243
69,2,467,69-2:467:4,inner_half,18.004638671875,16to32,1.0,0.14429360628128052,0.12719717621803284,0.12885673344135284,0.11861927807331085,0.12121020257472992,0.008577898144721985,0.010237455368041992,0.0025909245014190674
69,2,467,69-2:467:5,all,9.05963134765625,lt16,1.0,0.03477143496274948,0.027446402236819267,0.027602016925811768,0.027839187532663345,0.027678385376930237,-0.00039278529584407806,-0.00023717060685157776,-0.00016080215573310852
69,2,467,69-2:467:5,inner_half,9.05963134765625,lt16,1.0,0.03511308506131172,0.020730091258883476,0.021507032215595245,0.02135799452662468,0.021135635673999786,-0.0006279032677412033,0.0001490376889705658,-0.0002223588526248932
69,2,467,69-2:467:6,all,11.4691162109375,lt16,1.0,0.020505229011178017,0.012977571226656437,0.012964410707354546,0.013145966455340385,0.01299579069018364,-0.00016839522868394852,-0.00018155574798583984,-0.0001501757651567459
69,2,467,69-2:467:6,inner_half,11.4691162109375,lt16,1.0,0.02900729514658451,0.01715153641998768,0.01717531308531761,0.0171252079308033,0.01709311455488205,2.6328489184379578e-05,5.0105154514312744e-05,-3.209337592124939e-05
69,2,467,69-2:467:7,all,8.8687744140625,lt16,1.0,0.025297820568084717,0.019408956170082092,0.019680418074131012,0.019843995571136475,0.019612547010183334,-0.0004350394010543823,-0.00016357749700546265,-0.00023144856095314026
69,2,467,69-2:467:7,inner_half,8.8687744140625,lt16,1.0,0.03911849111318588,0.03026972897350788,0.03032803162932396,0.030738722532987595,0.030518975108861923,-0.00046899355947971344,-0.00041069090366363525,-0.0002197474241256714
69,2,467,69-2:467:8,all,8.91021728515625,lt16,0.69140625,0.04369629546999931,0.04234904423356056,0.04213455319404602,0.042055822908878326,0.04221940040588379,0.0002932213246822357,7.873028516769409e-05,0.00016357749700546265
69,2,467,69-2:467:9,all,11.9127197265625,lt16,1.0,0.017893783748149872,0.014103773981332779,0.01415262185037136,0.01406869851052761,0.01419689692556858,3.507547080516815e-05,8.392333984375e-05,0.00012819841504096985
69,2,467,69-2:467:9,inner_half,11.9127197265625,lt16,1.0,0.01970529928803444,0.014171388000249863,0.014679176732897758,0.014287592843174934,0.014467567205429077,-0.00011620484292507172,0.0003915838897228241,0.00017997436225414276
69,2,467,69-2:467:10,all,8.4320068359375,lt16,1.0,0.01883615180850029,0.01808960549533367,0.018138881772756577,0.018196994438767433,0.018191687762737274,-0.0001073889434337616,-5.811266601085663e-05,-5.306676030158997e-06
69,2,467,69-2:467:10,inner_half,8.4320068359375,lt16,1.0,0.026034506037831306,0.024189071729779243,0.02418959140777588,0.024192143231630325,0.024355102330446243,-3.071501851081848e-06,-2.551823854446411e-06,0.00016295909881591797
69,2,467,69-2:467:11,all,10.8382568359375,lt16,0.73046875,0.08511140197515488,0.02193487621843815,0.0224128607660532,0.039764657616615295,0.040826909244060516,-0.017829781398177147,-0.017351796850562096,0.001062251627445221
69,2,467,69-2:467:11,inner_half,10.8382568359375,lt16,0.796875,0.08263660967350006,0.026255525648593903,0.022446220740675926,0.04703376814723015,0.04654847830533981,-0.020778242498636246,-0.024587547406554222,-0.0004852898418903351
69,2,467,69-2:467:12,all,8.92474365234375,lt16,0.91796875,0.0815097764134407,0.03713953495025635,0.03799092769622803,0.03826424479484558,0.0413050577044487,-0.0011247098445892334,-0.0002733170986175537,0.003040812909603119
69,2,467,69-2:467:12,inner_half,8.92474365234375,lt16,1.0,0.09209492802619934,0.030758149921894073,0.033348970115184784,0.02462960034608841,0.03402259200811386,0.006128549575805664,0.008719369769096375,0.009392991662025452
69,2,467,69-2:467:13,all,8.9468994140625,lt16,1.0,0.05332834646105766,0.04661792889237404,0.046714454889297485,0.046337444335222244,0.046641942113637924,0.00028048455715179443,0.0003770105540752411,0.00030449777841567993
69,2,467,69-2:467:13,inner_half,8.9468994140625,lt16,1.0,0.060663141310214996,0.0496787466108799,0.0505070686340332,0.04911883920431137,0.05044369772076607,0.0005599074065685272,0.0013882294297218323,0.0013248585164546967
69,2,467,69-2:467:14,all,8.91961669921875,lt16,1.0,0.019198641180992126,0.015389560721814632,0.015277180820703506,0.015184460207819939,0.015372641384601593,0.00020510051399469376,9.272061288356781e-05,0.00018818117678165436
69,2,467,69-2:467:14,inner_half,8.91961669921875,lt16,1.0,0.03174510598182678,0.019609197974205017,0.019531209021806717,0.01953127048909664,0.0194060280919075,7.792748510837555e-05,-6.146728992462158e-08,-0.00012524239718914032
69,2,467,69-2:467:15,all,9.74285888671875,lt16,1.0,0.05272533744573593,0.0399794802069664,0.04019875079393387,0.040184780955314636,0.04016060382127762,-0.00020530074834823608,1.3969838619232178e-05,-2.4177134037017822e-05
69,2,467,69-2:467:15,inner_half,9.74285888671875,lt16,1.0,0.11779457330703735,0.08935507386922836,0.08960990607738495,0.08936342597007751,0.0896693617105484,-8.352100849151611e-06,0.0002464801073074341,0.00030593574047088623
69,2,467,69-2:467:16,all,9.084716796875,lt16,1.0,0.067636638879776,0.0484907403588295,0.04894120246171951,0.04899001121520996,0.04890633746981621,-0.0004992708563804626,-4.8808753490448e-05,-8.367374539375305e-05
69,2,467,69-2:467:16,inner_half,9.084716796875,lt16,1.0,0.05428822338581085,0.04803495109081268,0.04803495109081268,0.04796916991472244,0.04796120896935463,6.578117609024048e-05,6.578117609024048e-05,-7.96094536781311e-06
69,2,467,69-2:467:17,all,9.9365234375,lt16,0.68359375,0.15425994992256165,0.07307473570108414,0.09986667335033417,0.08338909596204758,0.0993742123246193,-0.01031436026096344,0.01647757738828659,0.015985116362571716
69,2,467,69-2:467:17,inner_half,9.9365234375,lt16,0.765625,0.2902628481388092,0.04065147787332535,0.07391560822725296,0.05345190688967705,0.10007243603467941,-0.0128004290163517,0.020463701337575912,0.046620529145002365
69,2,467,69-2:467:18,all,9.2176513671875,lt16,1.0,0.031050793826580048,0.028516165912151337,0.028563138097524643,0.02861233614385128,0.02833672985434532,-9.617023169994354e-05,-4.919804632663727e-05,-0.00027560628950595856
69,2,467,69-2:467:18,inner_half,9.2176513671875,lt16,1.0,0.025475718080997467,0.026017550379037857,0.02611662447452545,0.026221221312880516,0.025855887681245804,-0.000203670933842659,-0.00010459683835506439,-0.0003653336316347122
69,2,467,69-2:467:19,all,10.605224609375,lt16,0.99609375,0.12944616377353668,0.03655009716749191,0.07331077754497528,0.04130585864186287,0.06689956784248352,-0.004755761474370956,0.03200491890311241,0.02559370920062065
69,2,467,69-2:467:19,inner_half,10.605224609375,lt16,1.0,0.17684349417686462,0.05258084833621979,0.10607034713029861,0.04380170255899429,0.09617140144109726,0.008779145777225494,0.06226864457130432,0.052369698882102966
69,2,467,69-2:467:20,all,10.46588134765625,lt16,1.0,0.09492366760969162,0.066850446164608,0.07642564922571182,0.07967431098222733,0.07212100923061371,-0.012823864817619324,-0.003248661756515503,-0.007553301751613617
69,2,467,69-2:467:20,inner_half,10.46588134765625,lt16,1.0,0.08755184710025787,0.0649615079164505,0.07145822793245316,0.06438462436199188,0.06934461742639542,0.0005768835544586182,0.007073603570461273,0.004959993064403534
69,2,467,69-2:467:21,all,8.7545166015625,lt16,1.0,0.10546406358480453,0.09024383872747421,0.09695103019475937,0.09444066882133484,0.09407197684049606,-0.004196830093860626,0.00251036137342453,-0.00036869198083877563
69,2,467,69-2:467:21,inner_half,8.7545166015625,lt16,1.0,0.16294240951538086,0.12267617881298065,0.1333414912223816,0.12477662414312363,0.13161981105804443,-0.002100445330142975,0.008564867079257965,0.006843186914920807
69,2,467,69-2:467:22,all,7.84417724609375,lt16,1.0,0.015328341163694859,0.017308328300714493,0.017249761149287224,0.01719760149717331,0.017226973548531532,0.00011072680354118347,5.215965211391449e-05,2.937205135822296e-05
69,2,467,69-2:467:22,inner_half,7.84417724609375,lt16,1.0,0.018483642488718033,0.02169881761074066,0.02169881761074066,0.0216725692152977,0.02157706767320633,2.6248395442962646e-05,2.6248395442962646e-05,-9.550154209136963e-05
69,2,467,69-2:467:23,all,8.9837646484375,lt16,1.0,0.030868880450725555,0.020334798842668533,0.02036496251821518,0.02031971886754036,0.0202155951410532,1.5079975128173828e-05,4.5243650674819946e-05,-0.00010412372648715973
69,2,467,69-2:467:23,inner_half,8.9837646484375,lt16,1.0,0.04690304026007652,0.033220455050468445,0.033220455050468445,0.033224284648895264,0.03334653377532959,-3.829598426818848e-06,-3.829598426818848e-06,0.00012224912643432617
69,2,467,69-2:467:24,all,9.01910400390625,lt16,1.0,0.14388857781887054,0.14233478903770447,0.14302116632461548,0.14296695590019226,0.1425991654396057,-0.000632166862487793,5.4210424423217773e-05,-0.00036779046058654785
69,2,467,69-2:467:24,inner_half,9.01910400390625,lt16,1.0,0.1937609612941742,0.19433127343654633,0.19573482871055603,0.19445374608039856,0.1939656287431717,-0.0001224726438522339,0.0012810826301574707,-0.0004881173372268677
69,2,467,69-2:467:25,all,17.6326904296875,16to32,1.0,0.01769992709159851,0.018011201173067093,0.01790769211947918,0.018037082627415657,0.018053961917757988,-2.5881454348564148e-05,-0.00012939050793647766,1.6879290342330933e-05
69,2,467,69-2:467:25,inner_half,17.6326904296875,16to32,1.0,0.02217419445514679,0.022654259577393532,0.022512761875987053,0.022512761875987053,0.02238456904888153,0.00014149770140647888,0.0,-0.00012819282710552216
69,2,467,69-2:467:26,all,9.1470947265625,lt16,1.0,0.07187435775995255,0.07343468070030212,0.07353946566581726,0.07327298074960709,0.07352942228317261,0.00016169995069503784,0.00026648491621017456,0.00025644153356552124
69,2,467,69-2:467:26,inner_half,9.1470947265625,lt16,1.0,0.10701198875904083,0.09961584955453873,0.09952639043331146,0.0995345488190651,0.09928308427333832,8.130073547363281e-05,-8.158385753631592e-06,-0.0002514645457267761
69,2,467,69-2:467:27,all,9.28338623046875,lt16,1.0,0.03332483395934105,0.03439728170633316,0.03447497636079788,0.03451531380414963,0.03427831828594208,-0.00011803209781646729,-4.0337443351745605e-05,-0.00023699551820755005
69,2,467,69-2:467:27,inner_half,9.28338623046875,lt16,1.0,0.04372185096144676,0.046074263751506805,0.04615865275263786,0.04651598632335663,0.04582244157791138,-0.000441722571849823,-0.00035733357071876526,-0.0006935447454452515
69,2,467,69-2:467:28,all,8.95233154296875,lt16,1.0,0.10715502500534058,0.11024250090122223,0.11118489503860474,0.10989484190940857,0.10940728336572647,0.00034765899181365967,0.001290053129196167,-0.0004875585436820984
69,2,467,69-2:467:28,inner_half,8.95233154296875,lt16,1.0,0.14641524851322174,0.1500907838344574,0.15096555650234222,0.14722764492034912,0.14810560643672943,0.0028631389141082764,0.003737911581993103,0.0008779615163803101
69,2,467,69-2:467:29,all,8.24176025390625,lt16,1.0,0.03326151520013809,0.02786848694086075,0.027706731110811234,0.02787976711988449,0.02767539583146572,-1.1280179023742676e-05,-0.00017303600907325745,-0.00020437128841876984
69,2,467,69-2:467:29,inner_half,8.24176025390625,lt16,1.0,0.02673395350575447,0.02378007397055626,0.02360377088189125,0.02386610209941864,0.023535236716270447,-8.602812886238098e-05,-0.0002623312175273895,-0.00033086538314819336
69,2,467,69-2:467:30,all,8.9375,lt16,0.9921875,0.13220514357089996,0.11016296595335007,0.09906347095966339,0.08460217714309692,0.10374146699905396,0.025560788810253143,0.014461293816566467,0.01913928985595703
69,2,467,69-2:467:30,inner_half,8.9375,lt16,1.0,0.24982894957065582,0.18612119555473328,0.1688576638698578,0.10861792415380478,0.1976548731327057,0.0775032714009285,0.06023973971605301,0.08903694897890091
69,2,467,69-2:467:31,all,8.80712890625,lt16,0.40234375,0.04716368019580841,0.04602727293968201,0.05653512477874756,0.04749928042292595,0.04649082571268082,-0.0014720074832439423,0.00903584435582161,-0.0010084547102451324
69,2,467,69-2:467:31,inner_half,8.80712890625,lt16,0.109375,0.18808521330356598,0.17726241052150726,0.17423297464847565,0.10727761685848236,0.1445910781621933,0.0699847936630249,0.06695535778999329,0.03731346130371094
69,2,467,69-2:467:32,all,9.23284912109375,lt16,0.87109375,0.1621025949716568,0.09164630621671677,0.09259623289108276,0.07505054771900177,0.0945567637681961,0.016595758497714996,0.017545685172080994,0.019506216049194336
69,2,467,69-2:467:32,inner_half,9.23284912109375,lt16,0.9375,0.2532980740070343,0.11941924691200256,0.12940847873687744,0.09653403609991074,0.1177564188838005,0.022885210812091827,0.032874442636966705,0.02122238278388977
69,2,467,69-2:467:33,all,9.4031982421875,lt16,1.0,0.024062054231762886,0.013316260650753975,0.013388619758188725,0.013378910720348358,0.013439785689115524,-6.265006959438324e-05,9.709037840366364e-06,6.087496876716614e-05
69,2,467,69-2:467:33,inner_half,9.4031982421875,lt16,1.0,0.02945634350180626,0.01363297924399376,0.013701016083359718,0.013662598095834255,0.013612574897706509,-2.9618851840496063e-05,3.8417987525463104e-05,-5.002319812774658e-05
69,2,467,69-2:467:34,all,9.2432861328125,lt16,1.0,0.06897297501564026,0.07387902587652206,0.0687192976474762,0.07263142615556717,0.07013116031885147,0.001247599720954895,-0.003912128508090973,-0.0025002658367156982
69,2,467,69-2:467:34,inner_half,9.2432861328125,lt16,1.0,0.11797647178173065,0.1293773651123047,0.11476262658834457,0.1254843920469284,0.12057442963123322,0.0038929730653762817,-0.010721765458583832,-0.00490996241569519
69,2,467,69-2:467:35,all,10.483642578125,lt16,1.0,0.11979633569717407,0.11807458102703094,0.11760816723108292,0.1173667386174202,0.11755845695734024,0.0007078424096107483,0.00024142861366271973,0.00019171833992004395
69,2,467,69-2:467:35,inner_half,10.483642578125,lt16,1.0,0.2961423993110657,0.2909911870956421,0.29082995653152466,0.28994524478912354,0.289829820394516,0.0010459423065185547,0.000884711742401123,-0.00011542439460754395
69,2,467,69-2:467:36,all,11.521728515625,lt16,1.0,0.021842222660779953,0.015970662236213684,0.01589791849255562,0.01590079441666603,0.01573525369167328,6.98678195476532e-05,-2.8759241104125977e-06,-0.00016554072499275208
69,2,467,69-2:467:36,inner_half,11.521728515625,lt16,1.0,0.04479960724711418,0.03292056918144226,0.03266194462776184,0.032822515815496445,0.03178924322128296,9.805336594581604e-05,-0.00016057118773460388,-0.0010332725942134857
69,2,467,69-2:467:37,all,9.26995849609375,lt16,1.0,0.07075855135917664,0.05581040680408478,0.055471938103437424,0.05345214903354645,0.05464550107717514,0.00235825777053833,0.002019789069890976,0.0011933520436286926
69,2,467,69-2:467:37,inner_half,9.26995849609375,lt16,1.0,0.08636646717786789,0.06459762156009674,0.06416431069374084,0.05831119790673256,0.06464977562427521,0.0062864236533641815,0.0058531127870082855,0.006338577717542648
69,2,467,69-2:467:38,all,9.162109375,lt16,1.0,0.08571390807628632,0.08307313919067383,0.08371588587760925,0.08716503530740738,0.08287402987480164,-0.004091896116733551,-0.0034491494297981262,-0.004291005432605743
69,2,467,69-2:467:38,inner_half,9.162109375,lt16,1.0,0.1365780085325241,0.13195189833641052,0.12998194992542267,0.12994956970214844,0.13138863444328308,0.002002328634262085,3.238022327423096e-05,0.0014390647411346436
69,2,467,69-2:467:39,all,8.692626953125,lt16,1.0,0.048435211181640625,0.034450046718120575,0.034697625786066055,0.03443066403269768,0.03463447466492653,1.938268542289734e-05,0.0002669617533683777,0.00020381063222885132
69,2,467,69-2:467:39,inner_half,8.692626953125,lt16,1.0,0.05853570997714996,0.03954743221402168,0.03971857205033302,0.039057496935129166,0.0397028923034668,0.0004899352788925171,0.0006610751152038574,0.0006453953683376312
69,2,467,69-2:467:47,all,9.3787841796875,lt16,1.0,0.02771349623799324,0.015734706073999405,0.015620487742125988,0.015645496547222137,0.015912361443042755,8.920952677726746e-05,-2.5008805096149445e-05,0.0002668648958206177
69,2,467,69-2:467:47,inner_half,9.3787841796875,lt16,1.0,0.02922319620847702,0.015311146154999733,0.015311146154999733,0.015372142195701599,0.0159828532487154,-6.099604070186615e-05,-6.099604070186615e-05,0.0006107110530138016
69,2,467,69-2:467:53,all,9.9703369140625,lt16,1.0,0.043597325682640076,0.04272700846195221,0.04258006438612938,0.04235405847430229,0.04239939898252487,0.0003729499876499176,0.0002260059118270874,4.5340508222579956e-05
69,2,467,69-2:467:53,inner_half,9.9703369140625,lt16,1.0,0.07867918163537979,0.07793326675891876,0.07750168442726135,0.07669348269701004,0.07672616094350815,0.001239784061908722,0.0008082017302513123,3.267824649810791e-05
69,2,467,69-2:467:61,all,9.4305419921875,lt16,1.0,0.019030891358852386,0.013655642047524452,0.01377373281866312,0.01366402953863144,0.013634897768497467,-8.387491106987e-06,0.00010970328003168106,-2.9131770133972168e-05
69,2,467,69-2:467:61,inner_half,9.4305419921875,lt16,1.0,0.01918903738260269,0.015543070621788502,0.015543070621788502,0.015529247932136059,0.015507386066019535,1.3822689652442932e-05,1.3822689652442932e-05,-2.1861866116523743e-05
69,2,467,69-2:467:62,all,8.3116455078125,lt16,1.0,0.017055636271834373,0.015542855486273766,0.015436248853802681,0.015397816896438599,0.015579108148813248,0.00014503858983516693,3.8431957364082336e-05,0.00018129125237464905
69,2,467,69-2:467:62,inner_half,8.3116455078125,lt16,1.0,0.022347446531057358,0.018900234252214432,0.01868952438235283,0.01904253102838993,0.01919647492468357,-0.00014229677617549896,-0.00035300664603710175,0.00015394389629364014
69,2,467,69-2:467:63,all,13.98089599609375,lt16,1.0,0.0184667706489563,0.014426717534661293,0.01426767185330391,0.014443478547036648,0.014515561982989311,-1.6761012375354767e-05,-0.0001758066937327385,7.208343595266342e-05
69,2,467,69-2:467:63,inner_half,13.98089599609375,lt16,1.0,0.01765192300081253,0.015331667847931385,0.015332385897636414,0.015318742021918297,0.015367909334599972,1.2925826013088226e-05,1.364387571811676e-05,4.916731268167496e-05
69,2,467,69-2:467:64,all,7.89306640625,lt16,1.0,0.02024034410715103,0.017438434064388275,0.01696755737066269,0.01697038859128952,0.017524974420666695,0.0004680454730987549,-2.8312206268310547e-06,0.0005545858293771744
69,2,467,69-2:467:64,inner_half,7.89306640625,lt16,1.0,0.026035066694021225,0.022153807803988457,0.0208229199051857,0.0208229199051857,0.02206939458847046,0.0013308878988027573,0.0,0.0012464746832847595
69,2,467,69-2:467:65,all,11.94232177734375,lt16,1.0,0.017698977142572403,0.014221521094441414,0.014132287353277206,0.014199220575392246,0.014242265373468399,2.2300519049167633e-05,-6.693322211503983e-05,4.30447980761528e-05
69,2,467,69-2:467:65,inner_half,11.94232177734375,lt16,1.0,0.023058908060193062,0.017991766333580017,0.017871510237455368,0.018001440912485123,0.017815325409173965,-9.67457890510559e-06,-0.00012993067502975464,-0.00018611550331115723
69,2,467,69-2:467:66,all,15.97607421875,lt16,1.0,0.014808001928031445,0.012349344789981842,0.012362313456833363,0.012371068820357323,0.012396562844514847,-2.1724030375480652e-05,-8.755363523960114e-06,2.549402415752411e-05
69,2,467,69-2:467:66,inner_half,15.97607421875,lt16,1.0,0.018810540437698364,0.013225918635725975,0.013407349586486816,0.013419955968856812,0.013010881841182709,-0.0001940373331308365,-1.2606382369995117e-05,-0.0004090741276741028
69,2,467,69-2:467:67,all,14.9185791015625,lt16,1.0,0.01968199759721756,0.014050113968551159,0.014086965471506119,0.014168075285851955,0.014099545776844025,-0.00011796131730079651,-8.110981434583664e-05,-6.852950900793076e-05
69,2,467,69-2:467:67,inner_half,14.9185791015625,lt16,1.0,0.01912524737417698,0.015838325023651123,0.016028212383389473,0.016013052314519882,0.016111265867948532,-0.00017472729086875916,1.516006886959076e-05,9.82135534286499e-05
69,2,467,69-2:467:68,all,10.983642578125,lt16,1.0,0.01755140721797943,0.01417006365954876,0.014191342517733574,0.014255139976739883,0.014159930869936943,-8.507631719112396e-05,-6.379745900630951e-05,-9.520910680294037e-05
69,2,467,69-2:467:68,inner_half,10.983642578125,lt16,1.0,0.021449709311127663,0.016586124897003174,0.016631681472063065,0.016591429710388184,0.016693972051143646,-5.304813385009766e-06,4.025176167488098e-05,0.00010254234075546265
69,2,467,69-2:467:69,all,17.3751220703125,16to32,1.0,0.017261482775211334,0.013046668842434883,0.012894583866000175,0.012918580323457718,0.012908272445201874,0.00012808851897716522,-2.399645745754242e-05,-1.0307878255844116e-05
69,2,467,69-2:467:69,inner_half,17.3751220703125,16to32,1.0,0.02076098695397377,0.013739291578531265,0.013312922790646553,0.013387640938162804,0.013591868802905083,0.0003516506403684616,-7.471814751625061e-05,0.00020422786474227905
69,2,467,69-2:467:70,all,15.46173095703125,lt16,1.0,0.015456578694283962,0.013824554160237312,0.013926063664257526,0.013954716734588146,0.0137338787317276,-0.0001301625743508339,-2.8653070330619812e-05,-0.0002208380028605461
69,2,467,69-2:467:70,inner_half,15.46173095703125,lt16,1.0,0.013402462936937809,0.01312816608697176,0.013034475967288017,0.013062819838523865,0.012854763306677341,6.534624844789505e-05,-2.8343871235847473e-05,-0.00020805653184652328
69,2,467,69-2:467:71,all,12.44512939453125,lt16,1.0,0.01958613097667694,0.013708331622183323,0.013714135624468327,0.013664335012435913,0.013723574578762054,4.399660974740982e-05,4.980061203241348e-05,5.923956632614136e-05
69,2,467,69-2:467:71,inner_half,12.44512939453125,lt16,1.0,0.02156587317585945,0.01574314385652542,0.01578628644347191,0.015707876533269882,0.015750480815768242,3.526732325553894e-05,7.840991020202637e-05,4.260428249835968e-05
69,2,467,69-2:467:72,all,10.14453125,lt16,1.0,0.018527641892433167,0.015862584114074707,0.01589592546224594,0.01587248593568802,0.015881244093179703,-9.901821613311768e-06,2.3439526557922363e-05,8.75815749168396e-06
69,2,467,69-2:467:72,inner_half,10.14453125,lt16,1.0,0.02085377834737301,0.017546530812978745,0.01763305813074112,0.017461083829402924,0.0174374058842659,8.544698357582092e-05,0.0001719743013381958,-2.3677945137023926e-05
69,2,467,69-2:467:78,all,35.91363525390625,ge32,1.0,0.014396943151950836,0.015087977051734924,0.014476727694272995,0.014794254675507545,0.015283074229955673,0.00029372237622737885,-0.0003175269812345505,0.0004888195544481277
69,2,467,69-2:467:78,inner_half,35.91363525390625,ge32,1.0,0.01089436374604702,0.008555900305509567,0.00783221423625946,0.008595832623541355,0.008039274252951145,-3.993231803178787e-05,-0.0007636183872818947,-0.00055655837059021
69,2,467,69-2:467:79,all,26.41729736328125,16to32,1.0,0.012868016958236694,0.01208292692899704,0.012068741023540497,0.011996695771813393,0.012036068364977837,8.623115718364716e-05,7.204525172710419e-05,3.937259316444397e-05
69,2,467,69-2:467:79,inner_half,26.41729736328125,16to32,1.0,0.010343903675675392,0.009350607171654701,0.00933578610420227,0.009220898151397705,0.009208530187606812,0.00012970902025699615,0.00011488795280456543,-1.2367963790893555e-05
69,2,467,69-2:467:80,all,27.48651123046875,16to32,1.0,0.018259745091199875,0.01733275316655636,0.017360754311084747,0.017379311844706535,0.01732674427330494,-4.6558678150177e-05,-1.8557533621788025e-05,-5.256757140159607e-05
69,2,467,69-2:467:80,inner_half,27.48651123046875,16to32,1.0,0.020912477746605873,0.01854632794857025,0.01842956431210041,0.018411174416542053,0.018756503239274025,0.00013515353202819824,1.838989555835724e-05,0.00034532882273197174
69,2,467,69-2:467:81,all,24.3212890625,16to32,1.0,0.013571815565228462,0.012963024899363518,0.012976692989468575,0.013012601062655449,0.013027625158429146,-4.957616329193115e-05,-3.590807318687439e-05,1.50240957736969e-05
69,2,467,69-2:467:81,inner_half,24.3212890625,16to32,1.0,0.017140984535217285,0.01591491885483265,0.01593460515141487,0.015937894582748413,0.015994424000382423,-2.2975727915763855e-05,-3.28943133354187e-06,5.6529417634010315e-05
69,2,467,69-2:467:82,all,24.5716552734375,16to32,1.0,0.015946608036756516,0.014803644269704819,0.014931358397006989,0.01497430820018053,0.014842203818261623,-0.00017066393047571182,-4.294980317354202e-05,-0.00013210438191890717
69,2,467,69-2:467:82,inner_half,24.5716552734375,16to32,1.0,0.015663258731365204,0.015561291947960854,0.015572701580822468,0.015554710291326046,0.015434635803103447,6.581656634807587e-06,1.7991289496421814e-05,-0.00012007448822259903
69,2,467,69-2:467:83,all,19.6392822265625,16to32,1.0,0.01596338301897049,0.016419360414147377,0.016251713037490845,0.01612650230526924,0.016508229076862335,0.0002928581088781357,0.0001252107322216034,0.00038172677159309387
69,2,467,69-2:467:83,inner_half,19.6392822265625,16to32,1.0,0.01432365458458662,0.014326946809887886,0.014146832749247551,0.014269860461354256,0.014588459394872189,5.708634853363037e-05,-0.0001230277121067047,0.0003185989335179329
69,2,467,69-2:467:84,all,27.97137451171875,16to32,1.0,0.021144362166523933,0.01905975304543972,0.01896074414253235,0.01903676614165306,0.01909724250435829,2.298690378665924e-05,-7.602199912071228e-05,6.047636270523071e-05
69,2,467,69-2:467:84,inner_half,27.97137451171875,16to32,1.0,0.023385940119624138,0.01993701234459877,0.01972903497517109,0.019830860197544098,0.019993718713521957,0.00010615214705467224,-0.00010182522237300873,0.0001628585159778595
69,2,467,69-2:467:85,all,24.260406494140625,16to32,1.0,0.027631431818008423,0.027400892227888107,0.027771610766649246,0.02797245979309082,0.02790440060198307,-0.000571567565202713,-0.0002008490264415741,-6.805919110774994e-05
69,2,467,69-2:467:85,inner_half,24.260406494140625,16to32,1.0,0.03678842633962631,0.036573030054569244,0.036804161965847015,0.03711821138858795,0.0368771031498909,-0.0005451813340187073,-0.0003140494227409363,-0.000241108238697052
69,2,467,69-2:467:86,all,22.20123291015625,16to32,1.0,0.028633182868361473,0.023830419406294823,0.023805545642971992,0.023897219449281693,0.024080827832221985,-6.680004298686981e-05,-9.167380630970001e-05,0.00018360838294029236
69,2,467,69-2:467:86,inner_half,22.20123291015625,16to32,1.0,0.026165394112467766,0.02716999687254429,0.026616651564836502,0.027016254141926765,0.0270252488553524,0.0001537427306175232,-0.00039960257709026337,8.994713425636292e-06
69,2,467,69-2:467:87,all,20.57867431640625,16to32,1.0,0.025798911228775978,0.025911934673786163,0.025797300040721893,0.025723105296492577,0.025601379573345184,0.00018882937729358673,7.419474422931671e-05,-0.00012172572314739227
69,2,467,69-2:467:87,inner_half,20.57867431640625,16to32,1.0,0.026851123198866844,0.032479479908943176,0.03235284239053726,0.03229360282421112,0.03171819821000099,0.00018587708473205566,5.923956632614136e-05,-0.0005754046142101288
69,2,467,69-2:467:88,all,21.19366455078125,16to32,1.0,0.028631724417209625,0.02393505722284317,0.024218466132879257,0.02453909069299698,0.024309391155838966,-0.0006040334701538086,-0.00032062456011772156,-0.0002296995371580124
69,2,467,69-2:467:88,inner_half,21.19366455078125,16to32,1.0,0.04070189222693443,0.032068368047475815,0.032068368047475815,0.03214779496192932,0.03231979161500931,-7.942691445350647e-05,-7.942691445350647e-05,0.00017199665307998657
69,2,467,69-2:467:89,all,19.85504150390625,16to32,1.0,0.0357620045542717,0.030908890068531036,0.03088381327688694,0.030903898179531097,0.0310237817466259,4.991888999938965e-06,-2.008490264415741e-05,0.00011988356709480286
69,2,467,69-2:467:89,inner_half,19.85504150390625,16to32,1.0,0.0451437383890152,0.0404830202460289,0.04057038575410843,0.04037044197320938,0.04040050506591797,0.00011257827281951904,0.00019994378089904785,3.0063092708587646e-05
69,2,467,69-2:467:90,all,22.042236328125,16to32,1.0,0.014134490862488747,0.01431778073310852,0.0143164386972785,0.0143223125487566,0.014358056709170341,-4.5318156480789185e-06,-5.873851478099823e-06,3.5744160413742065e-05
69,2,467,69-2:467:90,inner_half,22.042236328125,16to32,1.0,0.012226797640323639,0.012499144300818443,0.012499144300818443,0.012499144300818443,0.012434996664524078,0.0,0.0,-6.414763629436493e-05
69,2,467,69-2:467:91,all,23.565338134765625,16to32,1.0,0.016557766124606133,0.016540048643946648,0.01664934866130352,0.01652933843433857,0.016520647332072258,1.0710209608078003e-05,0.00012001022696495056,-8.691102266311646e-06
69,2,467,69-2:467:91,inner_half,23.565338134765625,16to32,1.0,0.019425395876169205,0.01928427815437317,0.019280031323432922,0.019230086356401443,0.019143417477607727,5.4191797971725464e-05,4.994496703147888e-05,-8.666887879371643e-05
69,2,467,69-2:467:92,all,21.243072509765625,16to32,1.0,0.02793634682893753,0.027906600385904312,0.02788449451327324,0.027856625616550446,0.027776647359132767,4.997476935386658e-05,2.786889672279358e-05,-7.997825741767883e-05
69,2,467,69-2:467:92,inner_half,21.243072509765625,16to32,1.0,0.033793747425079346,0.033589355647563934,0.03380545228719711,0.03363385796546936,0.03359127417206764,-4.4502317905426025e-05,0.00017159432172775269,-4.258379340171814e-05
69,2,467,69-2:467:93,all,16.98297119140625,16to32,0.94140625,0.14941811561584473,0.03260482847690582,0.04408201575279236,0.04491171985864639,0.05594857037067413,-0.01230689138174057,-0.0008297041058540344,0.01103685051202774
69,2,467,69-2:467:93,inner_half,16.98297119140625,16to32,1.0,0.19218921661376953,0.030440662056207657,0.049559690058231354,0.03604714199900627,0.07324112206697464,-0.0056064799427986145,0.013512548059225082,0.03719398006796837
69,2,467,69-2:467:94,all,18.47418212890625,16to32,1.0,0.029738955199718475,0.030286503955721855,0.030552899464964867,0.030471762642264366,0.030641693621873856,-0.00018525868654251099,8.113682270050049e-05,0.00016993097960948944
69,2,467,69-2:467:94,inner_half,18.47418212890625,16to32,1.0,0.02478186786174774,0.026988331228494644,0.027030156925320625,0.02698940597474575,0.02721318230032921,-1.0747462511062622e-06,4.075095057487488e-05,0.00022377632558345795
69,2,467,69-2:467:95,all,16.47283935546875,16to32,1.0,0.015686489641666412,0.013863900676369667,0.013802681118249893,0.013811442069709301,0.013799150474369526,5.245860666036606e-05,-8.760951459407806e-06,-1.2291595339775085e-05
69,2,467,69-2:467:95,inner_half,16.47283935546875,16to32,1.0,0.020968491211533546,0.017649289220571518,0.01709868013858795,0.01700100302696228,0.017555147409439087,0.0006482861936092377,9.767711162567139e-05,0.0005541443824768066
69,2,467,69-2:467:96,all,16.08062744140625,16to32,1.0,0.02018751949071884,0.02075541391968727,0.021089518442749977,0.020942354574799538,0.020960116758942604,-0.00018694065511226654,0.00014716386795043945,1.7762184143066406e-05
69,2,467,69-2:467:96,inner_half,16.08062744140625,16to32,1.0,0.01673009805381298,0.01764594577252865,0.01767807826399803,0.01773308962583542,0.0178070105612278,-8.714385330677032e-05,-5.5011361837387085e-05,7.392093539237976e-05
69,2,467,69-2:467:97,all,15.364013671875,lt16,1.0,0.036223430186510086,0.03582000359892845,0.03563326597213745,0.03560766577720642,0.03553558886051178,0.00021233782172203064,2.5600194931030273e-05,-7.207691669464111e-05
69,2,467,69-2:467:97,inner_half,15.364013671875,lt16,1.0,0.033013179898262024,0.03262249380350113,0.03271285071969032,0.03272505849599838,0.032391779124736786,-0.00010256469249725342,-1.2207776308059692e-05,-0.0003332793712615967
69,2,467,69-2:467:98,all,17.2176513671875,16to32,0.8671875,0.2426764965057373,0.03070293553173542,0.07366802543401718,0.03257659822702408,0.06444431096315384,-0.0018736626952886581,0.0410914272069931,0.03186771273612976
69,2,467,69-2:467:98,inner_half,17.2176513671875,16to32,1.0,0.308974027633667,0.01995699852705002,0.05713450536131859,0.02262435294687748,0.04985719919204712,-0.0026673544198274612,0.03451015241444111,0.02723284624516964
78,1,116,78-1:116:0,all,27.98529052734375,16to32,0.765625,0.058883678168058395,0.056437425315380096,0.04700609669089317,0.02512301690876484,0.04379750415682793,0.03131440840661526,0.021883079782128334,0.018674487248063087
78,1,116,78-1:116:0,inner_half,27.98529052734375,16to32,0.6875,0.15882892906665802,0.14915840327739716,0.12145810574293137,0.040838707238435745,0.11167889088392258,0.10831969603896141,0.08061939850449562,0.07084018364548683
78,1,116,78-1:116:1,all,15.99554443359375,lt16,1.0,0.05095162242650986,0.016432493925094604,0.016345728188753128,0.017910443246364594,0.024045836180448532,-0.001477949321269989,-0.0015647150576114655,0.006135392934083939
78,1,116,78-1:116:1,inner_half,15.99554443359375,lt16,1.0,0.07579994201660156,0.022768866270780563,0.023709025233983994,0.02373361587524414,0.03499335050582886,-0.0009647496044635773,-2.4590641260147095e-05,0.011259734630584717
78,1,116,78-1:116:2,all,16.0679931640625,16to32,1.0,0.0032765560317784548,0.004288422875106335,0.004259760491549969,0.004270247183740139,0.004370351321995258,1.817569136619568e-05,-1.0486692190170288e-05,0.00010010413825511932
78,1,116,78-1:116:2,inner_half,16.0679931640625,16to32,1.0,0.004953860770910978,0.0071199918165802956,0.0071965656243264675,0.0070690494030714035,0.007519172504544258,5.094241350889206e-05,0.000127516221255064,0.0004501231014728546
78,1,116,78-1:116:3,all,21.04547119140625,16to32,0.94140625,0.06847217679023743,0.035153828561306,0.034724410623311996,0.026900039985775948,0.046822402626276016,0.008253788575530052,0.007824370637536049,0.01992236264050007
78,1,116,78-1:116:3,inner_half,21.04547119140625,16to32,0.984375,0.13657797873020172,0.058503080159425735,0.05949654057621956,0.03400833159685135,0.08443296700716019,0.024494748562574387,0.02548820897936821,0.05042463541030884
78,1,116,78-1:116:4,all,24.3780517578125,16to32,0.796875,0.08694732934236526,0.028450990095734596,0.03928843513131142,0.03045319765806198,0.05466305464506149,-0.002002207562327385,0.008835237473249435,0.02420985698699951
78,1,116,78-1:116:4,inner_half,24.3780517578125,16to32,0.96875,0.13081662356853485,0.039463914930820465,0.05910328030586243,0.037050820887088776,0.07049553841352463,0.0024130940437316895,0.02205245941877365,0.03344471752643585
78,1,116,78-1:116:5,all,20.725250244140625,16to32,0.78515625,0.07121311873197556,0.0655573382973671,0.046229757368564606,0.024903027340769768,0.04576863348484039,0.04065431095659733,0.021326730027794838,0.020865606144070625
78,1,116,78-1:116:5,inner_half,20.725250244140625,16to32,0.734375,0.16174814105033875,0.14154860377311707,0.09498731046915054,0.02402324788272381,0.09061936289072037,0.11752535589039326,0.07096406258642673,0.06659611500799656
78,1,116,78-1:116:6,all,24.47705078125,16to32,0.96484375,0.05822582170367241,0.03456423804163933,0.04000845178961754,0.027331171557307243,0.04357442259788513,0.007233066484332085,0.012677280232310295,0.01624325104057789
78,1,116,78-1:116:6,inner_half,24.47705078125,16to32,1.0,0.08023941516876221,0.03959665447473526,0.05251383036375046,0.031334273517131805,0.04731501266360283,0.008262380957603455,0.021179556846618652,0.015980739146471024
78,1,116,78-1:116:7,all,15.9854736328125,lt16,1.0,0.007298307493329048,0.007649384438991547,0.0077596367336809635,0.007930006831884384,0.0075910575687885284,-0.0002806223928928375,-0.00017037009820342064,-0.0003389492630958557
78,1,116,78-1:116:7,inner_half,15.9854736328125,lt16,1.0,0.007464518770575523,0.008234299719333649,0.008234299719333649,0.008234299719333649,0.0081056859344244,0.0,0.0,-0.00012861378490924835
78,1,116,78-1:116:8,all,20.3248291015625,16to32,1.0,0.008390455506742,0.008298184722661972,0.008294200524687767,0.008417357690632343,0.008340749889612198,-0.00011917296797037125,-0.00012315716594457626,-7.660780102014542e-05
78,1,116,78-1:116:8,inner_half,20.3248291015625,16to32,1.0,0.007880198769271374,0.00806138850748539,0.00806138850748539,0.00806138850748539,0.008069567382335663,0.0,0.0,8.178874850273132e-06
78,1,116,78-1:116:9,all,15.890487670898438,lt16,1.0,0.01995704136788845,0.019205540418624878,0.019179271534085274,0.019101686775684357,0.019283529371023178,0.00010385364294052124,7.758475840091705e-05,0.0001818425953388214
78,1,116,78-1:116:9,inner_half,15.890487670898438,lt16,1.0,0.028147440403699875,0.026789089664816856,0.02650892361998558,0.02599000744521618,0.02664727345108986,0.0007990822196006775,0.0005189161747694016,0.0006572660058736801
78,1,116,78-1:116:10,all,7.1107177734375,lt16,0.8125,0.003388970624655485,0.0033542574383318424,0.0033383865375071764,0.0033118922729045153,0.0033595110289752483,4.2365165427327156e-05,2.6494264602661133e-05,4.761875607073307e-05
78,1,116,78-1:116:10,inner_half,7.1107177734375,lt16,1.0,0.003946820739656687,0.003968301694840193,0.0038998466916382313,0.0038792623672634363,0.0039343140088021755,8.903932757675648e-05,2.058432437479496e-05,5.5051641538739204e-05
78,1,116,78-1:116:11,all,13.969482421875,lt16,1.0,0.028647983446717262,0.030308768153190613,0.030334902927279472,0.03007129393517971,0.030285285785794258,0.0002374742180109024,0.00026360899209976196,0.00021399185061454773
78,1,116,78-1:116:11,inner_half,13.969482421875,lt16,1.0,0.030175305902957916,0.03237798064947128,0.03280522674322128,0.03292502090334892,0.032671764492988586,-0.0005470402538776398,-0.00011979416012763977,-0.0002532564103603363
78,1,116,78-1:116:12,all,18.10589599609375,16to32,0.84375,0.07274831086397171,0.014693873934447765,0.028978919610381126,0.02123222127556801,0.029209349304437637,-0.006538347341120243,0.007746698334813118,0.007977128028869629
78,1,116,78-1:116:12,inner_half,18.10589599609375,16to32,1.0,0.07378604263067245,0.01652742363512516,0.04175437241792679,0.018600843846797943,0.031174402683973312,-0.002073420211672783,0.023153528571128845,0.01257355883717537
78,1,116,78-1:116:13,all,13.907730102539062,lt16,0.9375,0.006252368446439505,0.006238182540982962,0.006484099198132753,0.006470344960689545,0.006321115419268608,-0.00023216241970658302,1.3754237443208694e-05,-0.00014922954142093658
78,1,116,78-1:116:13,inner_half,13.907730102539062,lt16,1.0,0.007829535752534866,0.008049141615629196,0.008125734515488148,0.008049141615629196,0.007921845652163029,0.0,7.659289985895157e-05,-0.00012729596346616745
78,1,116,78-1:116:14,all,10.08251953125,lt16,1.0,0.004805308301001787,0.0049709659069776535,0.005020836368203163,0.00492619164288044,0.004920750856399536,4.4774264097213745e-05,9.464472532272339e-05,-5.4407864809036255e-06
78,1,116,78-1:116:14,inner_half,10.08251953125,lt16,1.0,0.003928212448954582,0.004025948233902454,0.004033826757222414,0.003652655752375722,0.003969500306993723,0.00037329248152673244,0.0003811710048466921,0.000316844554618001
78,1,116,78-1:116:15,all,18.16937255859375,16to32,0.953125,0.029667599126696587,0.026797344908118248,0.024028293788433075,0.01930110529065132,0.024397624656558037,0.007496239617466927,0.0047271884977817535,0.005096519365906715
78,1,116,78-1:116:15,inner_half,18.16937255859375,16to32,0.890625,0.06398537009954453,0.05608280003070831,0.04881390184164047,0.03354381024837494,0.05292189493775368,0.022538989782333374,0.015270091593265533,0.01937808468937874
78,1,116,78-1:116:16,all,19.2315673828125,16to32,1.0,0.04254865646362305,0.028385303914546967,0.02649494633078575,0.02476142719388008,0.029254373162984848,0.0036238767206668854,0.0017335191369056702,0.004492945969104767
78,1,116,78-1:116:16,inner_half,19.2315673828125,16to32,1.0,0.06134488061070442,0.03902647644281387,0.037131115794181824,0.029191838577389717,0.04667843133211136,0.009834637865424156,0.007939277216792107,0.01748659275472164
78,1,116,78-1:116:17,all,8.864501953125,lt16,1.0,0.005595977883785963,0.0047434549778699875,0.005182803142815828,0.004853193648159504,0.004930694121867418,-0.00010973867028951645,0.0003296094946563244,7.750047370791435e-05
78,1,116,78-1:116:17,inner_half,8.864501953125,lt16,1.0,0.00581988412886858,0.004754642490297556,0.005492389667779207,0.004754642490297556,0.005146683193743229,0.0,0.0007377471774816513,0.000392040703445673
78,1,116,78-1:116:18,all,14.8853759765625,lt16,1.0,0.0025018032174557447,0.002773809479549527,0.0027793943881988525,0.00268744258210063,0.0027989314403384924,8.636689744889736e-05,9.195180609822273e-05,0.00011148885823786259
78,1,116,78-1:116:18,inner_half,14.8853759765625,lt16,1.0,0.0034211999736726284,0.003546322463080287,0.003546322463080287,0.0034595767501741648,0.003569739405065775,8.674571290612221e-05,8.674571290612221e-05,0.00011016265489161015
78,1,116,78-1:116:19,all,10.0887451171875,lt16,1.0,0.00523420050740242,0.004998621065169573,0.005193191580474377,0.00513117853552103,0.005032864399254322,-0.0001325574703514576,6.201304495334625e-05,-9.831413626670837e-05
78,1,116,78-1:116:19,inner_half,10.0887451171875,lt16,1.0,0.0054814377799630165,0.005287741776555777,0.005287741776555777,0.005304815247654915,0.005167006980627775,-1.707347109913826e-05,-1.707347109913826e-05,-0.00013780826702713966
78,1,116,78-1:116:20,all,11.03057861328125,lt16,1.0,0.0032937987707555294,0.0031205962877720594,0.0030768096912652254,0.002972227055579424,0.0031174197793006897,0.00014836923219263554,0.0001045826356858015,0.0001451927237212658
78,1,116,78-1:116:20,inner_half,11.03057861328125,lt16,1.0,0.005481134634464979,0.0049333153292536736,0.004877785220742226,0.004825426731258631,0.004753800109028816,0.0001078885979950428,5.2358489483594894e-05,-7.162662222981453e-05
78,1,116,78-1:116:21,all,11.90496826171875,lt16,1.0,0.001303400145843625,0.002459043636918068,0.0023771398700773716,0.002491640392690897,0.0024275186005979776,-3.2596755772829056e-05,-0.00011450052261352539,-6.412179209291935e-05
78,1,116,78-1:116:21,inner_half,11.90496826171875,lt16,1.0,0.0016457962337881327,0.0026713083498179913,0.002398147014901042,0.002956976182758808,0.0026639276184141636,-0.0002856678329408169,-0.0005588291678577662,-0.00029304856434464455
78,1,116,78-1:116:22,all,13.79833984375,lt16,1.0,0.005828814581036568,0.005800735671073198,0.005812418647110462,0.005870227701961994,0.005836084485054016,-6.949203088879585e-05,-5.780905485153198e-05,-3.414321690797806e-05
78,1,116,78-1:116:22,inner_half,13.79833984375,lt16,1.0,0.009843554347753525,0.00998501293361187,0.00998501293361187,0.010251115076243877,0.009956510737538338,-0.0002661021426320076,-0.0002661021426320076,-0.0002946043387055397
78,1,116,78-1:116:23,all,14.0455322265625,lt16,1.0,0.0019054925069212914,0.002313236240297556,0.0023062103427946568,0.0023147123865783215,0.002257632091641426,-1.4761462807655334e-06,-8.502043783664703e-06,-5.708029493689537e-05
78,1,116,78-1:116:23,inner_half,14.0455322265625,lt16,1.0,0.0028968779370188713,0.002729349071159959,0.002729349071159959,0.0027124357875436544,0.0027321616653352976,1.6913283616304398e-05,1.6913283616304398e-05,1.9725877791643143e-05
78,1,116,78-1:116:24,all,9.9122314453125,lt16,1.0,0.0038460225332528353,0.00402236171066761,0.0040213195607066154,0.004049613140523434,0.004030001349747181,-2.7251429855823517e-05,-2.8293579816818237e-05,-1.9611790776252747e-05
78,1,116,78-1:116:24,inner_half,9.9122314453125,lt16,1.0,0.0027765603736042976,0.0028906716033816338,0.0028982115909457207,0.0029165223240852356,0.003013300709426403,-2.5850720703601837e-05,-1.8310733139514923e-05,9.677838534116745e-05
78,1,116,78-1:116:25,all,15.150634765625,lt16,1.0,0.003104750532656908,0.002939247991889715,0.002939247991889715,0.002933523152023554,0.0029184839222580194,5.7248398661613464e-06,5.7248398661613464e-06,-1.5039229765534401e-05
78,1,116,78-1:116:25,inner_half,15.150634765625,lt16,1.0,0.00503897201269865,0.005008574575185776,0.005008574575185776,0.005047788377851248,0.005052774678915739,-3.921380266547203e-05,-3.921380266547203e-05,4.986301064491272e-06
78,1,116,78-1:116:26,all,11.894775390625,lt16,1.0,0.0029955687932670116,0.0025022164918482304,0.0028589481953531504,0.00274811708368361,0.0027208710089325905,-0.0002459005918353796,0.0001108311116695404,-2.7246074751019478e-05
78,1,116,78-1:116:26,inner_half,11.894775390625,lt16,1.0,0.005250598303973675,0.004772630520164967,0.004772630520164967,0.004598461091518402,0.004803805612027645,0.00017416942864656448,0.00017416942864656448,0.000205344520509243
78,1,116,78-1:116:27,all,12.25762939453125,lt16,1.0,0.002989391563460231,0.00336849270388484,0.0033868085592985153,0.003374092746526003,0.0035154763609170914,-5.600042641162872e-06,1.2715812772512436e-05,0.00014138361439108849
78,1,116,78-1:116:27,inner_half,12.25762939453125,lt16,1.0,0.004283450543880463,0.004754217807203531,0.0049187131226062775,0.004872158635407686,0.005219581536948681,-0.00011794082820415497,4.655448719859123e-05,0.00034742290154099464
78,1,116,78-1:116:28,all,14.09844970703125,lt16,1.0,0.001336843939498067,0.0008969219634309411,0.0008969219634309411,0.0009241485968232155,0.0008663495536893606,-2.722663339227438e-05,-2.722663339227438e-05,-5.7799043133854866e-05
78,1,116,78-1:116:28,inner_half,14.09844970703125,lt16,1.0,0.0008269475074484944,0.0006863860762678087,0.0006863860762678087,0.0006863860762678087,0.0006863860762678087,0.0,0.0,0.0
78,1,116,78-1:116:29,all,19.9761962890625,16to32,1.0,0.0033914216328412294,0.0032144589349627495,0.003263670951128006,0.003305338555946946,0.0031891525723040104,-9.087962098419666e-05,-4.166760481894016e-05,-0.00011618598364293575
78,1,116,78-1:116:29,inner_half,19.9761962890625,16to32,1.0,0.004786353092640638,0.004786353092640638,0.004786353092640638,0.004786353092640638,0.004887958522886038,0.0,0.0,0.00010160543024539948
78,1,116,78-1:116:30,all,16.8748779296875,16to32,1.0,0.0039050481282174587,0.003683143062517047,0.003592448076233268,0.0035926769487559795,0.0036371576134115458,9.046611376106739e-05,-2.2887252271175385e-07,4.4480664655566216e-05
78,1,116,78-1:116:30,inner_half,16.8748779296875,16to32,1.0,0.004134653601795435,0.0036946828477084637,0.003402989823371172,0.0033243217039853334,0.003626467427238822,0.0003703611437231302,7.866811938583851e-05,0.00030214572325348854
78,1,116,78-1:116:31,all,11.04962158203125,lt16,1.0,0.00448599411174655,0.0044365073554217815,0.004513943567872047,0.004508862271904945,0.0044792816042900085,-7.235491648316383e-05,5.081295967102051e-06,-2.958066761493683e-05
78,1,116,78-1:116:31,inner_half,11.04962158203125,lt16,1.0,0.006508422549813986,0.006354097742587328,0.006402827799320221,0.00644842442125082,0.0063218846917152405,-9.43266786634922e-05,-4.559662193059921e-05,-0.00012653972953557968
78,1,116,78-1:116:32,all,13.19293212890625,lt16,1.0,0.0030499726999551058,0.0023325160145759583,0.0023341565392911434,0.002359044039621949,0.00249967398121953,-2.6528025045990944e-05,-2.488750033080578e-05,0.0001406299415975809
78,1,116,78-1:116:32,inner_half,13.19293212890625,lt16,1.0,0.005354818422347307,0.004246092401444912,0.004246092401444912,0.004735610913485289,0.004475433845072985,-0.0004895185120403767,-0.0004895185120403767,-0.0002601770684123039
78,1,116,78-1:116:33,all,17.17724609375,16to32,1.0,0.004257033113390207,0.003732390236109495,0.003747723763808608,0.003746506990864873,0.0037395909894257784,-1.411675475537777e-05,1.2167729437351227e-06,-6.9160014390945435e-06
78,1,116,78-1:116:33,inner_half,17.17724609375,16to32,1.0,0.005053332541137934,0.004258038941770792,0.004343966953456402,0.004339099861681461,0.004385055974125862,-8.106091991066933e-05,4.867091774940491e-06,4.595611244440079e-05
78,1,116,78-1:116:34,all,9.96405029296875,lt16,1.0,0.005700917914509773,0.005766585469245911,0.0057281991466879845,0.005751610733568668,0.0057310862466692924,1.4974735677242279e-05,-2.34115868806839e-05,-2.0524486899375916e-05
78,1,116,78-1:116:34,inner_half,9.96405029296875,lt16,1.0,0.008822130039334297,0.00879430677741766,0.008643751963973045,0.008733030408620834,0.00842600129544735,6.127636879682541e-05,-8.9278444647789e-05,-0.0003070291131734848
78,1,116,78-1:116:35,all,9.61456298828125,lt16,1.0,0.005047053564339876,0.004804015159606934,0.004771623760461807,0.004721728153526783,0.004761490039527416,8.22870060801506e-05,4.989560693502426e-05,3.976188600063324e-05
78,1,116,78-1:116:35,inner_half,9.61456298828125,lt16,1.0,0.00822460651397705,0.008158046752214432,0.007919391617178917,0.00797147024422884,0.00812501646578312,0.0001865765079855919,-5.207862704992294e-05,0.00015354622155427933
78,1,116,78-1:116:36,all,12.108154296875,lt16,1.0,0.0019496339373290539,0.0016941241919994354,0.001662365160882473,0.0016135270707309246,0.0016106348484754562,8.059712126851082e-05,4.8838090151548386e-05,-2.8922222554683685e-06
78,1,116,78-1:116:36,inner_half,12.108154296875,lt16,1.0,0.0026443188544362783,0.0019890887197107077,0.0019890887197107077,0.0019890887197107077,0.0019890887197107077,0.0,0.0,0.0
78,1,116,78-1:116:37,all,7.896240234375,lt16,1.0,0.004158813506364822,0.004110991954803467,0.004122370854020119,0.00418468751013279,0.004102584905922413,-7.369555532932281e-05,-6.23166561126709e-05,-8.210260421037674e-05
78,1,116,78-1:116:37,inner_half,7.896240234375,lt16,1.0,0.005585179664194584,0.0055546388030052185,0.0055546388030052185,0.005673278588801622,0.005513470619916916,-0.00011863978579640388,-0.00011863978579640388,-0.0001598079688847065
78,1,116,78-1:116:38,all,22.11883544921875,16to32,1.0,0.002514125080779195,0.0023163342848420143,0.0022322912700474262,0.002136899158358574,0.002250117715448141,0.0001794351264834404,9.539211168885231e-05,0.00011321855708956718
78,1,116,78-1:116:38,inner_half,22.11883544921875,16to32,1.0,0.0033598635345697403,0.0033751623705029488,0.0033751623705029488,0.0031176982447504997,0.003261130303144455,0.00025746412575244904,0.00025746412575244904,0.00014343205839395523
78,1,116,78-1:116:39,all,11.960418701171875,lt16,1.0,0.0062500955536961555,0.006075255572795868,0.006026368122547865,0.006084132008254528,0.0060272058472037315,-8.876435458660126e-06,-5.776388570666313e-05,-5.692616105079651e-05
78,1,116,78-1:116:39,inner_half,11.960418701171875,lt16,1.0,0.009326032362878323,0.009099183604121208,0.00897663552314043,0.009151003323495388,0.00886320136487484,-5.181971937417984e-05,-0.00017436780035495758,-0.00028780195862054825
78,1,116,78-1:116:40,all,19.16632080078125,16to32,1.0,0.002319389721378684,0.0018636509776115417,0.0017261424800381064,0.001733921468257904,0.0018250253051519394,0.0001297295093536377,-7.778988219797611e-06,9.110383689403534e-05
78,1,116,78-1:116:40,inner_half,19.16632080078125,16to32,1.0,0.002238913904875517,0.0017280548345297575,0.0017280548345297575,0.0017280548345297575,0.0017280548345297575,0.0,0.0,0.0
78,1,116,78-1:116:41,all,10.91131591796875,lt16,1.0,0.00592697411775589,0.005449498072266579,0.005622401367872953,0.00564177893102169,0.005537759512662888,-0.0001922808587551117,-1.9377563148736954e-05,-0.0001040194183588028
78,1,116,78-1:116:41,inner_half,10.91131591796875,lt16,1.0,0.005976060405373573,0.005754339508712292,0.005809112451970577,0.005811106879264116,0.005840047262609005,-5.676737055182457e-05,-1.9944272935390472e-06,2.8940383344888687e-05
78,1,116,78-1:116:42,all,14.014556884765625,lt16,1.0,0.002964637940749526,0.0029252495151013136,0.0028922883793711662,0.0029504213016480207,0.002952052280306816,-2.5171786546707153e-05,-5.8132922276854515e-05,1.6309786587953568e-06
78,1,116,78-1:116:42,inner_half,14.014556884765625,lt16,1.0,0.0036893568467348814,0.004057283513247967,0.004031074233353138,0.004210508894175291,0.004148038569837809,-0.0001532253809273243,-0.0001794346608221531,-6.247032433748245e-05
78,1,116,78-1:116:43,all,20.97869873046875,16to32,1.0,0.0016634130151942372,0.0015072207897901535,0.00162347627338022,0.0015459507703781128,0.0014900320675224066,-3.872998058795929e-05,7.752550300210714e-05,-5.5918702855706215e-05
78,1,116,78-1:116:43,inner_half,20.97869873046875,16to32,1.0,0.0016774688847362995,0.0015997205628082156,0.002012762473896146,0.001754640368744731,0.0015983438352122903,-0.00015491980593651533,0.00025812210515141487,-0.00015629653353244066
78,1,116,78-1:116:44,all,9.907958984375,lt16,1.0,0.0019558174535632133,0.0029386235401034355,0.002869575284421444,0.002758145797997713,0.002814863109961152,0.00018047774210572243,0.00011142948642373085,5.671731196343899e-05
78,1,116,78-1:116:44,inner_half,9.907958984375,lt16,1.0,0.002319095889106393,0.0032404072117060423,0.0031851374078541994,0.0027463026344776154,0.0031386632472276688,0.0004941045772284269,0.00043883477337658405,0.0003923606127500534
78,1,116,78-1:116:45,all,13.045654296875,lt16,1.0,0.0018142496701329947,0.001965965609997511,0.0018629183759912848,0.0018697396153584123,0.0018885338213294744,9.622599463909864e-05,-6.8212393671274185e-06,1.8794205971062183e-05
78,1,116,78-1:116:45,inner_half,13.045654296875,lt16,1.0,0.002399260411038995,0.0023116576485335827,0.002326736692339182,0.002467955695465207,0.0022493444848805666,-0.0001562980469316244,-0.0001412190031260252,-0.0002186112105846405
78,1,116,78-1:116:46,all,9.142578125,lt16,1.0,0.002385946922004223,0.002985308412462473,0.002985308412462473,0.0029141856357455254,0.0030778488144278526,7.112277671694756e-05,7.112277671694756e-05,0.00016366317868232727
78,1,116,78-1:116:46,inner_half,9.142578125,lt16,1.0,0.003117101965472102,0.003844138700515032,0.003844138700515032,0.0037014044355601072,0.00390461552888155,0.00014273426495492458,0.00014273426495492458,0.0002032110933214426
78,1,116,78-1:116:47,all,10.92181396484375,lt16,1.0,0.002798442030325532,0.0025021620094776154,0.0024916455149650574,0.002403578255325556,0.0024035335518419743,9.858375415205956e-05,8.806725963950157e-05,-4.470348358154297e-08
78,1,116,78-1:116:47,inner_half,10.92181396484375,lt16,1.0,0.00225157686509192,0.002123203594237566,0.002123203594237566,0.002455247100442648,0.0018952395766973495,-0.00033204350620508194,-0.00033204350620508194,-0.0005600075237452984
78,1,116,78-1:116:48,all,11.142578125,lt16,1.0,0.00191161734983325,0.0017680046148598194,0.0020501925610005856,0.0019287557806819677,0.0019730213098227978,-0.00016075116582214832,0.00012143678031861782,4.426552914083004e-05
78,1,116,78-1:116:48,inner_half,11.142578125,lt16,1.0,0.001862709759734571,0.0018027516780421138,0.0025138710625469685,0.001979394583031535,0.0022085753735154867,-0.00017664290498942137,0.0005344764795154333,0.00022918079048395157
78,1,116,78-1:116:49,all,11.152641296386719,lt16,1.0,0.002284001326188445,0.002075270051136613,0.0021811143960803747,0.0021565903443843126,0.0020872477907687426,-8.132029324769974e-05,2.4524051696062088e-05,-6.934255361557007e-05
78,1,116,78-1:116:49,inner_half,11.152641296386719,lt16,1.0,0.0028086949605494738,0.0028086949605494738,0.0028086949605494738,0.0028086949605494738,0.0027220090851187706,0.0,0.0,-8.668587543070316e-05
78,1,116,78-1:116:50,all,10.9049072265625,lt16,1.0,0.0039088185876607895,0.004229581914842129,0.004278684034943581,0.004281112924218178,0.00433364138007164,-5.153100937604904e-05,-2.428889274597168e-06,5.252845585346222e-05
78,1,116,78-1:116:50,inner_half,10.9049072265625,lt16,1.0,0.0036511158104985952,0.004171869717538357,0.00434567965567112,0.00434567965567112,0.0043869283981621265,-0.0001738099381327629,0.0,4.124874249100685e-05
78,1,116,78-1:116:51,all,9.9700927734375,lt16,1.0,0.006241238210350275,0.005693428684026003,0.005696156062185764,0.005545148625969887,0.005806493107229471,0.0001482800580561161,0.00015100743621587753,0.0002613444812595844
78,1,116,78-1:116:51,inner_half,9.9700927734375,lt16,1.0,0.007392535917460918,0.006456882227212191,0.006456882227212191,0.006402170285582542,0.006591039709746838,5.471194162964821e-05,5.471194162964821e-05,0.0001888694241642952
78,1,116,78-1:116:58,all,65.54205322265625,ge32,1.0,0.001966188894584775,0.001992887118831277,0.001902641262859106,0.0018799423705786467,0.0019376170821487904,0.00011294474825263023,2.2698892280459404e-05,5.76747115701437e-05
78,1,116,78-1:116:58,inner_half,65.54205322265625,ge32,1.0,0.0013775965198874474,0.0013503704685717821,0.0012803606223315,0.0012208616826683283,0.0014335461892187595,0.00012950878590345383,5.949893966317177e-05,0.00021268450655043125
78,1,116,78-1:116:59,all,71.9000244140625,ge32,0.98828125,0.02351325750350952,0.011226681992411613,0.014655531384050846,0.008009342476725578,0.016439955681562424,0.003217339515686035,0.006646188907325268,0.008430613204836845
78,1,116,78-1:116:59,inner_half,71.9000244140625,ge32,1.0,0.026061037555336952,0.011901375837624073,0.01537820603698492,0.010139776393771172,0.02480275370180607,0.0017615994438529015,0.005238429643213749,0.014662977308034897
78,1,116,78-1:116:60,all,78.6717529296875,ge32,1.0,0.02203378453850746,0.007389208301901817,0.007701558992266655,0.007862209342420101,0.01003400981426239,-0.00047300104051828384,-0.0001606503501534462,0.002171800471842289
78,1,116,78-1:116:60,inner_half,78.6717529296875,ge32,1.0,0.01593019813299179,0.004128766246140003,0.0039018222596496344,0.004463463556021452,0.005641561467200518,-0.00033469730988144875,-0.0005616412963718176,0.0011780979111790657
78,1,116,78-1:116:61,all,54.729248046875,ge32,0.96484375,0.05962880700826645,0.026350950822234154,0.03636070713400841,0.021622097119688988,0.036016665399074554,0.004728853702545166,0.01473861001431942,0.014394568279385567
78,1,116,78-1:116:61,inner_half,54.729248046875,ge32,1.0,0.07238894701004028,0.03509429842233658,0.038792409002780914,0.028172971680760384,0.033680833876132965,0.006921326741576195,0.01061943732202053,0.0055078621953725815
78,1,116,78-1:116:62,all,67.940185546875,ge32,1.0,0.0023808698169887066,0.0019629537127912045,0.0019682443235069513,0.0020251956302672625,0.0021550494711846113,-6.2241917476058e-05,-5.695130676031113e-05,0.00012985384091734886
78,1,116,78-1:116:62,inner_half,67.940185546875,ge32,1.0,0.0027052925433963537,0.0023195743560791016,0.002305871807038784,0.002147180261090398,0.0025823251344263554,0.00017239409498870373,0.0001586915459483862,0.00043514487333595753
78,1,116,78-1:116:63,all,56.91424560546875,ge32,0.87109375,0.08314085751771927,0.011253795586526394,0.025466127321124077,0.013818143866956234,0.024346519261598587,-0.00256434828042984,0.011647983454167843,0.010528375394642353
78,1,116,78-1:116:63,inner_half,56.91424560546875,ge32,0.953125,0.05075360834598541,0.009418156929314137,0.012822302058339119,0.009407962672412395,0.013803800567984581,1.0194256901741028e-05,0.0034143393859267235,0.0043958378955721855
78,1,116,78-1:116:64,all,61.455078125,ge32,0.890625,0.05244988575577736,0.03424505144357681,0.037082739174366,0.01335281040519476,0.03913191333413124,0.020892241038382053,0.023729928769171238,0.02577910292893648
78,1,116,78-1:116:64,inner_half,61.455078125,ge32,0.859375,0.07578978687524796,0.04396592080593109,0.047736115753650665,0.015103286132216454,0.05686977878212929,0.028862634673714638,0.03263282962143421,0.041766492649912834
78,1,116,78-1:116:65,all,58.5721435546875,ge32,0.9921875,0.042602770030498505,0.022044699639081955,0.027343517169356346,0.019240623340010643,0.033047061413526535,0.002804076299071312,0.008102893829345703,0.013806438073515892
78,1,116,78-1:116:65,inner_half,58.5721435546875,ge32,1.0,0.03256066516041756,0.016863692551851273,0.018754728138446808,0.01811104640364647,0.023686764761805534,-0.0012473538517951965,0.0006436817348003387,0.005575718358159065
78,1,116,78-1:116:66,all,48.62646484375,ge32,0.95703125,0.06549827754497528,0.038993291556835175,0.04714851453900337,0.030927004292607307,0.04400397464632988,0.008066287264227867,0.016221510246396065,0.013076970353722572
78,1,116,78-1:116:66,inner_half,48.62646484375,ge32,1.0,0.06071358919143677,0.028075415641069412,0.03313770145177841,0.03009296953678131,0.039240702986717224,-0.002017553895711899,0.003044731914997101,0.009147733449935913
78,1,116,78-1:116:67,all,59.835418701171875,ge32,0.9609375,0.08133365958929062,0.05660685896873474,0.047720521688461304,0.020336724817752838,0.05549611523747444,0.0362701341509819,0.027383796870708466,0.0351593904197216
78,1,116,78-1:116:67,inner_half,59.835418701171875,ge32,1.0,0.11145807802677155,0.07359537482261658,0.06040697544813156,0.017289604991674423,0.05594031512737274,0.056305769830942154,0.04311737045645714,0.03865071013569832
78,1,116,78-1:116:68,all,64.51022338867188,ge32,0.98828125,0.06801524013280869,0.04025788605213165,0.048406049609184265,0.019878428429365158,0.04353457689285278,0.020379457622766495,0.028527621179819107,0.023656148463487625
78,1,116,78-1:116:68,inner_half,64.51022338867188,ge32,1.0,0.0966477021574974,0.055915139615535736,0.0688091591000557,0.020190032199025154,0.08542339503765106,0.03572510741651058,0.04861912690103054,0.06523336283862591
78,1,116,78-1:116:69,all,59.38616943359375,ge32,0.96875,0.018756531178951263,0.01976391114294529,0.02017531357705593,0.0072678858414292336,0.025087183341383934,0.012496025301516056,0.012907427735626698,0.0178192974999547
78,1,116,78-1:116:69,inner_half,59.38616943359375,ge32,0.984375,0.037768203765153885,0.023954827338457108,0.018528223037719727,0.007561303675174713,0.029603468254208565,0.016393523663282394,0.010966919362545013,0.02204216457903385
78,1,116,78-1:116:70,all,45.202392578125,ge32,0.9921875,0.07582416385412216,0.02080175094306469,0.0336272232234478,0.021733760833740234,0.04194711521267891,-0.0009320098906755447,0.011893462389707565,0.020213354378938675
78,1,116,78-1:116:70,inner_half,45.202392578125,ge32,1.0,0.08911354094743729,0.01708463579416275,0.03521156311035156,0.01487556379288435,0.047366198152303696,0.0022090720012784004,0.020335999317467213,0.032490634359419346
78,1,116,78-1:116:71,all,45.2396240234375,ge32,1.0,0.0559668242931366,0.04342540353536606,0.04733140021562576,0.038683392107486725,0.04810725152492523,0.0047420114278793335,0.008648008108139038,0.009423859417438507
78,1,116,78-1:116:71,inner_half,45.2396240234375,ge32,1.0,0.09783446788787842,0.06483102589845657,0.07541552186012268,0.057954080402851105,0.07336106896400452,0.006876945495605469,0.017461441457271576,0.015406988561153412
78,1,116,78-1:116:72,all,60.765869140625,ge32,0.9296875,0.030170803889632225,0.010047534480690956,0.016240589320659637,0.008900520391762257,0.014956795610487461,0.0011470140889286995,0.007340068928897381,0.0060562752187252045
78,1,116,78-1:116:72,inner_half,60.765869140625,ge32,0.921875,0.03213170915842056,0.012444588355720043,0.020776497200131416,0.00981978140771389,0.015506519004702568,0.002624806948006153,0.010956715792417526,0.005686737596988678
78,1,116,78-1:116:73,all,48.3414306640625,ge32,1.0,0.03919324651360512,0.020132141187787056,0.021021170541644096,0.014702348038554192,0.02557488903403282,0.005429793149232864,0.006318822503089905,0.01087254099547863
78,1,116,78-1:116:73,inner_half,48.3414306640625,ge32,1.0,0.06201661005616188,0.014378962107002735,0.020006708800792694,0.01587255299091339,0.02909204736351967,-0.001493590883910656,0.004134155809879303,0.013219494372606277
78,1,116,78-1:116:74,all,37.234619140625,ge32,1.0,0.0020811534486711025,0.0022531095892190933,0.0020729561801999807,0.002212339546531439,0.002192084211856127,4.0770042687654495e-05,-0.0001393833663314581,-2.0255334675312042e-05
78,1,116,78-1:116:74,inner_half,37.234619140625,ge32,1.0,0.0013772610109299421,0.0014806024264544249,0.0013758258428424597,0.0015900665894150734,0.0014282639604061842,-0.00010946416296064854,-0.00021424074657261372,-0.0001618026290088892
78,1,116,78-1:116:75,all,34.741119384765625,ge32,1.0,0.0021337969228625298,0.002137367147952318,0.0021902844309806824,0.0022908076643943787,0.00225169793702662,-0.00015344051644206047,-0.00010052323341369629,-3.910972736775875e-05
78,1,116,78-1:116:75,inner_half,34.741119384765625,ge32,1.0,0.0021284117829054594,0.0021284117829054594,0.002155378693714738,0.002282555680721998,0.002257722895592451,-0.0001541438978165388,-0.00012717698700726032,-2.483278512954712e-05
78,1,116,78-1:116:76,all,36.85162353515625,ge32,0.96484375,0.06653807312250137,0.019765140488743782,0.026180077344179153,0.025683870539069176,0.032779235392808914,-0.005918730050325394,0.0004962068051099777,0.0070953648537397385
78,1,116,78-1:116:76,inner_half,36.85162353515625,ge32,1.0,0.06153853237628937,0.019745592027902603,0.028342172503471375,0.021485470235347748,0.02486434578895569,-0.0017398782074451447,0.006856702268123627,0.0033788755536079407
78,1,116,78-1:116:77,all,37.0301513671875,ge32,0.9765625,0.046979520469903946,0.013963526114821434,0.017104631289839745,0.015444358810782433,0.019998300820589066,-0.0014808326959609985,0.001660272479057312,0.004553942009806633
78,1,116,78-1:116:77,inner_half,37.0301513671875,ge32,1.0,0.03788251057267189,0.012400188483297825,0.014235113747417927,0.012219417840242386,0.019068080931901932,0.000180770643055439,0.002015695907175541,0.006848663091659546
78,1,116,78-1:116:78,all,36.02459716796875,ge32,0.97265625,0.02327081933617592,0.010959385894238949,0.013582398183643818,0.01082627009600401,0.014933232218027115,0.00013311579823493958,0.0027561280876398087,0.004106962122023106
78,1,116,78-1:116:78,inner_half,36.02459716796875,ge32,0.984375,0.018350761383771896,0.008275683969259262,0.010568859986960888,0.007311562541872263,0.013051306828856468,0.0009641214273869991,0.003257297445088625,0.005739744286984205
78,1,116,78-1:116:79,all,36.37017822265625,ge32,1.0,0.001752855721861124,0.001906725112348795,0.0018500685691833496,0.0017373734153807163,0.001814803690649569,0.0001693516969680786,0.00011269515380263329,7.743027526885271e-05
78,1,116,78-1:116:79,inner_half,36.37017822265625,ge32,1.0,0.0009045579354278743,0.0011630203807726502,0.0011462457478046417,0.0011585324537009,0.001210212940350175,4.487927071750164e-06,-1.2286705896258354e-05,5.1680486649274826e-05
78,1,116,78-1:116:80,all,46.429595947265625,ge32,0.98828125,0.02257569134235382,0.014902840368449688,0.01728465035557747,0.01077669020742178,0.018046069890260696,0.004126150161027908,0.006507960148155689,0.007269379682838917
78,1,116,78-1:116:80,inner_half,46.429595947265625,ge32,1.0,0.014060087502002716,0.011083006858825684,0.012329600751399994,0.012524135410785675,0.012320106849074364,-0.0014411285519599915,-0.00019453465938568115,-0.00020402856171131134
78,1,116,78-1:116:81,all,36.824432373046875,ge32,1.0,0.013502932153642178,0.010036584921181202,0.00980079174041748,0.009889889508485794,0.009937416762113571,0.00014669541269540787,-8.90977680683136e-05,4.75272536277771e-05
78,1,116,78-1:116:81,inner_half,36.824432373046875,ge32,1.0,0.010292462073266506,0.008477643132209778,0.008496852591633797,0.00850106030702591,0.008595788851380348,-2.3417174816131592e-05,-4.207715392112732e-06,9.472854435443878e-05
78,1,116,78-1:116:82,all,35.406341552734375,ge32,1.0,0.002094483468681574,0.003236599965021014,0.002712744288146496,0.0028180452063679695,0.002971809823065996,0.0004185547586530447,-0.0001053009182214737,0.00015376461669802666
78,1,116,78-1:116:82,inner_half,35.406341552734375,ge32,1.0,0.0022660614922642708,0.0032482724636793137,0.0024978993460536003,0.002898417878895998,0.0030401740223169327,0.00034985458478331566,-0.0004005185328423977,0.00014175614342093468
78,1,116,78-1:116:83,all,32.9127197265625,ge32,1.0,0.0016647647134959698,0.002180376322939992,0.002181971911340952,0.002215934917330742,0.00225816504098475,-3.555859439074993e-05,-3.396300598978996e-05,4.223012365400791e-05
78,1,116,78-1:116:83,inner_half,32.9127197265625,ge32,1.0,0.000897074700333178,0.0021145674400031567,0.0021145674400031567,0.002118296455591917,0.0021430491469800472,-3.729015588760376e-06,-3.729015588760376e-06,2.4752691388130188e-05
78,1,116,78-1:116:84,all,36.92462158203125,ge32,1.0,0.0015281481901183724,0.0033020670525729656,0.003425592789426446,0.00354221323505044,0.0033063157461583614,-0.0002401461824774742,-0.00011662044562399387,-0.0002358974888920784
78,1,116,78-1:116:84,inner_half,36.92462158203125,ge32,1.0,0.0020236149430274963,0.004519112873822451,0.0043750423938035965,0.004456541500985622,0.0046852631494402885,6.257137283682823e-05,-8.149910718202591e-05,0.00022872164845466614
78,1,116,78-1:116:85,all,32.50914764404297,ge32,1.0,0.0011127748293802142,0.0011298134922981262,0.001125365262851119,0.0011571450158953667,0.0011341667268425226,-2.7331523597240448e-05,-3.177975304424763e-05,-2.2978289052844048e-05
78,1,116,78-1:116:85,inner_half,32.50914764404297,ge32,1.0,0.0004654826771002263,0.0005471824551932514,0.0005471824551932514,0.000525640498381108,0.0005593696259893477,2.1541956812143326e-05,2.1541956812143326e-05,3.372912760823965e-05
78,1,116,78-1:116:86,all,48.62109375,ge32,1.0,0.0022287904284894466,0.0025249160826206207,0.0024969419464468956,0.002456141635775566,0.0025879405438899994,6.877444684505463e-05,4.08003106713295e-05,0.0001317989081144333
78,1,116,78-1:116:86,inner_half,48.62109375,ge32,1.0,0.000702423567418009,0.0007373696425929666,0.0008075998048298061,0.0007373697590082884,0.0007876139134168625,-1.1641532182693481e-10,7.02300458215177e-05,5.0244154408574104e-05
78,1,116,78-1:116:87,all,35.183929443359375,ge32,1.0,0.001989960903301835,0.002284909365698695,0.0025214506313204765,0.0020943484269082546,0.0023737752344459295,0.00019056093879044056,0.0004271022044122219,0.0002794268075376749
78,1,116,78-1:116:87,inner_half,35.183929443359375,ge32,1.0,0.0022101332433521748,0.003160207998007536,0.0032126856967806816,0.0026192660443484783,0.0032872860319912434,0.0005409419536590576,0.0005934196524322033,0.000668019987642765
78,1,116,78-1:116:88,all,32.14068603515625,ge32,0.96875,0.07609209418296814,0.015105108730494976,0.019200528040528297,0.017225103452801704,0.023145319893956184,-0.0021199947223067284,0.001975424587726593,0.00592021644115448
78,1,116,78-1:116:88,inner_half,32.14068603515625,ge32,1.0,0.09642744809389114,0.01573939248919487,0.021544430404901505,0.015438739210367203,0.022294484078884125,0.00030065327882766724,0.006105691194534302,0.006855744868516922
78,1,116,78-1:116:89,all,35.931793212890625,ge32,0.89453125,0.07292579859495163,0.014368931762874126,0.02718956582248211,0.01819046214222908,0.026492249220609665,-0.0038215303793549538,0.008999103680253029,0.008301787078380585
78,1,116,78-1:116:89,inner_half,35.931793212890625,ge32,1.0,0.047315068542957306,0.014102073386311531,0.024760806933045387,0.014320207759737968,0.01810404844582081,-0.00021813437342643738,0.010440599173307419,0.00378384068608284
78,1,116,78-1:116:90,all,34.173492431640625,ge32,0.96875,0.06125965341925621,0.014869911596179008,0.015253373421728611,0.018655437976121902,0.01976775750517845,-0.003785526379942894,-0.0034020645543932915,0.001112319529056549
78,1,116,78-1:116:90,inner_half,34.173492431640625,ge32,1.0,0.052796535193920135,0.01607833430171013,0.016522593796253204,0.01828918233513832,0.025404663756489754,-0.002210848033428192,-0.0017665885388851166,0.007115481421351433
78,1,116,78-1:116:91,all,33.18389892578125,ge32,0.98828125,0.036182090640068054,0.011937560513615608,0.01370326429605484,0.01310303807258606,0.015141883864998817,-0.0011654775589704514,0.0006002262234687805,0.002038845792412758
78,1,116,78-1:116:91,inner_half,33.18389892578125,ge32,1.0,0.056595467031002045,0.012700577266514301,0.01656191051006317,0.012370968237519264,0.013506144285202026,0.0003296090289950371,0.004190942272543907,0.0011351760476827621
78,1,116,78-1:116:92,all,35.238983154296875,ge32,0.953125,0.07487156242132187,0.01803061179816723,0.02257896214723587,0.01937946118414402,0.02473505586385727,-0.0013488493859767914,0.0031995009630918503,0.005355594679713249
78,1,116,78-1:116:92,inner_half,35.238983154296875,ge32,1.0,0.06072352081537247,0.017507795244455338,0.021624237298965454,0.014958798885345459,0.01896928809583187,0.0025489963591098785,0.006665438413619995,0.004010489210486412
78,1,116,78-1:116:93,all,38.2529296875,ge32,0.9140625,0.12520387768745422,0.0462644137442112,0.053078677505254745,0.04402877762913704,0.056234896183013916,0.0022356361150741577,0.009049899876117706,0.012206118553876877
78,1,116,78-1:116:93,inner_half,38.2529296875,ge32,1.0,0.17288851737976074,0.050152841955423355,0.062421850860118866,0.05045339837670326,0.07287456095218658,-0.0003005564212799072,0.011968452483415604,0.022421162575483322
78,1,116,78-1:116:94,all,31.2080078125,16to32,0.9375,0.0318911150097847,0.011782918125391006,0.013143914751708508,0.013795563019812107,0.015553491190075874,-0.0020126448944211006,-0.0006516482681035995,0.0017579281702637672
78,1,116,78-1:116:94,inner_half,31.2080078125,16to32,1.0,0.02745722606778145,0.010853426530957222,0.010973264463245869,0.011187944561243057,0.012655041180551052,-0.00033451803028583527,-0.00021468009799718857,0.0014670966193079948
78,1,116,78-1:116:95,all,33.52398681640625,ge32,0.91796875,0.04642532020807266,0.013722123578190804,0.016562024131417274,0.015108359977602959,0.017356375232338905,-0.0013862363994121552,0.0014536641538143158,0.0022480152547359467
78,1,116,78-1:116:95,inner_half,33.52398681640625,ge32,1.0,0.029985256493091583,0.010867929086089134,0.01081937924027443,0.010958483442664146,0.012704349122941494,-9.055435657501221e-05,-0.0001391042023897171,0.0017458656802773476
78,1,116,78-1:116:96,all,32.69671630859375,ge32,1.0,0.0015492307720705867,0.0011345453094691038,0.0011576383840292692,0.0011467623990029097,0.0011676313588395715,-1.2217089533805847e-05,1.0875985026359558e-05,2.0868959836661816e-05
78,1,116,78-1:116:96,inner_half,32.69671630859375,ge32,1.0,0.001806721556931734,0.001178596867248416,0.0011724933283403516,0.001174707431346178,0.0011961100390180945,3.889435902237892e-06,-2.2141030058264732e-06,2.1402607671916485e-05
78,1,232,78-1:232:0,all,11.908523559570312,lt16,0.9375,0.012374450452625751,0.011845272965729237,0.011716530658304691,0.011661672033369541,0.011645587161183357,0.00018360093235969543,5.4858624935150146e-05,-1.608487218618393e-05
78,1,232,78-1:232:0,inner_half,11.908523559570312,lt16,1.0,0.018075380474328995,0.018017280846834183,0.017801621928811073,0.017558978870511055,0.017813051119446754,0.00045830197632312775,0.0002426430583000183,0.00025407224893569946
78,1,232,78-1:232:1,all,16.2796630859375,16to32,1.0,0.011150810867547989,0.011110145598649979,0.01111142709851265,0.011139560490846634,0.011033521965146065,-2.9414892196655273e-05,-2.8133392333984375e-05,-0.00010603852570056915
78,1,232,78-1:232:1,inner_half,16.2796630859375,16to32,1.0,0.012310713529586792,0.012310713529586792,0.012310713529586792,0.01238030381500721,0.012320725247263908,-6.959028542041779e-05,-6.959028542041779e-05,-5.957856774330139e-05
78,1,232,78-1:232:2,all,16.826171875,16to32,1.0,0.031107241287827492,0.030696002766489983,0.030690466985106468,0.030597718432545662,0.030695896595716476,9.828433394432068e-05,9.274855256080627e-05,9.817816317081451e-05
78,1,232,78-1:232:2,inner_half,16.826171875,16to32,1.0,0.059434838593006134,0.05860966816544533,0.05860966816544533,0.05815567448735237,0.05866879224777222,0.00045399367809295654,0.00045399367809295654,0.0005131177604198456
78,1,232,78-1:232:3,all,16.1331787109375,16to32,1.0,0.0204083900898695,0.01944044604897499,0.0197649747133255,0.019827499985694885,0.019711095839738846,-0.0003870539367198944,-6.252527236938477e-05,-0.00011640414595603943
78,1,232,78-1:232:3,inner_half,16.1331787109375,16to32,1.0,0.018630823120474815,0.018308596685528755,0.018185388296842575,0.018108956515789032,0.01848633587360382,0.0001996401697397232,7.643178105354309e-05,0.0003773793578147888
78,1,232,78-1:232:4,all,32.409088134765625,ge32,0.9296875,0.06000039726495743,0.021119998767971992,0.028351467102766037,0.017672188580036163,0.034541431814432144,0.003447810187935829,0.010679278522729874,0.01686924323439598
78,1,232,78-1:232:4,inner_half,32.409088134765625,ge32,1.0,0.09277583658695221,0.02898675575852394,0.04430069029331207,0.019140684977173805,0.04385501891374588,0.009846070781350136,0.025160005316138268,0.024714333936572075
78,1,232,78-1:232:5,all,18.0438232421875,16to32,1.0,0.007300608325749636,0.0070391446352005005,0.006946210283786058,0.006848977878689766,0.006902752444148064,0.00019016675651073456,9.72324050962925e-05,5.377456545829773e-05
78,1,232,78-1:232:5,inner_half,18.0438232421875,16to32,1.0,0.005869626998901367,0.00573764368891716,0.00573764368891716,0.005744345486164093,0.005784417502582073,-6.701797246932983e-06,-6.701797246932983e-06,4.0072016417980194e-05
78,1,232,78-1:232:6,all,14.5120849609375,lt16,1.0,0.031240439042448997,0.03144405037164688,0.031453996896743774,0.03140745684504509,0.03128337487578392,3.659352660179138e-05,4.654005169868469e-05,-0.00012408196926116943
78,1,232,78-1:232:6,inner_half,14.5120849609375,lt16,1.0,0.041906923055648804,0.04254581779241562,0.041660621762275696,0.04193875193595886,0.0413106307387352,0.0006070658564567566,-0.0002781301736831665,-0.0006281211972236633
78,1,232,78-1:232:7,all,24.115264892578125,16to32,0.8828125,0.06314989924430847,0.050207991153001785,0.04513915255665779,0.022707723081111908,0.04245758801698685,0.027500268071889877,0.022431429475545883,0.01974986493587494
78,1,232,78-1:232:7,inner_half,24.115264892578125,16to32,0.953125,0.13096590340137482,0.10139989107847214,0.09262675046920776,0.03060622327029705,0.09102456271648407,0.07079366780817509,0.06202052719891071,0.06041833944618702
78,1,232,78-1:232:8,all,20.7545166015625,16to32,1.0,0.037541866302490234,0.023141885176301003,0.022990789264440536,0.0212800744920969,0.025662053376436234,0.0018618106842041016,0.0017107147723436356,0.004381978884339333
78,1,232,78-1:232:8,inner_half,20.7545166015625,16to32,1.0,0.05915491655468941,0.034131281077861786,0.03509583696722984,0.022048354148864746,0.0367732048034668,0.01208292692899704,0.013047482818365097,0.01472485065460205
78,1,232,78-1:232:9,all,12.0968017578125,lt16,1.0,0.009988787584006786,0.008798163384199142,0.008853094652295113,0.008514982648193836,0.008853418752551079,0.00028318073600530624,0.0003381120041012764,0.0003384361043572426
78,1,232,78-1:232:9,inner_half,12.0968017578125,lt16,1.0,0.005437933374196291,0.006104831583797932,0.005964231677353382,0.006044276058673859,0.006158128380775452,6.055552512407303e-05,-8.004438132047653e-05,0.00011385232210159302
78,1,232,78-1:232:10,all,13.709854125976562,lt16,0.9375,0.010081497952342033,0.00783290434628725,0.007838436402380466,0.007827266119420528,0.007743040565401316,5.638226866722107e-06,1.117028295993805e-05,-8.422555401921272e-05
78,1,232,78-1:232:10,inner_half,13.709854125976562,lt16,1.0,0.012954693287611008,0.009710216894745827,0.009710216894745827,0.009671621024608612,0.00955234281718731,3.859587013721466e-05,3.859587013721466e-05,-0.0001192782074213028
78,1,232,78-1:232:11,all,16.97308349609375,16to32,1.0,0.041771434247493744,0.03709721565246582,0.03040604293346405,0.026958337053656578,0.03306104242801666,0.010138878598809242,0.0034477058798074722,0.0061027053743600845
78,1,232,78-1:232:11,inner_half,16.97308349609375,16to32,1.0,0.08293948322534561,0.07241426408290863,0.05934923142194748,0.04163850098848343,0.06533370912075043,0.0307757630944252,0.01771073043346405,0.023695208132267
78,1,232,78-1:232:12,all,18.839447021484375,16to32,0.91015625,0.10382562130689621,0.02073391154408455,0.026334799826145172,0.025667276233434677,0.04544641450047493,-0.004933364689350128,0.000667523592710495,0.019779138267040253
78,1,232,78-1:232:12,inner_half,18.839447021484375,16to32,1.0,0.17110887169837952,0.03118356317281723,0.038639046251773834,0.039914604276418686,0.05577201023697853,-0.008731041103601456,-0.0012755580246448517,0.015857405960559845
78,1,232,78-1:232:13,all,16.90545654296875,16to32,0.90625,0.07193133234977722,0.02517354115843773,0.028531452640891075,0.031770069152116776,0.04263053089380264,-0.006596527993679047,-0.0032386165112257004,0.010860461741685867
78,1,232,78-1:232:13,inner_half,16.90545654296875,16to32,1.0,0.10211162269115448,0.03535293787717819,0.04052551090717316,0.04642467945814133,0.06840286403894424,-0.011071741580963135,-0.00589916855096817,0.021978184580802917
78,1,232,78-1:232:14,all,10.6690673828125,lt16,1.0,0.01459367573261261,0.015504884533584118,0.015634573996067047,0.015489649958908558,0.015530461445450783,1.5234574675559998e-05,0.00014492403715848923,4.0811486542224884e-05
78,1,232,78-1:232:14,inner_half,10.6690673828125,lt16,1.0,0.014811398461461067,0.014245465397834778,0.014193826355040073,0.014070797711610794,0.014209763146936893,0.00017466768622398376,0.00012302864342927933,0.0001389654353260994
78,1,232,78-1:232:15,all,15.2025146484375,lt16,1.0,0.06909071654081345,0.06808654218912125,0.0679393857717514,0.06776072829961777,0.067293182015419,0.000325813889503479,0.00017865747213363647,-0.000467546284198761
78,1,232,78-1:232:15,inner_half,15.2025146484375,lt16,1.0,0.11718250066041946,0.11496879905462265,0.11446237564086914,0.11436077952384949,0.11228306591510773,0.0006080195307731628,0.00010159611701965332,-0.0020777136087417603
78,1,232,78-1:232:16,all,16.303695678710938,16to32,1.0,0.018708521500229836,0.01933300495147705,0.01951047033071518,0.019373461604118347,0.01950112357735634,-4.045665264129639e-05,0.00013700872659683228,0.00012766197323799133
78,1,232,78-1:232:16,inner_half,16.303695678710938,16to32,1.0,0.02492664009332657,0.02611556276679039,0.026136506348848343,0.026069430634379387,0.026169657707214355,4.613213241100311e-05,6.7075714468956e-05,0.00010022707283496857
78,1,232,78-1:232:17,all,12.201416015625,lt16,1.0,0.01140577532351017,0.01127865444868803,0.011299239471554756,0.011296755634248257,0.011296950280666351,-1.810118556022644e-05,2.483837306499481e-06,1.94646418094635e-07
78,1,232,78-1:232:17,inner_half,12.201416015625,lt16,1.0,0.015174416825175285,0.015022726729512215,0.01503613032400608,0.015048517845571041,0.015227914787828922,-2.5791116058826447e-05,-1.238752156496048e-05,0.00017939694225788116
78,1,232,78-1:232:18,all,12.99560546875,lt16,1.0,0.009550187736749649,0.009521031752228737,0.009579706937074661,0.009538128972053528,0.009552376344799995,-1.7097219824790955e-05,4.157796502113342e-05,1.424737274646759e-05
78,1,232,78-1:232:18,inner_half,12.99560546875,lt16,1.0,0.012469282373785973,0.01309150643646717,0.01309150643646717,0.01309150643646717,0.01297671627253294,0.0,0.0,-0.0001147901639342308
78,1,232,78-1:232:19,all,9.09161376953125,lt16,1.0,0.01253594271838665,0.012419017031788826,0.012378143146634102,0.012365905568003654,0.01247529499232769,5.311146378517151e-05,1.2237578630447388e-05,0.00010938942432403564
78,1,232,78-1:232:19,inner_half,9.09161376953125,lt16,1.0,0.013675383292138577,0.013218317180871964,0.013399945572018623,0.01335231401026249,0.013672489672899246,-0.00013399682939052582,4.763156175613403e-05,0.0003201756626367569
78,1,232,78-1:232:20,all,15.247314453125,lt16,1.0,0.00820796750485897,0.008337458595633507,0.008360257372260094,0.008488336578011513,0.008338685147464275,-0.00015087798237800598,-0.00012807920575141907,-0.0001496514305472374
78,1,232,78-1:232:20,inner_half,15.247314453125,lt16,1.0,0.011072717607021332,0.011134430766105652,0.011125673539936543,0.011584755033254623,0.011167261749505997,-0.00045032426714897156,-0.0004590814933180809,-0.0004174932837486267
78,1,232,78-1:232:21,all,10.674072265625,lt16,1.0,0.011273497715592384,0.010923279449343681,0.010928943753242493,0.011037072166800499,0.010952221229672432,-0.00011379271745681763,-0.00010812841355800629,-8.485093712806702e-05
78,1,232,78-1:232:21,inner_half,10.674072265625,lt16,1.0,0.01509195938706398,0.013703889213502407,0.013703889213502407,0.014178108423948288,0.01374003104865551,-0.0004742192104458809,-0.0004742192104458809,-0.000438077375292778
78,1,232,78-1:232:22,all,10.03826904296875,lt16,1.0,0.012135690078139305,0.01089499145746231,0.010861670598387718,0.010817579925060272,0.010842776857316494,7.741153240203857e-05,4.4090673327445984e-05,2.519693225622177e-05
78,1,232,78-1:232:22,inner_half,10.03826904296875,lt16,1.0,0.012687294743955135,0.012261305004358292,0.012267965823411942,0.01215706579387188,0.012151161208748817,0.00010423921048641205,0.00011090002954006195,-5.904585123062134e-06
78,1,232,78-1:232:23,all,20.89117431640625,16to32,1.0,0.009418880566954613,0.009597476571798325,0.009605255909264088,0.009609723463654518,0.009587224572896957,-1.2246891856193542e-05,-4.4675543904304504e-06,-2.249889075756073e-05
78,1,232,78-1:232:23,inner_half,20.89117431640625,16to32,1.0,0.01235407404601574,0.0123291015625,0.0123291015625,0.0123291015625,0.0123291015625,0.0,0.0,0.0
78,1,232,78-1:232:24,all,12.05279541015625,lt16,1.0,0.008953720331192017,0.008837977424263954,0.008837977424263954,0.008770270273089409,0.008779156021773815,6.770715117454529e-05,6.770715117454529e-05,8.88574868440628e-06
78,1,232,78-1:232:24,inner_half,12.05279541015625,lt16,1.0,0.011579007841646671,0.01135006733238697,0.01135006733238697,0.011096232570707798,0.011166602373123169,0.0002538347616791725,0.0002538347616791725,7.036980241537094e-05
78,1,232,78-1:232:25,all,15.50311279296875,lt16,1.0,0.008991451933979988,0.009000083431601524,0.009000083431601524,0.008998647332191467,0.008999578654766083,1.4360994100570679e-06,1.4360994100570679e-06,9.313225746154785e-07
78,1,232,78-1:232:25,inner_half,15.50311279296875,lt16,1.0,0.011453685350716114,0.011453685350716114,0.011453685350716114,0.011453685350716114,0.011453685350716114,0.0,0.0,0.0
78,1,232,78-1:232:26,all,18.06939697265625,16to32,1.0,0.013352024368941784,0.01331651583313942,0.013336921110749245,0.013337448239326477,0.013241274282336235,-2.0932406187057495e-05,-5.271285772323608e-07,-9.6173956990242e-05
78,1,232,78-1:232:26,inner_half,18.06939697265625,16to32,1.0,0.018756702542304993,0.019076500087976456,0.019193463027477264,0.019076500087976456,0.0188175980001688,0.0,0.00011696293950080872,-0.00025890208780765533
78,1,232,78-1:232:27,all,17.42291259765625,16to32,1.0,0.010401432402431965,0.01038444321602583,0.010367529466748238,0.010189924389123917,0.010164381936192513,0.0001945188269019127,0.00017760507762432098,-2.5542452931404114e-05
78,1,232,78-1:232:27,inner_half,17.42291259765625,16to32,1.0,0.011021509766578674,0.01052782405167818,0.01052782405167818,0.010572287254035473,0.010600628331303596,-4.4463202357292175e-05,-4.4463202357292175e-05,2.8341077268123627e-05
78,1,232,78-1:232:28,all,12.5592041015625,lt16,1.0,0.008587576448917389,0.00830497033894062,0.008306706324219704,0.008330415934324265,0.008244398981332779,-2.5445595383644104e-05,-2.3709610104560852e-05,-8.60169529914856e-05
78,1,232,78-1:232:28,inner_half,12.5592041015625,lt16,1.0,0.010722983628511429,0.010901141911745071,0.010901141911745071,0.010901141911745071,0.010905090719461441,0.0,0.0,3.948807716369629e-06
78,1,232,78-1:232:29,all,14.83929443359375,lt16,1.0,0.01060336735099554,0.010948734357953072,0.010948734357953072,0.010898401029407978,0.01093075331300497,5.0333328545093536e-05,5.0333328545093536e-05,3.235228359699249e-05
78,1,232,78-1:232:29,inner_half,14.83929443359375,lt16,1.0,0.012828730046749115,0.013525867834687233,0.013525867834687233,0.013525867834687233,0.013521340675652027,0.0,0.0,-4.527159035205841e-06
78,1,232,78-1:232:30,all,12.51922607421875,lt16,1.0,0.014777837321162224,0.014689351432025433,0.014641586691141129,0.014700232073664665,0.014687282964587212,-1.0880641639232635e-05,-5.864538252353668e-05,-1.2949109077453613e-05
78,1,232,78-1:232:30,inner_half,12.51922607421875,lt16,1.0,0.013757903128862381,0.013748709112405777,0.013749765232205391,0.01348799280822277,0.013638326898217201,0.0002607163041830063,0.00026177242398262024,0.00015033408999443054
78,1,232,78-1:232:31,all,11.20947265625,lt16,1.0,0.013073921203613281,0.01293429359793663,0.013029387220740318,0.012904873117804527,0.01297376211732626,2.9420480132102966e-05,0.00012451410293579102,6.888899952173233e-05
78,1,232,78-1:232:31,inner_half,11.20947265625,lt16,1.0,0.012622486799955368,0.012419055216014385,0.012483781203627586,0.012226535007357597,0.01252191886305809,0.00019252020865678787,0.000257246196269989,0.00029538385570049286
78,1,232,78-1:232:32,all,10.836845397949219,lt16,1.0,0.009761760011315346,0.009288487955927849,0.009218253195285797,0.009251018986105919,0.009235367178916931,3.746896982192993e-05,-3.2765790820121765e-05,-1.5651807188987732e-05
78,1,232,78-1:232:32,inner_half,10.836845397949219,lt16,1.0,0.012389757670462132,0.010514742694795132,0.010399454273283482,0.010466473177075386,0.010400151833891869,4.8269517719745636e-05,-6.701890379190445e-05,-6.632134318351746e-05
78,1,232,78-1:232:33,all,11.12457275390625,lt16,1.0,0.011079641059041023,0.011329910717904568,0.011389071121811867,0.011396177113056183,0.01139620691537857,-6.626639515161514e-05,-7.105991244316101e-06,2.9802322387695312e-08
78,1,232,78-1:232:33,inner_half,11.12457275390625,lt16,1.0,0.01193931419402361,0.012223726138472557,0.012223726138472557,0.012179325334727764,0.012196439318358898,4.440080374479294e-05,4.440080374479294e-05,1.7113983631134033e-05
78,1,232,78-1:232:34,all,10.15118408203125,lt16,1.0,0.01336505077779293,0.013323578983545303,0.013309217989444733,0.013341818936169147,0.013353274203836918,-1.8239952623844147e-05,-3.2600946724414825e-05,1.1455267667770386e-05
78,1,232,78-1:232:34,inner_half,10.15118408203125,lt16,1.0,0.01591503992676735,0.01585005223751068,0.01591459847986698,0.01592114195227623,0.01592973619699478,-7.10897147655487e-05,-6.543472409248352e-06,8.594244718551636e-06
78,1,232,78-1:232:35,all,8.24224853515625,lt16,1.0,0.013076592236757278,0.012897352688014507,0.012854678556323051,0.012854678556323051,0.012875601649284363,4.267413169145584e-05,0.0,2.092309296131134e-05
78,1,232,78-1:232:35,inner_half,8.24224853515625,lt16,1.0,0.014400526881217957,0.014638824388384819,0.014342204667627811,0.014342204667627811,0.014494912698864937,0.0002966197207570076,0.0,0.0001527080312371254
78,1,232,78-1:232:36,all,20.95770263671875,16to32,1.0,0.007765516638755798,0.007623015902936459,0.007681658491492271,0.007535293232649565,0.007639087736606598,8.772267028689384e-05,0.00014636525884270668,0.00010379450395703316
78,1,232,78-1:232:36,inner_half,20.95770263671875,16to32,1.0,0.01000433973968029,0.009861364960670471,0.009828015230596066,0.009477521292865276,0.00978323444724083,0.00038384366780519485,0.0003504939377307892,0.00030571315437555313
78,1,232,78-1:232:37,all,11.227294921875,lt16,1.0,0.01572662964463234,0.014080607332289219,0.013936351053416729,0.01403963752090931,0.014048444107174873,4.0969811379909515e-05,-0.00010328646749258041,8.806586265563965e-06
78,1,232,78-1:232:37,inner_half,11.227294921875,lt16,1.0,0.022792363539338112,0.019093111157417297,0.019093111157417297,0.019093111157417297,0.01916368119418621,0.0,0.0,7.057003676891327e-05
78,1,232,78-1:232:38,all,12.26446533203125,lt16,1.0,0.00874732993543148,0.008053884841501713,0.008101576939225197,0.008110810071229935,0.008131155744194984,-5.692522972822189e-05,-9.233132004737854e-06,2.0345672965049744e-05
78,1,232,78-1:232:38,inner_half,12.26446533203125,lt16,1.0,0.012133929878473282,0.011755334213376045,0.011796503327786922,0.011743785813450813,0.011798776686191559,1.1548399925231934e-05,5.271751433610916e-05,5.4990872740745544e-05
78,1,232,78-1:232:39,all,22.51947021484375,16to32,1.0,0.00959862768650055,0.009668514132499695,0.009716225787997246,0.009710261598229408,0.009698637761175632,-4.174746572971344e-05,5.964189767837524e-06,-1.1623837053775787e-05
78,1,232,78-1:232:39,inner_half,22.51947021484375,16to32,1.0,0.010387726128101349,0.010202048346400261,0.010247466154396534,0.010249201208353043,0.010244553908705711,-4.715286195278168e-05,-1.7350539565086365e-06,-4.647299647331238e-06
78,1,232,78-1:232:40,all,12.9429931640625,lt16,1.0,0.011890377849340439,0.012086822651326656,0.012141276150941849,0.012106264941394329,0.012155108153820038,-1.944229006767273e-05,3.5011209547519684e-05,4.884321242570877e-05
78,1,232,78-1:232:40,inner_half,12.9429931640625,lt16,1.0,0.015862837433815002,0.01625300943851471,0.01625300943851471,0.0163457989692688,0.016304709017276764,-9.278953075408936e-05,-9.278953075408936e-05,-4.108995199203491e-05
78,1,232,78-1:232:41,all,12.021728515625,lt16,1.0,0.009230377152562141,0.009216301143169403,0.009277689270675182,0.009276232682168484,0.009202077984809875,-5.993153899908066e-05,1.4565885066986084e-06,-7.415469735860825e-05
78,1,232,78-1:232:41,inner_half,12.021728515625,lt16,1.0,0.011070998385548592,0.010973621159791946,0.011057175695896149,0.010973621159791946,0.010912525467574596,0.0,8.355453610420227e-05,-6.109569221735e-05
78,1,232,78-1:232:42,all,11.0948486328125,lt16,1.0,0.012802056968212128,0.012648940086364746,0.012648476287722588,0.01260354183614254,0.012670475989580154,4.5398250222206116e-05,4.493445158004761e-05,6.693415343761444e-05
78,1,232,78-1:232:42,inner_half,11.0948486328125,lt16,1.0,0.01508707832545042,0.014977952465415001,0.014977952465415001,0.014704032801091671,0.015076566487550735,0.0002739196643233299,0.0002739196643233299,0.0003725336864590645
78,1,232,78-1:232:43,all,18.0162353515625,16to32,1.0,0.010947711765766144,0.010792427696287632,0.010960891842842102,0.011034323833882809,0.010991489514708519,-0.0002418961375951767,-7.343199104070663e-05,-4.28343191742897e-05
78,1,232,78-1:232:43,inner_half,18.0162353515625,16to32,1.0,0.010491184890270233,0.010491184890270233,0.010491184890270233,0.010855121538043022,0.010845527052879333,-0.000363936647772789,-0.000363936647772789,-9.59448516368866e-06
78,1,232,78-1:232:44,all,14.350830078125,lt16,1.0,0.008091610856354237,0.007326916791498661,0.007337947376072407,0.007328263018280268,0.007272987626492977,-1.3462267816066742e-06,9.684357792139053e-06,-5.527539178729057e-05
78,1,232,78-1:232:44,inner_half,14.350830078125,lt16,1.0,0.010077860206365585,0.008896770887076855,0.008935665711760521,0.008815867826342583,0.008674570359289646,8.0903060734272e-05,0.00011979788541793823,-0.00014129746705293655
78,1,232,78-1:232:45,all,9.04071044921875,lt16,1.0,0.0113669503480196,0.009857896715402603,0.009850631467998028,0.00982530415058136,0.009862903505563736,3.2592564821243286e-05,2.5327317416667938e-05,3.75993549823761e-05
78,1,232,78-1:232:45,inner_half,9.04071044921875,lt16,1.0,0.010309573262929916,0.010048379190266132,0.009968514554202557,0.01004632469266653,0.010032262653112411,2.0544975996017456e-06,-7.7810138463974e-05,-1.406203955411911e-05
78,1,232,78-1:232:46,all,12.068115234375,lt16,1.0,0.012134602293372154,0.012327147647738457,0.01242121309041977,0.012362586334347725,0.012372289784252644,-3.543868660926819e-05,5.862675607204437e-05,9.70344990491867e-06
78,1,232,78-1:232:46,inner_half,12.068115234375,lt16,1.0,0.010752221569418907,0.010674193501472473,0.010674193501472473,0.010593830607831478,0.010689152404665947,8.036289364099503e-05,8.036289364099503e-05,9.532179683446884e-05
78,1,232,78-1:232:47,all,10.08380126953125,lt16,1.0,0.013164815492928028,0.01309778168797493,0.013005844317376614,0.013099661096930504,0.013070167042315006,-1.8794089555740356e-06,-9.381677955389023e-05,-2.949405461549759e-05
78,1,232,78-1:232:47,inner_half,10.08380126953125,lt16,1.0,0.01514056883752346,0.015159817412495613,0.015020252205431461,0.015244387090206146,0.015210441313683987,-8.456967771053314e-05,-0.0002241348847746849,-3.3945776522159576e-05
78,1,232,78-1:232:48,all,11.49713134765625,lt16,1.0,0.014334187842905521,0.014841372147202492,0.014660390093922615,0.014656087383627892,0.014658316969871521,0.00018528476357460022,4.302710294723511e-06,2.2295862436294556e-06
78,1,232,78-1:232:48,inner_half,11.49713134765625,lt16,1.0,0.01572638750076294,0.016996975988149643,0.016926366835832596,0.016867365688085556,0.01660473644733429,0.00012961030006408691,5.9001147747039795e-05,-0.0002626292407512665
78,1,232,78-1:232:49,all,14.27801513671875,lt16,1.0,0.01044735498726368,0.010457522235810757,0.010475100949406624,0.010515909641981125,0.010463764891028404,-5.8387406170368195e-05,-4.080869257450104e-05,-5.214475095272064e-05
78,1,232,78-1:232:49,inner_half,14.27801513671875,lt16,1.0,0.013028813526034355,0.013159938156604767,0.013259091414511204,0.013159938156604767,0.013236491940915585,0.0,9.915325790643692e-05,7.655378431081772e-05
78,1,232,78-1:232:50,all,10.95330810546875,lt16,1.0,0.014383827336132526,0.012036869302392006,0.01206974033266306,0.01208292506635189,0.012135284021496773,-4.6055763959884644e-05,-1.318473368883133e-05,5.23589551448822e-05
78,1,232,78-1:232:50,inner_half,10.95330810546875,lt16,1.0,0.016835691407322884,0.015357539989054203,0.015503326430916786,0.015502547845244408,0.015619552694261074,-0.00014500785619020462,7.7858567237854e-07,0.00011700484901666641
78,1,232,78-1:232:51,all,9.20843505859375,lt16,1.0,0.015462694689631462,0.01296086236834526,0.013032393530011177,0.013017095625400543,0.012984104454517365,-5.623325705528259e-05,1.529790461063385e-05,-3.299117088317871e-05
78,1,232,78-1:232:51,inner_half,9.20843505859375,lt16,1.0,0.017407864332199097,0.014939472079277039,0.014939472079277039,0.014939472079277039,0.01499572116881609,0.0,0.0,5.6249089539051056e-05
78,1,232,78-1:232:52,all,9.23150634765625,lt16,1.0,0.013172075152397156,0.011267581954598427,0.011360585689544678,0.011257639154791832,0.011356227099895477,9.942799806594849e-06,0.00010294653475284576,9.858794510364532e-05
78,1,232,78-1:232:52,inner_half,9.23150634765625,lt16,1.0,0.01419464685022831,0.012528483755886555,0.012528483755886555,0.012532353401184082,0.012515638023614883,-3.869645297527313e-06,-3.869645297527313e-06,-1.671537756919861e-05
78,1,232,78-1:232:56,all,65.02197265625,ge32,1.0,0.005234997719526291,0.005307487212121487,0.00536406971514225,0.005335856229066849,0.00529903918504715,-2.836901694536209e-05,2.8213486075401306e-05,-3.68170440196991e-05
78,1,232,78-1:232:56,inner_half,65.02197265625,ge32,1.0,0.003418330568820238,0.0034591802395880222,0.0034535559825599194,0.0034515615552663803,0.003422257024794817,7.618684321641922e-06,1.9944272935390472e-06,-2.930453047156334e-05
78,1,232,78-1:232:57,all,58.3104248046875,ge32,0.96875,0.08408098667860031,0.032377634197473526,0.043566588312387466,0.02078445814549923,0.050992075353860855,0.011593176051974297,0.022782130166888237,0.030207617208361626
78,1,232,78-1:232:57,inner_half,58.3104248046875,ge32,1.0,0.09191848337650299,0.024872563779354095,0.04331864416599274,0.01720692776143551,0.04155736416578293,0.007665636017918587,0.026111716404557228,0.02435043640434742
78,1,232,78-1:232:58,all,108.7125244140625,ge32,1.0,0.015431596897542477,0.009646615944802761,0.009520746767520905,0.007911487482488155,0.012123821303248405,0.0017351284623146057,0.0016092592850327492,0.00421233382076025
78,1,232,78-1:232:58,inner_half,108.7125244140625,ge32,1.0,0.017989076673984528,0.010643396526575089,0.01081808190792799,0.007697012275457382,0.012501716613769531,0.0029463842511177063,0.0031210696324706078,0.004804704338312149
78,1,232,78-1:232:59,all,60.94921875,ge32,0.94140625,0.05073012784123421,0.021660631522536278,0.031722068786621094,0.01472687441855669,0.030666355043649673,0.0069337571039795876,0.016995194368064404,0.015939480625092983
78,1,232,78-1:232:59,inner_half,60.94921875,ge32,0.953125,0.049005504697561264,0.01836567185819149,0.029813896864652634,0.016798505559563637,0.0292791910469532,0.0015671662986278534,0.013015391305088997,0.012480685487389565
78,1,232,78-1:232:60,all,73.49252319335938,ge32,0.96484375,0.04334917291998863,0.0195723008364439,0.027981864288449287,0.015634601935744286,0.028209058567881584,0.0039376989006996155,0.012347262352705002,0.012574456632137299
78,1,232,78-1:232:60,inner_half,73.49252319335938,ge32,1.0,0.026492269709706306,0.013463256880640984,0.015888843685388565,0.014333628118038177,0.022383544594049454,-0.0008703712373971939,0.0015552155673503876,0.008049916476011276
78,1,232,78-1:232:61,all,51.604736328125,ge32,0.98828125,0.0689980760216713,0.022994769737124443,0.03747029975056648,0.022042259573936462,0.038311030715703964,0.0009525101631879807,0.01542804017663002,0.016268771141767502
78,1,232,78-1:232:61,inner_half,51.604736328125,ge32,1.0,0.0752287209033966,0.020134584978222847,0.04102446138858795,0.018658347427845,0.034055162221193314,0.0014762375503778458,0.02236611396074295,0.015396814793348312
78,1,232,78-1:232:62,all,69.0157470703125,ge32,0.98828125,0.023477690294384956,0.01913077011704445,0.02065901644527912,0.010410616174340248,0.02247730642557144,0.0087201539427042,0.010248400270938873,0.012066690251231194
78,1,232,78-1:232:62,inner_half,69.0157470703125,ge32,1.0,0.02327531948685646,0.017006367444992065,0.018569128587841988,0.012123716995120049,0.02039715088903904,0.004882650449872017,0.006445411592721939,0.008273433893918991
78,1,232,78-1:232:63,all,68.06655883789062,ge32,0.96875,0.053102750331163406,0.026050303131341934,0.030773255974054337,0.014246131293475628,0.027302714064717293,0.011804171837866306,0.01652712468057871,0.013056582771241665
78,1,232,78-1:232:63,inner_half,68.06655883789062,ge32,1.0,0.09443483501672745,0.04812139272689819,0.05793537199497223,0.018923595547676086,0.04556366428732872,0.029197797179222107,0.03901177644729614,0.026640068739652634
78,1,232,78-1:232:64,all,67.66973876953125,ge32,1.0,0.008508685976266861,0.008277224376797676,0.00808822549879551,0.008215026929974556,0.008310998789966106,6.219744682312012e-05,-0.00012680143117904663,9.597185999155045e-05
78,1,232,78-1:232:64,inner_half,67.66973876953125,ge32,1.0,0.01102023757994175,0.010457593947649002,0.00998794287443161,0.010221910662949085,0.01032239943742752,0.00023568328469991684,-0.00023396778851747513,0.00010048877447843552
78,1,232,78-1:232:65,all,63.4071044921875,ge32,0.9921875,0.06415475159883499,0.02215970866382122,0.03563318029046059,0.01938510127365589,0.0405149832367897,0.002774607390165329,0.016248079016804695,0.021129881963133812
78,1,232,78-1:232:65,inner_half,63.4071044921875,ge32,1.0,0.09086224436759949,0.023380598053336143,0.044919103384017944,0.020311426371335983,0.04054874926805496,0.0030691716820001602,0.02460767701268196,0.02023732289671898
78,1,232,78-1:232:66,all,41.23828125,ge32,0.953125,0.09813353419303894,0.024144845083355904,0.04535365477204323,0.02367567829787731,0.037670861929655075,0.0004691667854785919,0.021677976474165916,0.013995183631777763
78,1,232,78-1:232:66,inner_half,41.23828125,ge32,1.0,0.07210401445627213,0.023848367854952812,0.03515700623393059,0.022628244012594223,0.030679063871502876,0.0012201238423585892,0.012528762221336365,0.008050819858908653
78,1,232,78-1:232:67,all,56.1234130859375,ge32,0.92578125,0.0670025497674942,0.036614082753658295,0.04173510894179344,0.026095282286405563,0.037874139845371246,0.010518800467252731,0.01563982665538788,0.011778857558965683
78,1,232,78-1:232:67,inner_half,56.1234130859375,ge32,0.96875,0.05888066440820694,0.028930071741342545,0.034307945519685745,0.017802758142352104,0.0393952876329422,0.01112731359899044,0.01650518737733364,0.021592529490590096
78,1,232,78-1:232:68,all,47.6875,ge32,1.0,0.021753892302513123,0.014467217959463596,0.015721414238214493,0.010371747426688671,0.01757659949362278,0.004095470532774925,0.005349666811525822,0.007204852066934109
78,1,232,78-1:232:68,inner_half,47.6875,ge32,1.0,0.023394696414470673,0.0078105260618031025,0.012157825753092766,0.00754671823233366,0.014083364978432655,0.00026380782946944237,0.004611107520759106,0.006536646746098995
78,1,232,78-1:232:69,all,56.724609375,ge32,0.90625,0.01799103431403637,0.015151763334870338,0.0160428024828434,0.009727444499731064,0.017487667500972748,0.005424318835139275,0.006315357983112335,0.007760223001241684
78,1,232,78-1:232:69,inner_half,56.724609375,ge32,0.921875,0.020175153389573097,0.007879812270402908,0.012593839317560196,0.007436004932969809,0.013136981055140495,0.00044380733743309975,0.005157834384590387,0.005700976122170687
78,1,232,78-1:232:70,all,51.9290771484375,ge32,0.98828125,0.05717724561691284,0.03085445985198021,0.038982242345809937,0.023461831733584404,0.04188184067606926,0.007392628118395805,0.015520410612225533,0.018420008942484856
78,1,232,78-1:232:70,inner_half,51.9290771484375,ge32,1.0,0.09663387387990952,0.041717447340488434,0.06161241978406906,0.03886411339044571,0.060408324003219604,0.0028533339500427246,0.022748306393623352,0.021544210612773895
78,1,232,78-1:232:71,all,45.330596923828125,ge32,0.96875,0.10063391178846359,0.024425150826573372,0.045037198811769485,0.027043096721172333,0.044105954468250275,-0.002617945894598961,0.017994102090597153,0.017062857747077942
78,1,232,78-1:232:71,inner_half,45.330596923828125,ge32,1.0,0.1044355183839798,0.029694586992263794,0.05539582669734955,0.030859455466270447,0.04849611967802048,-0.0011648684740066528,0.0245363712310791,0.01763666421175003
78,1,232,78-1:232:72,all,37.925689697265625,ge32,1.0,0.004576914012432098,0.004879572428762913,0.0048236181028187275,0.0047279465943574905,0.00481593469157815,0.0001516258344054222,9.567150846123695e-05,8.798809722065926e-05
78,1,232,78-1:232:72,inner_half,37.925689697265625,ge32,1.0,0.005113231483846903,0.005416012369096279,0.005399975925683975,0.005262667313218117,0.005509042181074619,0.00015334505587816238,0.00013730861246585846,0.00024637486785650253
78,1,232,78-1:232:73,all,38.059234619140625,ge32,1.0,0.005465788766741753,0.005579321179538965,0.005681984126567841,0.0056546232663095,0.005636038724333048,-7.530208677053452e-05,2.7360860258340836e-05,-1.8584541976451874e-05
78,1,232,78-1:232:73,inner_half,38.059234619140625,ge32,1.0,0.003409214084967971,0.003469688817858696,0.003475532867014408,0.003573249327018857,0.00345923681743443,-0.00010356050916016102,-9.771646000444889e-05,-0.00011401250958442688
78,1,232,78-1:232:74,all,36.10797119140625,ge32,0.8984375,0.05585629865527153,0.013348214328289032,0.01740279421210289,0.014338255859911442,0.022046806290745735,-0.0009900415316224098,0.003064538352191448,0.007708550430834293
78,1,232,78-1:232:74,inner_half,36.10797119140625,ge32,1.0,0.04606710374355316,0.012090107426047325,0.013997795060276985,0.012675506062805653,0.018817558884620667,-0.0005853986367583275,0.0013222889974713326,0.006142052821815014
78,1,232,78-1:232:75,all,35.203887939453125,ge32,0.96875,0.08382270485162735,0.010214513167738914,0.018446730449795723,0.019211910665035248,0.02345438487827778,-0.008997397497296333,-0.0007651802152395248,0.004242474213242531
78,1,232,78-1:232:75,inner_half,35.203887939453125,ge32,1.0,0.08302579820156097,0.009060148149728775,0.017160829156637192,0.011537759564816952,0.024966394528746605,-0.0024776114150881767,0.00562306959182024,0.013428634963929653
78,1,232,78-1:232:76,all,36.185546875,ge32,1.0,0.005402225535362959,0.005388168618083,0.005314706824719906,0.005378539673984051,0.005367862991988659,9.628944098949432e-06,-6.38328492641449e-05,-1.0676681995391846e-05
78,1,232,78-1:232:76,inner_half,36.185546875,ge32,1.0,0.005145424511283636,0.005740138702094555,0.005621577613055706,0.005685925018042326,0.005575164686888456,5.421368405222893e-05,-6.434740498661995e-05,-0.00011076033115386963
78,1,232,78-1:232:77,all,47.6551513671875,ge32,1.0,0.007351306267082691,0.006330801639705896,0.006194110959768295,0.0061738756485283375,0.006216251291334629,0.0001569259911775589,2.023531123995781e-05,4.237564280629158e-05
78,1,232,78-1:232:77,inner_half,47.6551513671875,ge32,1.0,0.004285905510187149,0.003922068048268557,0.003922068048268557,0.0038973153568804264,0.003925938159227371,2.4752691388130188e-05,2.4752691388130188e-05,2.862280234694481e-05
78,1,232,78-1:232:78,all,37.228057861328125,ge32,1.0,0.008654162287712097,0.009800707921385765,0.009825830347836018,0.00990380346775055,0.009864923544228077,-0.00010309554636478424,-7.797311991453171e-05,-3.887992352247238e-05
78,1,232,78-1:232:78,inner_half,37.228057861328125,ge32,1.0,0.011046525090932846,0.010405740700662136,0.010500703938305378,0.010445252060890198,0.00988827645778656,-3.9511360228061676e-05,5.5451877415180206e-05,-0.0005569756031036377
78,1,232,78-1:232:79,all,34.03564453125,ge32,0.91796875,0.028934307396411896,0.008132756687700748,0.01237344928085804,0.011150836013257504,0.011417086236178875,-0.003018079325556755,0.0012226132676005363,0.00026625022292137146
78,1,232,78-1:232:79,inner_half,34.03564453125,ge32,0.875,0.029239704832434654,0.007021174766123295,0.011522210203111172,0.007166042923927307,0.011205372400581837,-0.0001448681578040123,0.004356167279183865,0.00403932947665453
78,1,232,78-1:232:80,all,36.850555419921875,ge32,1.0,0.007027401588857174,0.007694839499890804,0.007756766863167286,0.008025535382330418,0.007835868746042252,-0.00033069588243961334,-0.0002687685191631317,-0.00018966663628816605
78,1,232,78-1:232:80,inner_half,36.850555419921875,ge32,1.0,0.008662346750497818,0.009741711430251598,0.010059790685772896,0.010014811530709267,0.009681092575192451,-0.0002731001004576683,4.497915506362915e-05,-0.0003337189555168152
78,1,232,78-1:232:81,all,33.02557373046875,ge32,1.0,0.07251662015914917,0.014766402542591095,0.019932037219405174,0.016676805913448334,0.01981639489531517,-0.0019104033708572388,0.0032552313059568405,0.0031395889818668365
78,1,232,78-1:232:81,inner_half,33.02557373046875,ge32,1.0,0.09968173503875732,0.016325127333402634,0.019944168627262115,0.01441492885351181,0.02256276085972786,0.0019101984798908234,0.005529239773750305,0.00814783200621605
78,1,232,78-1:232:82,all,34.580352783203125,ge32,1.0,0.052269190549850464,0.009140267968177795,0.01539313793182373,0.015887709334492683,0.016122624278068542,-0.006747441366314888,-0.0004945714026689529,0.00023491494357585907
78,1,232,78-1:232:82,inner_half,34.580352783203125,ge32,1.0,0.04223732650279999,0.00878870114684105,0.013261022046208382,0.007999852299690247,0.01973854750394821,0.0007888488471508026,0.005261169746518135,0.011738695204257965
78,1,232,78-1:232:83,all,32.13054275512695,ge32,1.0,0.004637709818780422,0.004169832915067673,0.004191285464912653,0.004170367028564215,0.004163091536611319,-5.341134965419769e-07,2.0918436348438263e-05,-7.275491952896118e-06
78,1,232,78-1:232:83,inner_half,32.13054275512695,ge32,1.0,0.00371568463742733,0.0034534342121332884,0.0034534342121332884,0.0034534342121332884,0.0035502323880791664,0.0,0.0,9.679817594587803e-05
78,1,232,78-1:232:84,all,35.1962890625,ge32,1.0,0.008833459578454494,0.008384985849261284,0.008287005126476288,0.008544061332941055,0.00826473068445921,-0.00015907548367977142,-0.00025705620646476746,-0.00027933064848184586
78,1,232,78-1:232:84,inner_half,35.1962890625,ge32,1.0,0.010395986028015614,0.01003396138548851,0.010012120939791203,0.010661188513040543,0.009729485027492046,-0.0006272271275520325,-0.0006490675732493401,-0.0009317034855484962
78,1,232,78-1:232:85,all,33.199493408203125,ge32,1.0,0.00935538299381733,0.009819709695875645,0.009822351858019829,0.009848248213529587,0.00979292206466198,-2.8538517653942108e-05,-2.5896355509757996e-05,-5.532614886760712e-05
78,1,232,78-1:232:85,inner_half,33.199493408203125,ge32,1.0,0.008246607147157192,0.008171051740646362,0.008009547367691994,0.00815232377499342,0.008334151469171047,1.8727965652942657e-05,-0.00014277640730142593,0.00018182769417762756
78,1,232,78-1:232:86,all,36.835906982421875,ge32,1.0,0.0054770465940237045,0.0038006692193448544,0.0038126721046864986,0.0038341241888701916,0.003833381226286292,-3.345496952533722e-05,-2.1452084183692932e-05,-7.42962583899498e-07
78,1,232,78-1:232:86,inner_half,36.835906982421875,ge32,1.0,0.005011200904846191,0.0031059118919074535,0.0031059118919074535,0.0031856168061494827,0.0033229656983166933,-7.970491424202919e-05,-7.970491424202919e-05,0.00013734889216721058
78,1,232,78-1:232:87,all,35.2076416015625,ge32,0.9609375,0.03223981708288193,0.013273237273097038,0.014494052156805992,0.013890082016587257,0.015957826748490334,-0.0006168447434902191,0.0006039701402187347,0.002067744731903076
78,1,232,78-1:232:87,inner_half,35.2076416015625,ge32,1.0,0.02400016039609909,0.018140187487006187,0.018773596733808517,0.018794819712638855,0.018674742430448532,-0.0006546322256326675,-2.1222978830337524e-05,-0.00012007728219032288
78,1,232,78-1:232:88,all,33.92633056640625,ge32,0.9453125,0.03559929132461548,0.014284350909292698,0.016225138679146767,0.013172771781682968,0.01976860500872135,0.0011115791276097298,0.0030523668974637985,0.0065958332270383835
78,1,232,78-1:232:88,inner_half,33.92633056640625,ge32,1.0,0.045116011053323746,0.010548552498221397,0.013408487662672997,0.009759822860360146,0.018799208104610443,0.0007887296378612518,0.003648664802312851,0.009039385244250298
78,1,232,78-1:232:89,all,35.45637512207031,ge32,0.93359375,0.09260088205337524,0.01349843479692936,0.0221684779971838,0.01814425177872181,0.025250498205423355,-0.00464581698179245,0.00402422621846199,0.007106246426701546
78,1,232,78-1:232:89,inner_half,35.45637512207031,ge32,1.0,0.06993613392114639,0.014500653371214867,0.021475499495863914,0.015652645379304886,0.025314509868621826,-0.0011519920080900192,0.005822854116559029,0.00966186448931694
78,1,232,78-1:232:90,all,32.267822265625,ge32,0.9921875,0.06706780940294266,0.03445012494921684,0.04026668891310692,0.03133848309516907,0.040339045226573944,0.0031116418540477753,0.008928205817937851,0.009000562131404877
78,1,232,78-1:232:90,inner_half,32.267822265625,ge32,1.0,0.09040816128253937,0.03463112935423851,0.04593922942876816,0.027898408472537994,0.04214062914252281,0.006732720881700516,0.018040820956230164,0.014242220669984818
78,1,232,78-1:232:91,all,36.36053466796875,ge32,0.96484375,0.06425832211971283,0.013960813172161579,0.026386257261037827,0.01851052977144718,0.02898278646171093,-0.004549716599285603,0.007875727489590645,0.010472256690263748
78,1,232,78-1:232:91,inner_half,36.36053466796875,ge32,1.0,0.0760573223233223,0.016158856451511383,0.02491161599755287,0.013983926735818386,0.0378115139901638,0.002174929715692997,0.010927689261734486,0.023827587254345417
78,1,232,78-1:232:92,all,49.64702606201172,ge32,0.68359375,0.09452937543392181,0.011693504638969898,0.014232237823307514,0.014175515621900558,0.014783657155930996,-0.0024820109829306602,5.672220140695572e-05,0.0006081415340304375
78,1,232,78-1:232:92,inner_half,49.64702606201172,ge32,0.796875,0.1313421130180359,0.009947245940566063,0.01226726733148098,0.012943390756845474,0.01265083346515894,-0.0029961448162794113,-0.0006761234253644943,-0.0002925572916865349
78,1,232,78-1:232:93,all,32.66552734375,ge32,0.91015625,0.041960228234529495,0.012189156375825405,0.01531006395816803,0.014089027419686317,0.016574013978242874,-0.0018998710438609123,0.0012210365384817123,0.0024849865585565567
78,1,232,78-1:232:93,inner_half,32.66552734375,ge32,1.0,0.021120039746165276,0.008332973346114159,0.008694516494870186,0.008189740590751171,0.011229131370782852,0.00014323275536298752,0.0005047759041190147,0.003039390780031681
78,1,232,78-1:232:94,all,34.7818603515625,ge32,0.89453125,0.0777403712272644,0.015927482396364212,0.020711679011583328,0.01737206056714058,0.024936068803071976,-0.0014445781707763672,0.003339618444442749,0.0075640082359313965
78,1,232,78-1:232:94,inner_half,34.7818603515625,ge32,1.0,0.11608916521072388,0.017645465210080147,0.01844741404056549,0.01599075086414814,0.03189952298998833,0.0016547143459320068,0.0024566631764173508,0.015908772125840187
78,1,232,78-1:232:95,all,36.61083984375,ge32,0.9921875,0.060106586664915085,0.013882319442927837,0.0253446102142334,0.01896214298903942,0.028744054958224297,-0.005079823546111584,0.006382467225193977,0.009781911969184875
78,1,232,78-1:232:95,inner_half,36.61083984375,ge32,1.0,0.06423212587833405,0.009510036557912827,0.01318526640534401,0.008430413901805878,0.04155048727989197,0.0010796226561069489,0.004754852503538132,0.03312007337808609
78,1,232,78-1:232:96,all,38.047607421875,ge32,0.84765625,0.06681841611862183,0.026422487571835518,0.03605631738901138,0.02910446934401989,0.035997938364744186,-0.002681981772184372,0.006951848044991493,0.006893469020724297
78,1,232,78-1:232:96,inner_half,38.047607421875,ge32,0.96875,0.08336813002824783,0.028213951736688614,0.039833229035139084,0.03237371891736984,0.039896607398986816,-0.004159767180681229,0.007459510117769241,0.007522888481616974
78,1,232,78-1:232:97,all,31.991165161132812,16to32,1.0,0.0036835111677646637,0.003564422717317939,0.003582135308533907,0.0035797215532511473,0.003600794356316328,-1.5298835933208466e-05,2.4137552827596664e-06,2.107280306518078e-05
78,1,232,78-1:232:97,inner_half,31.991165161132812,16to32,1.0,0.0019798926077783108,0.001970278564840555,0.001970278564840555,0.0019718343392014503,0.0019707169849425554,-1.5557743608951569e-06,-1.5557743608951569e-06,-1.1173542588949203e-06
78,1,232,78-1:232:98,all,26.4173583984375,16to32,0.890625,0.14073717594146729,0.02714080922305584,0.042439501732587814,0.03344202786684036,0.05371309444308281,-0.006301218643784523,0.008997473865747452,0.020271066576242447
78,1,232,78-1:232:98,inner_half,26.4173583984375,16to32,1.0,0.17667339742183685,0.022309407591819763,0.046375032514333725,0.031187808141112328,0.06522539258003235,-0.008878400549292564,0.015187224373221397,0.03403758443892002
78,1,232,78-1:232:99,all,8.5888671875,lt16,0.9375,0.033496301621198654,0.03296353295445442,0.033050619065761566,0.03310096636414528,0.03297845646739006,-0.00013743340969085693,-5.034729838371277e-05,-0.0001225098967552185
78,1,232,78-1:232:99,inner_half,8.5888671875,lt16,1.0,0.044688187539577484,0.044161707162857056,0.044161707162857056,0.04420363903045654,0.04425988346338272,-4.1931867599487305e-05,-4.1931867599487305e-05,5.624443292617798e-05
78,2,116,78-2:116:0,all,14.50238037109375,lt16,1.0,0.027210863307118416,0.02223127707839012,0.021945539861917496,0.022278565913438797,0.022148756310343742,-4.728883504867554e-05,-0.00033302605152130127,-0.00012980960309505463
78,2,116,78-2:116:0,inner_half,14.50238037109375,lt16,1.0,0.02611425146460533,0.021359194070100784,0.021420948207378387,0.021781452000141144,0.021543335169553757,-0.0004222579300403595,-0.00036050379276275635,-0.00023811683058738708
78,2,116,78-2:116:1,all,21.420135498046875,16to32,1.0,0.08001367747783661,0.026901017874479294,0.041375041007995605,0.029200471937656403,0.04178694635629654,-0.0022994540631771088,0.012174569070339203,0.012586474418640137
78,2,116,78-2:116:1,inner_half,21.420135498046875,16to32,1.0,0.13794481754302979,0.03798174485564232,0.06634442508220673,0.03270631283521652,0.05997161567211151,0.0052754320204257965,0.033638112246990204,0.02726530283689499
78,2,116,78-2:116:2,all,22.0738525390625,16to32,0.98046875,0.05147179216146469,0.01775132492184639,0.01962449960410595,0.018924368545413017,0.03088253177702427,-0.0011730436235666275,0.0007001310586929321,0.011958163231611252
78,2,116,78-2:116:2,inner_half,22.0738525390625,16to32,1.0,0.06865410506725311,0.020060719922184944,0.02480771765112877,0.022952847182750702,0.037218041718006134,-0.0028921272605657578,0.001854870468378067,0.014265194535255432
78,2,116,78-2:116:3,all,18.514007568359375,16to32,1.0,0.04278222844004631,0.027084924280643463,0.027560006827116013,0.02305092103779316,0.03041667491197586,0.004034003242850304,0.004509085789322853,0.007365753874182701
78,2,116,78-2:116:3,inner_half,18.514007568359375,16to32,1.0,0.07162368297576904,0.04630199074745178,0.047307416796684265,0.0321124903857708,0.05272703990340233,0.014189500361680984,0.015194926410913467,0.02061454951763153
78,2,116,78-2:116:4,all,12.1822509765625,lt16,1.0,0.02193135768175125,0.018857628107070923,0.018747352063655853,0.018693137913942337,0.018855594098567963,0.00016449019312858582,5.4214149713516235e-05,0.0001624561846256256
78,2,116,78-2:116:4,inner_half,12.1822509765625,lt16,1.0,0.028771452605724335,0.02399427630007267,0.02399427630007267,0.02399798482656479,0.024412523955106735,-3.7085264921188354e-06,-3.7085264921188354e-06,0.0004145391285419464
78,2,116,78-2:116:5,all,19.8692626953125,16to32,1.0,0.02661309763789177,0.029834240674972534,0.030034609138965607,0.02984549105167389,0.029890473932027817,-1.125037670135498e-05,0.00018911808729171753,4.498288035392761e-05
78,2,116,78-2:116:5,inner_half,19.8692626953125,16to32,1.0,0.03989541530609131,0.05261709913611412,0.05263474956154823,0.05204677954316139,0.052832454442977905,0.0005703195929527283,0.0005879700183868408,0.0007856748998165131
78,2,116,78-2:116:6,all,12.22265625,lt16,1.0,0.012467851862311363,0.012743094004690647,0.012806986458599567,0.012779386714100838,0.01271794643253088,-3.629270941019058e-05,2.7599744498729706e-05,-6.144028156995773e-05
78,2,116,78-2:116:6,inner_half,12.22265625,lt16,1.0,0.016802500933408737,0.0171001385897398,0.01731094717979431,0.017144538462162018,0.017052264884114265,-4.439987242221832e-05,0.0001664087176322937,-9.227357804775238e-05
78,2,116,78-2:116:7,all,17.843048095703125,16to32,1.0,0.04577498883008957,0.04475216567516327,0.04455304890871048,0.044276464730501175,0.0448598638176918,0.0004757009446620941,0.0002765841782093048,0.000583399087190628
78,2,116,78-2:116:7,inner_half,17.843048095703125,16to32,1.0,0.05659499019384384,0.055699706077575684,0.05592212826013565,0.054378654807806015,0.05563661456108093,0.0013210512697696686,0.0015434734523296356,0.0012579597532749176
78,2,116,78-2:116:8,all,17.815994262695312,16to32,1.0,0.00921341311186552,0.008459587581455708,0.008479518815875053,0.008457379415631294,0.008341815322637558,2.2081658244132996e-06,2.2139400243759155e-05,-0.00011556409299373627
78,2,116,78-2:116:8,inner_half,17.815994262695312,16to32,1.0,0.011967698112130165,0.011779307387769222,0.01179115567356348,0.011729242280125618,0.011622471734881401,5.006510764360428e-05,6.19133934378624e-05,-0.00010677054524421692
78,2,116,78-2:116:9,all,12.6544189453125,lt16,1.0,0.017985902726650238,0.014424801804125309,0.014581605792045593,0.01454912219196558,0.014364350587129593,-0.000124320387840271,3.2483600080013275e-05,-0.0001847716048359871
78,2,116,78-2:116:9,inner_half,12.6544189453125,lt16,1.0,0.01985292136669159,0.016750462353229523,0.01678299345076084,0.016762666404247284,0.017075683921575546,-1.220405101776123e-05,2.0327046513557434e-05,0.00031301751732826233
78,2,116,78-2:116:10,all,16.4849853515625,16to32,1.0,0.018689125776290894,0.016362924128770828,0.016480252146720886,0.016321560367941856,0.016440577805042267,4.136376082897186e-05,0.00015869177877902985,0.00011901743710041046
78,2,116,78-2:116:10,inner_half,16.4849853515625,16to32,1.0,0.01742982491850853,0.015947949141263962,0.01593773439526558,0.015779763460159302,0.01603361777961254,0.00016818568110466003,0.00015797093510627747,0.00025385431945323944
78,2,116,78-2:116:11,all,19.173797607421875,16to32,1.0,0.019915027543902397,0.021087191998958588,0.020931387320160866,0.021032430231571198,0.020980753004550934,5.476176738739014e-05,-0.00010104291141033173,-5.167722702026367e-05
78,2,116,78-2:116:11,inner_half,19.173797607421875,16to32,1.0,0.023851562291383743,0.025741778314113617,0.025552568957209587,0.02581629902124405,0.025459937751293182,-7.452070713043213e-05,-0.000263730064034462,-0.0003563612699508667
78,2,116,78-2:116:12,all,18.014617919921875,16to32,1.0,0.07307115942239761,0.03769285976886749,0.04294206202030182,0.03949888423085213,0.0502605177462101,-0.0018060244619846344,0.0034431777894496918,0.010761633515357971
78,2,116,78-2:116:12,inner_half,18.014617919921875,16to32,1.0,0.11282539367675781,0.05947670713067055,0.06746038049459457,0.06068432331085205,0.07550325989723206,-0.0012076161801815033,0.006776057183742523,0.014818936586380005
78,2,116,78-2:116:13,all,11.81005859375,lt16,1.0,0.01916082575917244,0.018175911158323288,0.018107570707798004,0.01803743839263916,0.017996417358517647,0.0001384727656841278,7.0132315158844e-05,-4.102103412151337e-05
78,2,116,78-2:116:13,inner_half,11.81005859375,lt16,1.0,0.022539667785167694,0.02042890526354313,0.02036220394074917,0.02016136422753334,0.019906289875507355,0.0002675410360097885,0.00020083971321582794,-0.0002550743520259857
78,2,116,78-2:116:14,all,19.3583984375,16to32,0.9765625,0.08129695057868958,0.06590847671031952,0.05409776419401169,0.036272082477808,0.05431511998176575,0.02963639423251152,0.01782568171620369,0.01804303750395775
78,2,116,78-2:116:14,inner_half,19.3583984375,16to32,1.0,0.12684392929077148,0.10691496729850769,0.09190772473812103,0.04224009811878204,0.07314939796924591,0.06467486917972565,0.04966762661933899,0.030909299850463867
78,2,116,78-2:116:15,all,14.16259765625,lt16,1.0,0.04820439964532852,0.042466193437576294,0.042347073554992676,0.04252731800079346,0.042423948645591736,-6.112456321716309e-05,-0.00018024444580078125,-0.00010336935520172119
78,2,116,78-2:116:15,inner_half,14.16259765625,lt16,1.0,0.07771624624729156,0.0676429495215416,0.06729544699192047,0.06791884452104568,0.0674942284822464,-0.00027589499950408936,-0.0006233975291252136,-0.0004246160387992859
78,2,116,78-2:116:16,all,11.7578125,lt16,1.0,0.04289892315864563,0.042192600667476654,0.04199278727173805,0.04182805120944977,0.04215064272284508,0.000364549458026886,0.0001647360622882843,0.00032259151339530945
78,2,116,78-2:116:16,inner_half,11.7578125,lt16,1.0,0.06384158134460449,0.06229361891746521,0.06235615164041519,0.06184261664748192,0.062141869217157364,0.0004510022699832916,0.0005135349929332733,0.00029925256967544556
78,2,116,78-2:116:17,all,13.7640380859375,lt16,1.0,0.0606854073703289,0.05006680265069008,0.051419924944639206,0.04985413700342178,0.05118999257683754,0.0002126656472682953,0.0015657879412174225,0.0013358555734157562
78,2,116,78-2:116:17,inner_half,13.7640380859375,lt16,1.0,0.08505216985940933,0.06601827591657639,0.06823710352182388,0.06460696458816528,0.06871180236339569,0.0014113113284111023,0.0036301389336586,0.004104837775230408
78,2,116,78-2:116:18,all,12.7664794921875,lt16,1.0,0.04403175041079521,0.03785243630409241,0.03784452751278877,0.037768371403217316,0.03775651007890701,8.406490087509155e-05,7.615610957145691e-05,-1.1861324310302734e-05
78,2,116,78-2:116:18,inner_half,12.7664794921875,lt16,1.0,0.07301554083824158,0.06199490651488304,0.06206340342760086,0.06187618523836136,0.061656273901462555,0.00011872127652168274,0.00018721818923950195,-0.0002199113368988037
78,2,116,78-2:116:19,all,11.4661865234375,lt16,1.0,0.01778009533882141,0.017160892486572266,0.017367560416460037,0.01708880439400673,0.017249949276447296,7.20880925655365e-05,0.0002787560224533081,0.00016114488244056702
78,2,116,78-2:116:19,inner_half,11.4661865234375,lt16,1.0,0.025052638724446297,0.024744953960180283,0.025035468861460686,0.024029048159718513,0.024564899504184723,0.0007159058004617691,0.0010064207017421722,0.0005358513444662094
78,2,116,78-2:116:20,all,10.91485595703125,lt16,1.0,0.016104700043797493,0.015477697364985943,0.015513541176915169,0.015480265021324158,0.015393977984786034,-2.5676563382148743e-06,3.327615559101105e-05,-8.628703653812408e-05
78,2,116,78-2:116:20,inner_half,10.91485595703125,lt16,1.0,0.017657529562711716,0.016925346106290817,0.016980476677417755,0.01700369454920292,0.01711040735244751,-7.834844291210175e-05,-2.321787178516388e-05,0.00010671280324459076
78,2,116,78-2:116:21,all,8.97625732421875,lt16,1.0,0.01502147689461708,0.015036096796393394,0.014922269620001316,0.015092486515641212,0.01489513274282217,-5.638971924781799e-05,-0.0001702168956398964,-0.0001973537728190422
78,2,116,78-2:116:21,inner_half,8.97625732421875,lt16,1.0,0.019357239827513695,0.01980273611843586,0.019413068890571594,0.01980273611843586,0.01932552456855774,0.0,-0.00038966722786426544,-0.0004772115498781204
78,2,116,78-2:116:22,all,16.87078857421875,16to32,1.0,0.01923741027712822,0.01656825840473175,0.016698770225048065,0.01655135676264763,0.01649666018784046,1.6901642084121704e-05,0.0001474134624004364,-5.469657480716705e-05
78,2,116,78-2:116:22,inner_half,16.87078857421875,16to32,1.0,0.01581011712551117,0.015825577080249786,0.015868302434682846,0.015775013715028763,0.015738213434815407,5.056336522102356e-05,9.328871965408325e-05,-3.680028021335602e-05
78,2,116,78-2:116:23,all,10.8841552734375,lt16,1.0,0.014072248712182045,0.014293670654296875,0.014164580032229424,0.01428213156759739,0.014180117286741734,1.1539086699485779e-05,-0.0001175515353679657,-0.00010201428085565567
78,2,116,78-2:116:23,inner_half,10.8841552734375,lt16,1.0,0.015070358291268349,0.015599491074681282,0.01538187824189663,0.015438186004757881,0.01536380685865879,0.00016130506992340088,-5.630776286125183e-05,-7.437914609909058e-05
78,2,116,78-2:116:24,all,19.68560791015625,16to32,1.0,0.018117263913154602,0.014462972991168499,0.014555998146533966,0.01446513831615448,0.014535227790474892,-2.1653249859809875e-06,9.085983037948608e-05,7.008947432041168e-05
78,2,116,78-2:116:24,inner_half,19.68560791015625,16to32,1.0,0.022023484110832214,0.019269516691565514,0.01931696943938732,0.019297819584608078,0.019344933331012726,-2.8302893042564392e-05,1.914985477924347e-05,4.711374640464783e-05
78,2,116,78-2:116:25,all,14.649169921875,lt16,1.0,0.019986771047115326,0.018444474786520004,0.01855849102139473,0.018473278731107712,0.01831662654876709,-2.880394458770752e-05,8.521229028701782e-05,-0.00015665218234062195
78,2,116,78-2:116:25,inner_half,14.649169921875,lt16,1.0,0.020192086696624756,0.01765860617160797,0.01773352362215519,0.01765860617160797,0.01752758026123047,0.0,7.491745054721832e-05,-0.00013102591037750244
78,2,116,78-2:116:26,all,9.69696044921875,lt16,1.0,0.015134313143789768,0.01649291068315506,0.01633460819721222,0.016219940036535263,0.016652969643473625,0.00027297064661979675,0.00011466816067695618,0.0004330296069383621
78,2,116,78-2:116:26,inner_half,9.69696044921875,lt16,1.0,0.013673689216375351,0.014279432594776154,0.01404157467186451,0.014067784883081913,0.014430327340960503,0.00021164771169424057,-2.6210211217403412e-05,0.00036254245787858963
78,2,116,78-2:116:27,all,9.7139892578125,lt16,1.0,0.01437932439148426,0.014483138918876648,0.01453414186835289,0.014559249393641949,0.014574996195733547,-7.611047476530075e-05,-2.5107525289058685e-05,1.574680209159851e-05
78,2,116,78-2:116:27,inner_half,9.7139892578125,lt16,1.0,0.019215567037463188,0.019048238173127174,0.01913464441895485,0.019178446382284164,0.01906942017376423,-0.00013020820915699005,-4.3801963329315186e-05,-0.00010902620851993561
78,2,116,78-2:116:28,all,12.421966552734375,lt16,1.0,0.011963371187448502,0.010320940054953098,0.010278823785483837,0.010291818529367447,0.010444527491927147,2.9121525585651398e-05,-1.2994743883609772e-05,0.0001527089625597
78,2,116,78-2:116:28,inner_half,12.421966552734375,lt16,1.0,0.015122279524803162,0.013540534302592278,0.013570671901106834,0.013529982417821884,0.013889092020690441,1.0551884770393372e-05,4.0689483284950256e-05,0.000359109602868557
78,2,116,78-2:116:29,all,12.830078125,lt16,1.0,0.011303429491817951,0.011449556797742844,0.011524719186127186,0.01154155470430851,0.011539652943611145,-9.19979065656662e-05,-1.6835518181324005e-05,-1.9017606973648071e-06
78,2,116,78-2:116:29,inner_half,12.830078125,lt16,1.0,0.012413792312145233,0.016954492777585983,0.017101015895605087,0.017101015895605087,0.01701165735721588,-0.000146523118019104,0.0,-8.935853838920593e-05
78,2,116,78-2:116:30,all,19.7215576171875,16to32,1.0,0.01427188329398632,0.013693934306502342,0.013845335692167282,0.013796746730804443,0.0137627637013793,-0.00010281242430210114,4.8588961362838745e-05,-3.3983029425144196e-05
78,2,116,78-2:116:30,inner_half,19.7215576171875,16to32,1.0,0.01888185925781727,0.019548261538147926,0.019572097808122635,0.019580595195293427,0.019679967314004898,-3.233365714550018e-05,-8.497387170791626e-06,9.937211871147156e-05
78,2,116,78-2:116:31,all,9.2462158203125,lt16,1.0,0.014208100736141205,0.014710545539855957,0.014786780811846256,0.014659798704087734,0.014753526076674461,5.074683576822281e-05,0.00012698210775852203,9.372737258672714e-05
78,2,116,78-2:116:31,inner_half,9.2462158203125,lt16,1.0,0.017278768122196198,0.01741865649819374,0.01748003251850605,0.01745416224002838,0.01740124821662903,-3.55057418346405e-05,2.5870278477668762e-05,-5.291402339935303e-05
78,2,116,78-2:116:32,all,11.26318359375,lt16,1.0,0.015529240481555462,0.01546710915863514,0.01558203250169754,0.015404812060296535,0.015317263081669807,6.229709833860397e-05,0.0001772204414010048,-8.754897862672806e-05
78,2,116,78-2:116:32,inner_half,11.26318359375,lt16,1.0,0.014885797165334225,0.01385673601180315,0.014163689687848091,0.013995323330163956,0.013605336658656597,-0.0001385873183608055,0.00016836635768413544,-0.00038998667150735855
78,2,116,78-2:116:33,all,15.99658203125,lt16,1.0,0.018498942255973816,0.01446863915771246,0.014499461278319359,0.014488939195871353,0.014468016102910042,-2.0300038158893585e-05,1.0522082448005676e-05,-2.092309296131134e-05
78,2,116,78-2:116:33,inner_half,15.99658203125,lt16,1.0,0.015941323712468147,0.014054760336875916,0.014054760336875916,0.014054760336875916,0.014087550342082977,0.0,0.0,3.279000520706177e-05
78,2,116,78-2:116:34,all,8.989013671875,lt16,1.0,0.021405305713415146,0.01565387472510338,0.015808019787073135,0.01558760367333889,0.015601870603859425,6.627105176448822e-05,0.0002204161137342453,1.4266930520534515e-05
78,2,116,78-2:116:34,inner_half,8.989013671875,lt16,1.0,0.02334291860461235,0.013766342774033546,0.01384437270462513,0.013903133571147919,0.013803762383759022,-0.00013679079711437225,-5.8760866522789e-05,-9.937118738889694e-05
78,2,116,78-2:116:35,all,8.5491943359375,lt16,1.0,0.016264911741018295,0.013698184862732887,0.013694733381271362,0.013731058686971664,0.013734925538301468,-3.287382423877716e-05,-3.6325305700302124e-05,3.866851329803467e-06
78,2,116,78-2:116:35,inner_half,8.5491943359375,lt16,1.0,0.026306595653295517,0.021099697798490524,0.02115720324218273,0.021352972835302353,0.021239936351776123,-0.0002532750368118286,-0.00019576959311962128,-0.00011303648352622986
78,2,116,78-2:116:36,all,17.22442626953125,16to32,1.0,0.020770274102687836,0.018425440415740013,0.018409479409456253,0.01839487999677658,0.01845163106918335,3.056041896343231e-05,1.4599412679672241e-05,5.67510724067688e-05
78,2,116,78-2:116:36,inner_half,17.22442626953125,16to32,1.0,0.023758772760629654,0.0207115039229393,0.020842451602220535,0.020842451602220535,0.020802993327379227,-0.00013094767928123474,0.0,-3.9458274841308594e-05
78,2,116,78-2:116:37,all,16.4381103515625,16to32,1.0,0.019043613225221634,0.01717514917254448,0.01710454747080803,0.017148200422525406,0.01712423376739025,2.6948750019073486e-05,-4.365295171737671e-05,-2.3966655135154724e-05
78,2,116,78-2:116:37,inner_half,16.4381103515625,16to32,1.0,0.02547561377286911,0.023038756102323532,0.022974548861384392,0.022884313017129898,0.023012883961200714,0.00015444308519363403,9.023584425449371e-05,0.00012857094407081604
78,2,116,78-2:116:38,all,85.7818603515625,ge32,1.0,0.009831446222960949,0.006094740703701973,0.006221996620297432,0.006192990578711033,0.006300076842308044,-9.82498750090599e-05,2.900604158639908e-05,0.00010708626359701157
78,2,116,78-2:116:38,inner_half,85.7818603515625,ge32,1.0,0.009435417130589485,0.004737470299005508,0.004866522271186113,0.00475681945681572,0.00496270414441824,-1.934915781021118e-05,0.00010970281437039375,0.00020588468760252
78,2,116,78-2:116:39,all,66.210205078125,ge32,1.0,0.007642877288162708,0.0077013298869132996,0.007720557972788811,0.007788398768752813,0.007684729527682066,-8.706888183951378e-05,-6.784079596400261e-05,-0.00010366924107074738
78,2,116,78-2:116:39,inner_half,66.210205078125,ge32,1.0,0.010255121625959873,0.010731692425906658,0.010603419505059719,0.010907517746090889,0.010587683878839016,-0.0001758253201842308,-0.0003040982410311699,-0.000319833867251873
78,2,116,78-2:116:40,all,68.29888916015625,ge32,1.0,0.005937518551945686,0.0059494562447071075,0.005774404853582382,0.005784183740615845,0.006237758323550224,0.00016527250409126282,-9.778887033462524e-06,0.0004535745829343796
78,2,116,78-2:116:40,inner_half,68.29888916015625,ge32,1.0,0.0043275924399495125,0.00460504274815321,0.004451037384569645,0.004553641192615032,0.005030612926930189,5.140155553817749e-05,-0.00010260380804538727,0.00047697173431515694
78,2,116,78-2:116:41,all,34.0440673828125,ge32,1.0,0.036733292043209076,0.014301929622888565,0.015780584886670113,0.013709250837564468,0.016478579491376877,0.0005926787853240967,0.0020713340491056442,0.0027693286538124084
78,2,116,78-2:116:41,inner_half,34.0440673828125,ge32,1.0,0.04310167208313942,0.015107600018382072,0.01826433464884758,0.01403672993183136,0.018648575991392136,0.0010708700865507126,0.00422760471701622,0.004611846059560776
78,2,116,78-2:116:42,all,61.54840087890625,ge32,1.0,0.007506759837269783,0.0076231458224356174,0.007582815829664469,0.007651420310139656,0.0075914268381893635,-2.827448770403862e-05,-6.86044804751873e-05,-5.999347195029259e-05
78,2,116,78-2:116:42,inner_half,61.54840087890625,ge32,1.0,0.006972308736294508,0.007785153575241566,0.007779190316796303,0.007716319989413023,0.007667591329663992,6.883358582854271e-05,6.28703273832798e-05,-4.872865974903107e-05
78,2,116,78-2:116:43,all,38.0863037109375,ge32,1.0,0.015088009648025036,0.015121559612452984,0.01514957845211029,0.0150807099416852,0.01517429668456316,4.084967076778412e-05,6.886851042509079e-05,9.35867428779602e-05
78,2,116,78-2:116:43,inner_half,38.0863037109375,ge32,1.0,0.004555814899504185,0.007773623801767826,0.007757986895740032,0.007766083814203739,0.007812358904629946,7.539987564086914e-06,-8.09691846370697e-06,4.627509042620659e-05
78,2,116,78-2:116:44,all,34.62078857421875,ge32,0.9453125,0.037048641592264175,0.010545783676207066,0.011613898910582066,0.012133175507187843,0.013518370687961578,-0.0015873918309807777,-0.0005192765966057777,0.001385195180773735
78,2,116,78-2:116:44,inner_half,34.62078857421875,ge32,1.0,0.019659344106912613,0.005790959112346172,0.006283847615122795,0.006142508238554001,0.0061576468870043755,-0.0003515491262078285,0.00014133937656879425,1.5138648450374603e-05
78,2,116,78-2:116:45,all,34.46771240234375,ge32,1.0,0.01114949956536293,0.00941086933016777,0.009312399663031101,0.009377643465995789,0.009313162416219711,3.322586417198181e-05,-6.524380296468735e-05,-6.448104977607727e-05
78,2,116,78-2:116:45,inner_half,34.46771240234375,ge32,1.0,0.00363637856207788,0.003458519699051976,0.0034377556294202805,0.003455566242337227,0.0033829612657427788,2.9534567147493362e-06,-1.781061291694641e-05,-7.260497659444809e-05
78,2,116,78-2:116:46,all,39.06695556640625,ge32,0.90234375,0.07781733572483063,0.016964677721261978,0.02854514680802822,0.02044440433382988,0.021908793598413467,-0.0034797266125679016,0.008100742474198341,0.0014643892645835876
78,2,116,78-2:116:46,inner_half,39.06695556640625,ge32,1.0,0.09340395033359528,0.018984666094183922,0.0338338240981102,0.018659323453903198,0.0200718492269516,0.00032534264028072357,0.015174500644207,0.0014125257730484009
78,2,116,78-2:116:47,all,35.92108154296875,ge32,1.0,0.01780283823609352,0.014012075960636139,0.014362399466335773,0.014294235035777092,0.013963289558887482,-0.00028215907514095306,6.816443055868149e-05,-0.0003309454768896103
78,2,116,78-2:116:47,inner_half,35.92108154296875,ge32,1.0,0.016697583720088005,0.011390135623514652,0.011392508633434772,0.011395959183573723,0.011502154171466827,-5.823560059070587e-06,-3.450550138950348e-06,0.00010619498789310455
78,2,116,78-2:116:48,all,34.17889404296875,ge32,1.0,0.011655163019895554,0.011879326775670052,0.011892011389136314,0.011844929307699203,0.011985957622528076,3.4397467970848083e-05,4.70820814371109e-05,0.00014102831482887268
78,2,116,78-2:116:48,inner_half,34.17889404296875,ge32,1.0,0.00564724812284112,0.005978674162179232,0.005965887568891048,0.005976419895887375,0.006146141327917576,2.2542662918567657e-06,-1.0532326996326447e-05,0.00016972143203020096
78,2,116,78-2:116:49,all,29.71807861328125,16to32,1.0,0.013549845665693283,0.01131495088338852,0.011332454159855843,0.01129526924341917,0.011510293930768967,1.9681639969348907e-05,3.718491643667221e-05,0.0002150246873497963
78,2,116,78-2:116:49,inner_half,29.71807861328125,16to32,1.0,0.005007597617805004,0.0045959679409861565,0.004563336726278067,0.004533875267952681,0.004626964218914509,6.209267303347588e-05,2.9461458325386047e-05,9.308895096182823e-05
78,2,116,78-2:116:50,all,34.66650390625,ge32,1.0,0.011516835540533066,0.006838561035692692,0.006842665374279022,0.006853699684143066,0.0068289912305772305,-1.5138648450374603e-05,-1.103430986404419e-05,-2.4708453565835953e-05
78,2,116,78-2:116:50,inner_half,34.66650390625,ge32,1.0,0.014936121180653572,0.0085891829803586,0.008599037304520607,0.008639687672257423,0.008664499968290329,-5.0504691898822784e-05,-4.0650367736816406e-05,2.481229603290558e-05
78,2,116,78-2:116:51,all,30.37957763671875,16to32,1.0,0.014692540280520916,0.013958405703306198,0.013807300478219986,0.01381375826895237,0.013885787688195705,0.00014464743435382843,-6.457790732383728e-06,7.202941924333572e-05
78,2,116,78-2:116:51,inner_half,30.37957763671875,16to32,1.0,0.010614752769470215,0.01031019352376461,0.010299203917384148,0.010223008692264557,0.010291784070432186,8.71848315000534e-05,7.619522511959076e-05,6.877537816762924e-05
78,2,116,78-2:116:52,all,36.69073486328125,ge32,0.94921875,0.10148771107196808,0.02937992662191391,0.042426351457834244,0.03081916645169258,0.045880526304244995,-0.0014392398297786713,0.011607185006141663,0.015061359852552414
78,2,116,78-2:116:52,inner_half,36.69073486328125,ge32,1.0,0.10467071086168289,0.0302177332341671,0.04840313643217087,0.028551969677209854,0.04025188833475113,0.0016657635569572449,0.019851166754961014,0.011699918657541275
78,2,116,78-2:116:53,all,31.69580078125,16to32,1.0,0.061505027115345,0.028778312727808952,0.035837072879076004,0.0337371863424778,0.03555739298462868,-0.004958873614668846,0.0020998865365982056,0.001820206642150879
78,2,116,78-2:116:53,inner_half,31.69580078125,16to32,1.0,0.032785072922706604,0.015255732461810112,0.021450702100992203,0.015524348244071007,0.017121415585279465,-0.0002686157822608948,0.005926353856921196,0.001597067341208458
78,2,116,78-2:116:54,all,42.042236328125,ge32,1.0,0.03516656160354614,0.01583547703921795,0.020584380254149437,0.014817662537097931,0.022691266611218452,0.001017814502120018,0.005766717717051506,0.007873604074120522
78,2,116,78-2:116:54,inner_half,42.042236328125,ge32,1.0,0.051256246864795685,0.020614542067050934,0.029195763170719147,0.01933468133211136,0.029415853321552277,0.0012798607349395752,0.009861081838607788,0.010081171989440918
78,2,116,78-2:116:55,all,46.6990966796875,ge32,0.9921875,0.03861355036497116,0.02219582349061966,0.023338470607995987,0.01840251311659813,0.024271653965115547,0.00379331037402153,0.004935957491397858,0.005869140848517418
78,2,116,78-2:116:55,inner_half,46.6990966796875,ge32,0.984375,0.03965812176465988,0.020585237070918083,0.02299235202372074,0.014794412069022655,0.023120980709791183,0.005790825001895428,0.008197939954698086,0.008326568640768528
78,2,116,78-2:116:56,all,27.212738037109375,16to32,1.0,0.012139998376369476,0.011424576863646507,0.011219939216971397,0.011210400611162186,0.011374477297067642,0.0002141762524843216,9.538605809211731e-06,0.00016407668590545654
78,2,116,78-2:116:56,inner_half,27.212738037109375,16to32,1.0,0.01565338484942913,0.01498878002166748,0.01498878002166748,0.015001466497778893,0.014931036159396172,-1.2686476111412048e-05,-1.2686476111412048e-05,-7.043033838272095e-05
78,2,116,78-2:116:57,all,30.7235107421875,16to32,1.0,0.019545195624232292,0.018780037760734558,0.018619071692228317,0.01873726397752762,0.019011083990335464,4.27737832069397e-05,-0.00011819228529930115,0.00027382001280784607
78,2,116,78-2:116:57,inner_half,30.7235107421875,16to32,1.0,0.012267791666090488,0.014599211513996124,0.014707180671393871,0.014632981270551682,0.014963269233703613,-3.376975655555725e-05,7.419940084218979e-05,0.00033028796315193176
78,2,116,78-2:116:58,all,46.802490234375,ge32,0.9921875,0.05909590423107147,0.013484001159667969,0.029277637600898743,0.015624522231519222,0.028447149321436882,-0.0021405210718512535,0.01365311536937952,0.01282262708991766
78,2,116,78-2:116:58,inner_half,46.802490234375,ge32,1.0,0.07995232939720154,0.020190447568893433,0.04277287796139717,0.016098957508802414,0.051826342940330505,0.004091490060091019,0.026673920452594757,0.03572738543152809
78,2,116,78-2:116:59,all,56.615081787109375,ge32,1.0,0.016405785456299782,0.009798283688724041,0.009998297318816185,0.008324742317199707,0.01148182712495327,0.001473541371524334,0.001673555001616478,0.003157084807753563
78,2,116,78-2:116:59,inner_half,56.615081787109375,ge32,1.0,0.013770349323749542,0.007966223172843456,0.008685482665896416,0.0073881675489246845,0.010335723869502544,0.0005780556239187717,0.0012973151169717312,0.00294755632057786
78,2,116,78-2:116:60,all,25.296844482421875,16to32,0.94140625,0.052736084908246994,0.01881551928818226,0.023103760555386543,0.02054482139647007,0.02191889099776745,-0.0017293021082878113,0.0025589391589164734,0.0013740696012973785
78,2,116,78-2:116:60,inner_half,25.296844482421875,16to32,1.0,0.04522786661982536,0.01567327044904232,0.016026735305786133,0.01565655507147312,0.019259925931692123,1.671537756919861e-05,0.00037018023431301117,0.0036033708602190018
78,2,116,78-2:116:61,all,37.59986877441406,ge32,0.9609375,0.026814930140972137,0.026030665263533592,0.021421030163764954,0.01619281806051731,0.0256610456854105,0.009837847203016281,0.0052282121032476425,0.009468227624893188
78,2,116,78-2:116:61,inner_half,37.59986877441406,ge32,1.0,0.03177322819828987,0.030330345034599304,0.020529314875602722,0.013459848240017891,0.021600401028990746,0.016870496794581413,0.007069466635584831,0.008140552788972855
78,2,116,78-2:116:62,all,29.529632568359375,16to32,0.85546875,0.0786069855093956,0.014325028285384178,0.019281504675745964,0.015400974079966545,0.02517450600862503,-0.001075945794582367,0.003880530595779419,0.009773531928658485
78,2,116,78-2:116:62,inner_half,29.529632568359375,16to32,1.0,0.08151818811893463,0.01441203709691763,0.019847575575113297,0.014491301029920578,0.025475848466157913,-7.926393300294876e-05,0.0053562745451927185,0.010984547436237335
78,2,116,78-2:116:63,all,33.77313232421875,ge32,1.0,0.012293756008148193,0.012396404519677162,0.012360715307295322,0.012420658022165298,0.012409394606947899,-2.425350248813629e-05,-5.9942714869976044e-05,-1.1263415217399597e-05
78,2,116,78-2:116:63,inner_half,33.77313232421875,ge32,1.0,0.01075682695955038,0.011010721325874329,0.01099480502307415,0.01096360944211483,0.01103898510336876,4.7111883759498596e-05,3.119558095932007e-05,7.537566125392914e-05
78,2,116,78-2:116:64,all,37.130340576171875,ge32,0.984375,0.060549523681402206,0.022356480360031128,0.029246224090456963,0.024472445249557495,0.028048481792211533,-0.002115964889526367,0.0047737788408994675,0.0035760365426540375
78,2,116,78-2:116:64,inner_half,37.130340576171875,ge32,1.0,0.035188402980566025,0.020735956728458405,0.02195795252919197,0.022369004786014557,0.021718677133321762,-0.0016330480575561523,-0.00041105225682258606,-0.0006503276526927948
78,2,116,78-2:116:65,all,32.353302001953125,ge32,0.92578125,0.07202483713626862,0.01996055245399475,0.03112098015844822,0.02031351625919342,0.0315522626042366,-0.00035296380519866943,0.010807463899254799,0.011238746345043182
78,2,116,78-2:116:65,inner_half,32.353302001953125,ge32,1.0,0.07676086574792862,0.02065928280353546,0.03538481146097183,0.022997982800006866,0.03903772681951523,-0.002338699996471405,0.012386828660964966,0.016039744019508362
78,2,116,78-2:116:66,all,29.286895751953125,16to32,1.0,0.007317317184060812,0.006949940230697393,0.006998862139880657,0.00700630247592926,0.0068825772032141685,-5.6362245231866837e-05,-7.440336048603058e-06,-0.0001237252727150917
78,2,116,78-2:116:66,inner_half,29.286895751953125,16to32,1.0,0.008017824962735176,0.008042019791901112,0.008021494373679161,0.007923141121864319,0.008043713867664337,0.00011887867003679276,9.835325181484222e-05,0.00012057274580001831
78,2,116,78-2:116:67,all,33.25982666015625,ge32,0.9921875,0.01417046319693327,0.013917004689574242,0.017126142978668213,0.012385531328618526,0.017065389081835747,0.0015314733609557152,0.004740611650049686,0.00467985775321722
78,2,116,78-2:116:67,inner_half,33.25982666015625,ge32,1.0,0.008629433810710907,0.008043774403631687,0.012713904492557049,0.009098186157643795,0.01334958802908659,-0.0010544117540121078,0.003615718334913254,0.004251401871442795
78,2,116,78-2:116:68,all,26.002349853515625,16to32,1.0,0.029286449775099754,0.0078420490026474,0.010750648565590382,0.00917895883321762,0.01374577172100544,-0.001336909830570221,0.0015716897323727608,0.004566812887787819
78,2,116,78-2:116:68,inner_half,26.002349853515625,16to32,1.0,0.02565680630505085,0.005512570030987263,0.007370932027697563,0.005908363498747349,0.010346178896725178,-0.00039579346776008606,0.0014625685289502144,0.004437815397977829
78,2,116,78-2:116:69,all,39.208160400390625,ge32,0.99609375,0.051060765981674194,0.018886499106884003,0.029675710946321487,0.01971777155995369,0.030207080766558647,-0.0008312724530696869,0.009957939386367798,0.010489309206604958
78,2,116,78-2:116:69,inner_half,39.208160400390625,ge32,1.0,0.06001655012369156,0.02838585525751114,0.03969040513038635,0.023699253797531128,0.03894244134426117,0.004686601459980011,0.015991151332855225,0.015243187546730042
78,2,116,78-2:116:70,all,27.485015869140625,16to32,0.984375,0.05281051620841026,0.010248596780002117,0.014288256876170635,0.011184396222233772,0.01438610628247261,-0.0009357994422316551,0.003103860653936863,0.003201710060238838
78,2,116,78-2:116:70,inner_half,27.485015869140625,16to32,1.0,0.06266942620277405,0.013585766777396202,0.01844947226345539,0.013330397196114063,0.01993250660598278,0.0002553695812821388,0.005119075067341328,0.006602109409868717
78,2,116,78-2:116:71,all,26.452880859375,16to32,1.0,0.03180697187781334,0.011315548792481422,0.013143138028681278,0.012933410704135895,0.01577330008149147,-0.0016178619116544724,0.00020972732454538345,0.0028398893773555756
78,2,116,78-2:116:71,inner_half,26.452880859375,16to32,1.0,0.0416594073176384,0.012729479931294918,0.013600708916783333,0.013243156485259533,0.020977485924959183,-0.0005136765539646149,0.0003575524315237999,0.00773432943969965
78,2,116,78-2:116:72,all,30.456390380859375,16to32,1.0,0.05817759782075882,0.027159087359905243,0.0318928062915802,0.028582047671079636,0.03436397388577461,-0.0014229603111743927,0.0033107586205005646,0.005781926214694977
78,2,116,78-2:116:72,inner_half,30.456390380859375,16to32,1.0,0.06675155460834503,0.02489021234214306,0.030764391645789146,0.025371160358190536,0.03658171743154526,-0.0004809480160474777,0.00539323128759861,0.011210557073354721
78,2,116,78-2:116:73,all,26.011077880859375,16to32,0.9609375,0.060720041394233704,0.01676538772881031,0.024577511474490166,0.024775583297014236,0.030069654807448387,-0.008010195568203926,-0.00019807182252407074,0.005294071510434151
78,2,116,78-2:116:73,inner_half,26.011077880859375,16to32,1.0,0.0611625537276268,0.017600426450371742,0.02657051756978035,0.018851347267627716,0.030228162184357643,-0.0012509208172559738,0.007719170302152634,0.011376814916729927
78,2,116,78-2:116:74,all,27.267669677734375,16to32,0.99609375,0.03436362370848656,0.010184879414737225,0.009315483272075653,0.011452927254140377,0.011456040665507317,-0.0012680478394031525,-0.002137443982064724,3.1134113669395447e-06
78,2,116,78-2:116:74,inner_half,27.267669677734375,16to32,1.0,0.0452410951256752,0.010991194285452366,0.008909355849027634,0.011944420635700226,0.014134205877780914,-0.00095322635024786,-0.003035064786672592,0.0021897852420806885
78,2,116,78-2:116:75,all,26.315093994140625,16to32,1.0,0.057018984109163284,0.013714276254177094,0.01739949733018875,0.01651417836546898,0.020100802183151245,-0.0027999021112918854,0.0008853189647197723,0.0035866238176822662
78,2,116,78-2:116:75,inner_half,26.315093994140625,16to32,1.0,0.07439449429512024,0.014165835455060005,0.02097335457801819,0.012994924560189247,0.018339108675718307,0.001170910894870758,0.007978430017828941,0.00534418411552906
78,2,116,78-2:116:76,all,26.113327026367188,16to32,1.0,0.010454105213284492,0.009631766006350517,0.01179454941302538,0.009514902718365192,0.012330139055848122,0.00011686328798532486,0.0022796466946601868,0.0028152363374829292
78,2,116,78-2:116:76,inner_half,26.113327026367188,16to32,1.0,0.010917355306446552,0.009633103385567665,0.011127466335892677,0.009542368352413177,0.011062363162636757,9.073503315448761e-05,0.0015850979834794998,0.0015199948102235794
78,2,116,78-2:116:77,all,34.4495849609375,ge32,1.0,0.039814695715904236,0.012609904631972313,0.020405104383826256,0.017510641366243362,0.01952718198299408,-0.0049007367342710495,0.0028944630175828934,0.002016540616750717
78,2,116,78-2:116:77,inner_half,34.4495849609375,ge32,1.0,0.02541244961321354,0.009509041905403137,0.01436133123934269,0.009436575695872307,0.014973601326346397,7.246620953083038e-05,0.004924755543470383,0.005537025630474091
78,2,116,78-2:116:78,all,37.167694091796875,ge32,1.0,0.06527978181838989,0.024855639785528183,0.03532085567712784,0.023518595844507217,0.04146873950958252,0.0013370439410209656,0.01180225983262062,0.017950143665075302
78,2,116,78-2:116:78,inner_half,37.167694091796875,ge32,1.0,0.07147987186908722,0.025931324809789658,0.03957926481962204,0.020287247374653816,0.049681954085826874,0.005644077435135841,0.019292017444968224,0.029394706711173058
78,2,116,78-2:116:79,all,29.551925659179688,16to32,1.0,0.006363552995026112,0.0061432672664523125,0.00619994942098856,0.006226992234587669,0.006186221726238728,-8.37249681353569e-05,-2.704281359910965e-05,-4.07705083489418e-05
78,2,116,78-2:116:79,inner_half,29.551925659179688,16to32,1.0,0.006443774793297052,0.007648240774869919,0.007826339453458786,0.007790538482367992,0.007856480777263641,-0.00014229770749807358,3.580097109079361e-05,6.594229489564896e-05
78,2,116,78-2:116:80,all,27.877288818359375,16to32,1.0,0.06770409643650055,0.028295928612351418,0.032786108553409576,0.030176976695656776,0.039422906935214996,-0.0018810480833053589,0.0026091318577528,0.00924593023955822
78,2,116,78-2:116:80,inner_half,27.877288818359375,16to32,1.0,0.08852586895227432,0.021152053028345108,0.026041608303785324,0.020232360810041428,0.04516398161649704,0.0009196922183036804,0.0058092474937438965,0.024931620806455612
78,2,116,78-2:116:81,all,23.2120361328125,16to32,1.0,0.012248210608959198,0.012004438787698746,0.012028055265545845,0.012106368318200111,0.0120187196880579,-0.00010192953050136566,-7.831305265426636e-05,-8.764863014221191e-05
78,2,116,78-2:116:81,inner_half,23.2120361328125,16to32,1.0,0.010139476507902145,0.010006953030824661,0.010011740028858185,0.010020177811384201,0.009969454258680344,-1.3224780559539795e-05,-8.437782526016235e-06,-5.072355270385742e-05
78,2,116,78-2:116:82,all,24.3275146484375,16to32,1.0,0.03789719194173813,0.018465667963027954,0.016697516664862633,0.013893586583435535,0.024281280115246773,0.004572081379592419,0.0028039300814270973,0.010387693531811237
78,2,116,78-2:116:82,inner_half,24.3275146484375,16to32,1.0,0.03777611628174782,0.0109791848808527,0.01019488275051117,0.011898204684257507,0.01864554174244404,-0.000919019803404808,-0.0017033219337463379,0.006747337058186531
78,2,116,78-2:116:83,all,24.080307006835938,16to32,1.0,0.037816911935806274,0.01191808097064495,0.014878157526254654,0.015128306113183498,0.016310205683112144,-0.0032102251425385475,-0.00025014858692884445,0.001181899569928646
78,2,116,78-2:116:83,inner_half,24.080307006835938,16to32,1.0,0.030411701649427414,0.009256222285330296,0.01108296774327755,0.008844854310154915,0.012906644493341446,0.0004113679751753807,0.002238113433122635,0.004061790183186531
78,2,116,78-2:116:84,all,21.78753662109375,16to32,1.0,0.017142832279205322,0.017004452645778656,0.017030462622642517,0.01707311160862446,0.01700955256819725,-6.865896284580231e-05,-4.264898598194122e-05,-6.355904042720795e-05
78,2,116,78-2:116:84,inner_half,21.78753662109375,16to32,1.0,0.012639948166906834,0.012814797461032867,0.012716962024569511,0.012737706303596497,0.01285732164978981,7.709115743637085e-05,-2.074427902698517e-05,0.0001196153461933136
78,2,116,78-2:116:85,all,20.8428955078125,16to32,1.0,0.010177278891205788,0.009943285025656223,0.009951009415090084,0.009961900301277637,0.009953683242201805,-1.8615275621414185e-05,-1.0890886187553406e-05,-8.217059075832367e-06
78,2,116,78-2:116:85,inner_half,20.8428955078125,16to32,1.0,0.0052861846052110195,0.005221580155193806,0.005212664604187012,0.0052111889235675335,0.005272284150123596,1.0391231626272202e-05,1.4756806194782257e-06,6.10952265560627e-05
78,2,116,78-2:116:86,all,21.46728515625,16to32,1.0,0.014670983888208866,0.014745887368917465,0.014684617519378662,0.014792939648032188,0.01490012463182211,-4.7052279114723206e-05,-0.0001083221286535263,0.00010718498378992081
78,2,116,78-2:116:86,inner_half,21.46728515625,16to32,1.0,0.009301556274294853,0.009480992332100868,0.00952238030731678,0.00944766029715538,0.009463498368859291,3.3332034945487976e-05,7.472001016139984e-05,1.5838071703910828e-05
78,2,116,78-2:116:87,all,22.637939453125,16to32,1.0,0.015549111180007458,0.015646232292056084,0.015702364966273308,0.015623410232365131,0.015695329755544662,2.28220596909523e-05,7.895473390817642e-05,7.19195231795311e-05
78,2,116,78-2:116:87,inner_half,22.637939453125,16to32,1.0,0.015559837222099304,0.015922553837299347,0.016091477125883102,0.01610570028424263,0.016403615474700928,-0.00018314644694328308,-1.4223158359527588e-05,0.00029791519045829773
78,2,116,78-2:116:88,all,20.6856689453125,16to32,1.0,0.015646856278181076,0.01596912555396557,0.015924591571092606,0.01598755642771721,0.015816200524568558,-1.843087375164032e-05,-6.296485662460327e-05,-0.00017135590314865112
78,2,116,78-2:116:88,inner_half,20.6856689453125,16to32,1.0,0.015130036510527134,0.0160062313079834,0.016023244708776474,0.01608230546116829,0.01580685004591942,-7.607415318489075e-05,-5.9060752391815186e-05,-0.00027545541524887085
78,2,116,78-2:116:89,all,28.73944091796875,16to32,1.0,0.07686817646026611,0.07196095585823059,0.07198463380336761,0.07231098413467407,0.07205277681350708,-0.00035002827644348145,-0.0003263503313064575,-0.0002582073211669922
78,2,116,78-2:116:89,inner_half,28.73944091796875,16to32,1.0,0.06685750931501389,0.06050610542297363,0.060989417135715485,0.061149924993515015,0.06112489104270935,-0.0006438195705413818,-0.00016050785779953003,-2.5033950805664062e-05
78,2,116,78-2:116:90,all,28.93072509765625,16to32,1.0,0.04601135849952698,0.041198257356882095,0.04120299965143204,0.04109451547265053,0.04143080115318298,0.00010374188423156738,0.0001084841787815094,0.00033628568053245544
78,2,116,78-2:116:90,inner_half,28.93072509765625,16to32,1.0,0.051813602447509766,0.04584033042192459,0.04605938121676445,0.04575949162244797,0.04640979319810867,8.083879947662354e-05,0.00029988959431648254,0.0006503015756607056
78,2,116,78-2:116:91,all,21.88470458984375,16to32,1.0,0.01716282218694687,0.01726384460926056,0.017417993396520615,0.017432717606425285,0.0174032524228096,-0.00016887299716472626,-1.4724209904670715e-05,-2.946518361568451e-05
78,2,116,78-2:116:91,inner_half,21.88470458984375,16to32,1.0,0.014821534976363182,0.01664848066866398,0.01664848066866398,0.01664668507874012,0.016648098826408386,1.7955899238586426e-06,1.7955899238586426e-06,1.4137476682662964e-06
78,2,116,78-2:116:92,all,22.669967651367188,16to32,1.0,0.04440857097506523,0.010173434391617775,0.015869490802288055,0.012627934105694294,0.017004571855068207,-0.002454499714076519,0.0032415566965937614,0.004376637749373913
78,2,116,78-2:116:92,inner_half,22.669967651367188,16to32,1.0,0.04760389029979706,0.011400789022445679,0.018186721950769424,0.011529043316841125,0.014557761140167713,-0.00012825429439544678,0.006657678633928299,0.0030287178233265877
78,2,116,78-2:116:93,all,20.97418212890625,16to32,1.0,0.01562688872218132,0.015329286456108093,0.015325809828937054,0.015288730151951313,0.015289688482880592,4.055630415678024e-05,3.707967698574066e-05,9.583309292793274e-07
78,2,116,78-2:116:93,inner_half,20.97418212890625,16to32,1.0,0.016035787761211395,0.015850286930799484,0.01582762971520424,0.015601755119860172,0.015674062073230743,0.000248531810939312,0.00022587459534406662,7.230695337057114e-05
78,2,116,78-2:116:94,all,24.927215576171875,16to32,1.0,0.01585012674331665,0.015571435913443565,0.015555713325738907,0.01553179882466793,0.01540246233344078,3.9637088775634766e-05,2.3914501070976257e-05,-0.00012933649122714996
78,2,116,78-2:116:94,inner_half,24.927215576171875,16to32,1.0,0.017320558428764343,0.01775434985756874,0.017766915261745453,0.01775841973721981,0.01760704815387726,-4.069879651069641e-06,8.495524525642395e-06,-0.00015137158334255219
78,2,116,78-2:116:95,all,22.25128173828125,16to32,1.0,0.01490772981196642,0.014805315062403679,0.014859135262668133,0.015012804418802261,0.014973631128668785,-0.00020748935639858246,-0.00015366915613412857,-3.917329013347626e-05
78,2,116,78-2:116:95,inner_half,22.25128173828125,16to32,1.0,0.011910852044820786,0.011885659769177437,0.011885659769177437,0.01189541257917881,0.012155810371041298,-9.752810001373291e-06,-9.752810001373291e-06,0.0002603977918624878
78,2,116,78-2:116:96,all,26.820556640625,16to32,1.0,0.007175281643867493,0.008084305562078953,0.008106296882033348,0.00825180858373642,0.008229064755141735,-0.0001675030216574669,-0.0001455117017030716,-2.27438285946846e-05
78,2,116,78-2:116:96,inner_half,26.820556640625,16to32,1.0,0.007239151746034622,0.007299445569515228,0.007497649639844894,0.007420179434120655,0.007528068497776985,-0.00012073386460542679,7.747020572423935e-05,0.00010788906365633011
78,2,116,78-2:116:97,all,23.5635986328125,16to32,1.0,0.0580378994345665,0.03927944600582123,0.04122123867273331,0.038570284843444824,0.04112093150615692,0.0007091611623764038,0.0026509538292884827,0.002550646662712097
78,2,116,78-2:116:97,inner_half,23.5635986328125,16to32,1.0,0.0699603483080864,0.04027264565229416,0.043509386479854584,0.03772849962115288,0.041423797607421875,0.002544146031141281,0.005780886858701706,0.003695297986268997
78,2,116,78-2:116:98,all,11.77880859375,lt16,0.9375,0.0481734499335289,0.049563005566596985,0.04954684153199196,0.0494871623814106,0.049589432775974274,7.584318518638611e-05,5.967915058135986e-05,0.00010227039456367493
78,2,116,78-2:116:98,inner_half,11.77880859375,lt16,1.0,0.08767909556627274,0.08946219831705093,0.08952592313289642,0.08950133621692657,0.08944030106067657,-3.913789987564087e-05,2.4586915969848633e-05,-6.103515625e-05
78,2,116,78-2:116:99,all,11.078857421875,lt16,0.49609375,0.05805367976427078,0.03414444625377655,0.0341830812394619,0.027972498908638954,0.035973235964775085,0.006171947345137596,0.006210582330822945,0.008000737056136131
78,2,116,78-2:116:99,inner_half,11.078857421875,lt16,0.265625,0.10804657638072968,0.08136458694934845,0.08782576024532318,0.04805401340126991,0.08426274359226227,0.03331057354807854,0.03977174684405327,0.036208730190992355
78,2,232,78-2:232:0,all,16.4534912109375,16to32,0.94140625,0.08880070596933365,0.03125251829624176,0.042512133717536926,0.022938843816518784,0.04581877216696739,0.008313674479722977,0.019573289901018143,0.02287992835044861
78,2,232,78-2:232:0,inner_half,16.4534912109375,16to32,1.0,0.11212597787380219,0.03679586201906204,0.0550871416926384,0.022123510017991066,0.06240013241767883,0.014672352001070976,0.03296363167464733,0.04027662239968777
78,2,232,78-2:232:1,all,13.8115234375,lt16,1.0,0.007586545776575804,0.00817687064409256,0.007963472977280617,0.008010884746909142,0.008120562881231308,0.00016598589718341827,-4.741176962852478e-05,0.00010967813432216644
78,2,232,78-2:232:1,inner_half,13.8115234375,lt16,1.0,0.007940315641462803,0.0068809958174824715,0.0068564023822546005,0.0068608298897743225,0.006890150718390942,2.0165927708148956e-05,-4.427507519721985e-06,2.932082861661911e-05
78,2,232,78-2:232:2,all,20.993133544921875,16to32,1.0,0.02345791459083557,0.017808876931667328,0.01770925149321556,0.017751049250364304,0.01768425852060318,5.782768130302429e-05,-4.1797757148742676e-05,-6.679072976112366e-05
78,2,232,78-2:232:2,inner_half,20.993133544921875,16to32,1.0,0.03861818462610245,0.02830503322184086,0.028073837980628014,0.02802881971001625,0.0280472282320261,0.00027621351182460785,4.5018270611763e-05,1.840852200984955e-05
78,2,232,78-2:232:3,all,19.108413696289062,16to32,1.0,0.018906448036432266,0.016782136633992195,0.016748756170272827,0.016795724630355835,0.016761410981416702,-1.3587996363639832e-05,-4.696846008300781e-05,-3.431364893913269e-05
78,2,232,78-2:232:3,inner_half,19.108413696289062,16to32,1.0,0.028870584443211555,0.02568766102194786,0.02555529959499836,0.025828521698713303,0.025283094495534897,-0.0001408606767654419,-0.00027322210371494293,-0.0005454272031784058
78,2,232,78-2:232:4,all,11.8367919921875,lt16,1.0,0.017069686204195023,0.012523720972239971,0.012449984438717365,0.012401560321450233,0.01248666550964117,0.0001221606507897377,4.8424117267131805e-05,8.510518819093704e-05
78,2,232,78-2:232:4,inner_half,11.8367919921875,lt16,1.0,0.021258266642689705,0.015242012217640877,0.015242012217640877,0.015123831108212471,0.015506300143897533,0.00011818110942840576,0.00011818110942840576,0.0003824690356850624
78,2,232,78-2:232:5,all,13.4085693359375,lt16,1.0,0.058990079909563065,0.050548702478408813,0.05037473514676094,0.044637810438871384,0.048364169895648956,0.00591089203953743,0.005736924707889557,0.0037263594567775726
78,2,232,78-2:232:5,inner_half,13.4085693359375,lt16,1.0,0.09561432898044586,0.07936029881238937,0.07908109575510025,0.060318030416965485,0.075335294008255,0.01904226839542389,0.018763065338134766,0.01501726359128952
78,2,232,78-2:232:6,all,11.9285888671875,lt16,1.0,0.0019971018191426992,0.00410405034199357,0.004327950533479452,0.004313599318265915,0.004538232926279306,-0.0002095489762723446,1.4351215213537216e-05,0.0002246336080133915
78,2,232,78-2:232:6,inner_half,11.9285888671875,lt16,1.0,0.0017840195214375854,0.004699006676673889,0.0053586652502417564,0.005006036721169949,0.0053166598081588745,-0.0003070300444960594,0.00035262852907180786,0.00031062308698892593
78,2,232,78-2:232:7,all,19.82733154296875,16to32,1.0,0.017055122181773186,0.011822132393717766,0.011814102530479431,0.01173525582998991,0.011869569309055805,8.687656372785568e-05,7.884670048952103e-05,0.00013431347906589508
78,2,232,78-2:232:7,inner_half,19.82733154296875,16to32,1.0,0.012362687848508358,0.008058473467826843,0.008360419422388077,0.008051492273807526,0.008490746840834618,6.981194019317627e-06,0.00030892714858055115,0.000439254567027092
78,2,232,78-2:232:8,all,25.329742431640625,16to32,1.0,0.05945000797510147,0.02927149459719658,0.03518456965684891,0.021787844598293304,0.036989808082580566,0.0074836499989032745,0.013396725058555603,0.015201963484287262
78,2,232,78-2:232:8,inner_half,25.329742431640625,16to32,1.0,0.09293865412473679,0.04691218212246895,0.05673527345061302,0.027639169245958328,0.05858886241912842,0.01927301287651062,0.029096104204654694,0.03094969317317009
78,2,232,78-2:232:9,all,17.94451904296875,16to32,1.0,0.01382930763065815,0.011074225418269634,0.011095189489424229,0.011082055047154427,0.01109285093843937,-7.829628884792328e-06,1.3134442269802094e-05,1.0795891284942627e-05
78,2,232,78-2:232:9,inner_half,17.94451904296875,16to32,1.0,0.013098964467644691,0.010783039033412933,0.010853229090571404,0.01074208877980709,0.010830211453139782,4.095025360584259e-05,0.00011114031076431274,8.812267333269119e-05
78,2,232,78-2:232:10,all,23.52569580078125,16to32,0.9765625,0.05201685428619385,0.045875634998083115,0.032132603228092194,0.021748872473835945,0.03855586796998978,0.02412676252424717,0.010383730754256248,0.01680699549615383
78,2,232,78-2:232:10,inner_half,23.52569580078125,16to32,0.984375,0.09364719688892365,0.08148352801799774,0.05924706161022186,0.030737433582544327,0.07132459431886673,0.050746094435453415,0.028509628027677536,0.0405871607363224
78,2,232,78-2:232:11,all,10.9140625,lt16,1.0,0.0098798256367445,0.009620217606425285,0.009597325697541237,0.009703204035758972,0.009691580198705196,-8.298642933368683e-05,-0.00010587833821773529,-1.1623837053775787e-05
78,2,232,78-2:232:11,inner_half,10.9140625,lt16,1.0,0.013648994266986847,0.013464035466313362,0.013471156358718872,0.013873429968953133,0.013721362687647343,-0.0004093945026397705,-0.00040227361023426056,-0.00015206728130578995
78,2,232,78-2:232:12,all,20.600341796875,16to32,1.0,0.03331265598535538,0.02503877878189087,0.025311492383480072,0.025397084653377533,0.025155583396553993,-0.0003583058714866638,-8.559226989746094e-05,-0.00024150125682353973
78,2,232,78-2:232:12,inner_half,20.600341796875,16to32,1.0,0.04373512417078018,0.034495215862989426,0.034495215862989426,0.0348290354013443,0.03467979654669762,-0.00033381953835487366,-0.00033381953835487366,-0.00014923885464668274
78,2,232,78-2:232:13,all,13.1925048828125,lt16,1.0,0.0555960088968277,0.051292784512043,0.051208868622779846,0.0508895069360733,0.05123702436685562,0.00040327757596969604,0.00031936168670654297,0.0003475174307823181
78,2,232,78-2:232:13,inner_half,13.1925048828125,lt16,1.0,0.10737214982509613,0.09870140254497528,0.09870140254497528,0.09790049493312836,0.09815225005149841,0.0008009076118469238,0.0008009076118469238,0.00025175511837005615
78,2,232,78-2:232:14,all,16.999221801757812,16to32,1.0,0.07596645504236221,0.07075529545545578,0.07088717073202133,0.07054319977760315,0.07007911056280136,0.00021209567785263062,0.0003439709544181824,-0.00046408921480178833
78,2,232,78-2:232:14,inner_half,16.999221801757812,16to32,1.0,0.12315014749765396,0.11565153300762177,0.11548005044460297,0.1152094379067421,0.11335203796625137,0.0004420951008796692,0.00027061253786087036,-0.0018573999404907227
78,2,232,78-2:232:15,all,19.607833862304688,16to32,1.0,0.04665040969848633,0.04298490285873413,0.04253639280796051,0.04226735234260559,0.04251687973737717,0.00071755051612854,0.00026904046535491943,0.00024952739477157593
78,2,232,78-2:232:15,inner_half,19.607833862304688,16to32,1.0,0.05015651881694794,0.045563358813524246,0.04521753638982773,0.043651364743709564,0.04502441734075546,0.001911994069814682,0.001566171646118164,0.0013730525970458984
78,2,232,78-2:232:16,all,10.94134521484375,lt16,1.0,0.013240333646535873,0.010545257478952408,0.010678563266992569,0.010635480284690857,0.010606308467686176,-9.02228057384491e-05,4.3082982301712036e-05,-2.9171817004680634e-05
78,2,232,78-2:232:16,inner_half,10.94134521484375,lt16,1.0,0.016268739476799965,0.012225162237882614,0.012323655188083649,0.012395940721035004,0.01233005803078413,-0.00017077848315238953,-7.228553295135498e-05,-6.588269025087357e-05
78,2,232,78-2:232:17,all,17.831100463867188,16to32,1.0,0.021825280040502548,0.01980487070977688,0.01980646699666977,0.019806813448667526,0.019832793623209,-1.942738890647888e-06,-3.46451997756958e-07,2.598017454147339e-05
78,2,232,78-2:232:17,inner_half,17.831100463867188,16to32,1.0,0.022341877222061157,0.020581234246492386,0.020539866760373116,0.020547404885292053,0.020575329661369324,3.382936120033264e-05,-7.538124918937683e-06,2.7924776077270508e-05
78,2,232,78-2:232:18,all,11.97216796875,lt16,1.0,0.009462510235607624,0.010656734928488731,0.01066877692937851,0.010678799822926521,0.01063667330890894,-2.2064894437789917e-05,-1.002289354801178e-05,-4.212651401758194e-05
78,2,232,78-2:232:18,inner_half,11.97216796875,lt16,1.0,0.012025440111756325,0.015163267031311989,0.014988000504672527,0.015028092078864574,0.015029349364340305,0.0001351749524474144,-4.009157419204712e-05,1.257285475730896e-06
78,2,232,78-2:232:19,all,18.251617431640625,16to32,0.90625,0.06512090563774109,0.05325968563556671,0.04454951360821724,0.035352908074855804,0.04514138400554657,0.017906777560710907,0.009196605533361435,0.009788475930690765
78,2,232,78-2:232:19,inner_half,18.251617431640625,16to32,0.921875,0.10776087641716003,0.09076434373855591,0.07689978182315826,0.03729997202754021,0.08233419060707092,0.0534643717110157,0.03959980979561806,0.045034218579530716
78,2,232,78-2:232:20,all,18.9952392578125,16to32,1.0,0.012149179354310036,0.010962143540382385,0.010554071515798569,0.010534435510635376,0.010913905687630177,0.0004277080297470093,1.963600516319275e-05,0.00037947017699480057
78,2,232,78-2:232:20,inner_half,18.9952392578125,16to32,1.0,0.012165823951363564,0.011194566264748573,0.011174401268362999,0.011194566264748573,0.011491363868117332,0.0,-2.016499638557434e-05,0.00029679760336875916
78,2,232,78-2:232:21,all,9.99169921875,lt16,1.0,0.001175679499283433,0.000865975976921618,0.0008496606023982167,0.0008558830013498664,0.0008423598483204842,1.0092975571751595e-05,-6.222398951649666e-06,-1.3523153029382229e-05
78,2,232,78-2:232:21,inner_half,9.99169921875,lt16,1.0,0.0006150566041469574,0.00037307071033865213,0.00037307071033865213,0.00037307071033865213,0.00037594290915876627,0.0,0.0,2.8721988201141357e-06
78,2,232,78-2:232:22,all,15.90625,lt16,1.0,0.013754012994468212,0.01138738077133894,0.01153735164552927,0.01154397428035736,0.011410338804125786,-0.00015659350901842117,-6.622634828090668e-06,-0.000133635476231575
78,2,232,78-2:232:22,inner_half,15.90625,lt16,1.0,0.013885296881198883,0.012099819257855415,0.012120520696043968,0.012136977165937424,0.011757122352719307,-3.715790808200836e-05,-1.6456469893455505e-05,-0.00037985481321811676
78,2,232,78-2:232:23,all,11.081787109375,lt16,1.0,0.001977105624973774,0.00014877381909172982,0.00034588121343404055,0.00021461087453644723,0.000356472737621516,-6.583705544471741e-05,0.00013127033889759332,0.00014186186308506876
78,2,232,78-2:232:23,inner_half,11.081787109375,lt16,1.0,0.0026338272728025913,0.0,0.0003049955703318119,0.00014247465878725052,0.000501864415127784,-0.00014247465878725052,0.00016252091154456139,0.0003593897563405335
78,2,232,78-2:232:24,all,8.9521484375,lt16,1.0,0.021948516368865967,0.010662454180419445,0.010678105987608433,0.010617874562740326,0.010678330436348915,4.457961767911911e-05,6.023142486810684e-05,6.045587360858917e-05
78,2,232,78-2:232:24,inner_half,8.9521484375,lt16,1.0,0.025265000760555267,0.010420836508274078,0.010420836508274078,0.010420836508274078,0.010420197620987892,0.0,0.0,-6.388872861862183e-07
78,2,232,78-2:232:25,all,16.036865234375,16to32,1.0,0.013495436869561672,0.010613799095153809,0.01059174444526434,0.010506619699299335,0.010591305792331696,0.00010717939585447311,8.512474596500397e-05,8.468609303236008e-05
78,2,232,78-2:232:25,inner_half,16.036865234375,16to32,1.0,0.018063632771372795,0.012858793139457703,0.012858793139457703,0.012858793139457703,0.01279895193874836,0.0,0.0,-5.9841200709342957e-05
78,2,232,78-2:232:26,all,17.18914794921875,16to32,1.0,0.01381075568497181,0.010428689420223236,0.010329846292734146,0.010353103280067444,0.010355227626860142,7.558614015579224e-05,-2.325698733329773e-05,2.1243467926979065e-06
78,2,232,78-2:232:26,inner_half,17.18914794921875,16to32,1.0,0.00927481148391962,0.007557407021522522,0.007533472031354904,0.007557407021522522,0.007453626021742821,0.0,-2.3934990167617798e-05,-0.00010378099977970123
78,2,232,78-2:232:27,all,8.973388671875,lt16,1.0,0.009272217750549316,0.007700366899371147,0.007802591193467379,0.007713690400123596,0.007740852888673544,-1.3323500752449036e-05,8.890079334378242e-05,2.716248854994774e-05
78,2,232,78-2:232:27,inner_half,8.973388671875,lt16,1.0,0.005459158681333065,0.010162732563912868,0.010162732563912868,0.010074409656226635,0.010249636135995388,8.832290768623352e-05,8.832290768623352e-05,0.00017522647976875305
78,2,232,78-2:232:28,all,13.054443359375,lt16,1.0,0.001873504719696939,0.0028880792669951916,0.00286481692455709,0.0028806189075112343,0.0028807236813008785,7.460359483957291e-06,-1.5801982954144478e-05,1.0477378964424133e-07
78,2,232,78-2:232:28,inner_half,13.054443359375,lt16,1.0,0.0017037176294252276,0.003339719260111451,0.0034354215022176504,0.0034859245643019676,0.0034363993909209967,-0.00014620530419051647,-5.050306208431721e-05,-4.9525173380970955e-05
78,2,232,78-2:232:29,all,8.89306640625,lt16,1.0,0.0016650334000587463,0.0003044379991479218,0.0003157122991979122,0.0002822527603711933,0.00025305160670541227,2.218523877672851e-05,3.3459538826718926e-05,-2.920115366578102e-05
78,2,232,78-2:232:29,inner_half,8.89306640625,lt16,1.0,0.0018203645013272762,0.0,0.0,0.0,4.132852336624637e-05,0.0,0.0,4.132852336624637e-05
78,2,232,78-2:232:30,all,16.73876953125,16to32,1.0,0.018067417666316032,0.013480441644787788,0.013561373576521873,0.013429051265120506,0.013398397713899612,5.1390379667282104e-05,0.0001323223114013672,-3.065355122089386e-05
78,2,232,78-2:232:30,inner_half,16.73876953125,16to32,1.0,0.01627141423523426,0.011063938960433006,0.011068925261497498,0.011240402236580849,0.011203143745660782,-0.0001764632761478424,-0.00017147697508335114,-3.7258490920066833e-05
78,2,232,78-2:232:31,all,20.01849365234375,16to32,1.0,0.017976131290197372,0.010328985750675201,0.010041695088148117,0.009954355657100677,0.010416554287075996,0.0003746300935745239,8.733943104743958e-05,0.0004621986299753189
78,2,232,78-2:232:31,inner_half,20.01849365234375,16to32,1.0,0.022955261170864105,0.013313839212059975,0.013125646859407425,0.0130953099578619,0.013367154635488987,0.00021852925419807434,3.0336901545524597e-05,0.00027184467762708664
78,2,232,78-2:232:32,all,21.0941162109375,16to32,1.0,0.004819389432668686,0.004973676986992359,0.0048152003437280655,0.004924829117953777,0.004875916056334972,4.884786903858185e-05,-0.00010962877422571182,-4.891306161880493e-05
78,2,232,78-2:232:32,inner_half,21.0941162109375,16to32,1.0,0.006195549853146076,0.006050063297152519,0.006073320750147104,0.006073320750147104,0.005875933915376663,-2.3257452994585037e-05,0.0,-0.00019738683477044106
78,2,232,78-2:232:33,all,9.87396240234375,lt16,1.0,0.0022014621645212173,0.0024544086772948503,0.002374245086684823,0.0023750727996230125,0.0024357791990041733,7.93358776718378e-05,-8.277129381895065e-07,6.0706399381160736e-05
78,2,232,78-2:232:33,inner_half,9.87396240234375,lt16,1.0,0.0029663490131497383,0.002816693391650915,0.002947380533441901,0.002947380533441901,0.0029040579684078693,-0.00013068714179098606,0.0,-4.332256503403187e-05
78,2,232,78-2:232:34,all,15.280029296875,lt16,1.0,0.021669555455446243,0.011686206795275211,0.011659101583063602,0.011689997278153896,0.01166655495762825,-3.7904828786849976e-06,-3.0895695090293884e-05,-2.344232052564621e-05
78,2,232,78-2:232:34,inner_half,15.280029296875,lt16,1.0,0.02253067120909691,0.01250252965837717,0.012309590354561806,0.012529516592621803,0.012428748421370983,-2.698693424463272e-05,-0.00021992623805999756,-0.00010076817125082016
78,2,232,78-2:232:35,all,11.04559326171875,lt16,1.0,0.0021418356336653233,0.0009139511385001242,0.0008282975759357214,0.0008029711898416281,0.0007922198856249452,0.00011097994865849614,2.5326386094093323e-05,-1.0751304216682911e-05
78,2,232,78-2:232:35,inner_half,11.04559326171875,lt16,1.0,0.0021114007104188204,0.00025878241285681725,0.00025878241285681725,4.2645569919841364e-05,0.0004464335215743631,0.00021613684293697588,0.00021613684293697588,0.00040378795165452175
78,2,232,78-2:232:36,all,11.199249267578125,lt16,1.0,0.014987370930612087,0.009062206372618675,0.009201389737427235,0.009173395112156868,0.009152662009000778,-0.00011118873953819275,2.799462527036667e-05,-2.0733103156089783e-05
78,2,232,78-2:232:36,inner_half,11.199249267578125,lt16,1.0,0.022694427520036697,0.012170711532235146,0.012536940164864063,0.012331556528806686,0.012448303401470184,-0.00016084499657154083,0.00020538363605737686,0.00011674687266349792
78,2,232,78-2:232:37,all,87.1334228515625,ge32,1.0,0.009311234578490257,0.007560980040580034,0.007459040265530348,0.007415278814733028,0.00745422812178731,0.00014570122584700584,4.376145079731941e-05,3.8949307054281235e-05
78,2,232,78-2:232:37,inner_half,87.1334228515625,ge32,1.0,0.008483929559588432,0.0062889158725738525,0.006241504102945328,0.006234385538846254,0.006062029395252466,5.453033372759819e-05,7.11856409907341e-06,-0.00017235614359378815
78,2,232,78-2:232:38,all,67.96844482421875,ge32,1.0,0.0032214755192399025,0.004266287665814161,0.004054463468492031,0.004373627714812756,0.004198601469397545,-0.00010734004899859428,-0.0003191642463207245,-0.00017502624541521072
78,2,232,78-2:232:38,inner_half,67.96844482421875,ge32,1.0,0.00299483141861856,0.0053915781900286674,0.0050005922093987465,0.005721468478441238,0.004949134774506092,-0.00032989028841257095,-0.0007208762690424919,-0.0007723337039351463
78,2,232,78-2:232:39,all,68.46478271484375,ge32,1.0,0.003491924609988928,0.004824415780603886,0.004592946730554104,0.004626999609172344,0.004926140885800123,0.00019741617143154144,-3.4052878618240356e-05,0.000299141276627779
78,2,232,78-2:232:39,inner_half,68.46478271484375,ge32,1.0,0.00393960066139698,0.005550669971853495,0.005581107921898365,0.005084349773824215,0.005194113589823246,0.0004663201980292797,0.0004967581480741501,0.00010976381599903107
78,2,232,78-2:232:40,all,59.75347900390625,ge32,1.0,0.0019445131765678525,0.0016831632237881422,0.0018442940199747682,0.002156853908672929,0.0018998936284333467,-0.0004736906848847866,-0.00031255988869816065,-0.00025696028023958206
78,2,232,78-2:232:40,inner_half,59.75347900390625,ge32,1.0,0.0019986815750598907,0.001860316377133131,0.0019678259268403053,0.0018791055772453547,0.002006441354751587,-1.8789200112223625e-05,8.872034959495068e-05,0.00012733577750623226
78,2,232,78-2:232:41,all,33.83563232421875,ge32,1.0,0.006262422073632479,0.005593159236013889,0.005563983228057623,0.005468720104545355,0.0057871658354997635,0.00012443913146853447,9.526312351226807e-05,0.00031844573095440865
78,2,232,78-2:232:41,inner_half,33.83563232421875,ge32,1.0,0.0020566475577652454,0.001863948069512844,0.0018558097071945667,0.0018370607867836952,0.0018843932775780559,2.6887282729148865e-05,1.8748920410871506e-05,4.733249079436064e-05
78,2,232,78-2:232:42,all,35.0400390625,ge32,1.0,0.014305513352155685,0.011834567412734032,0.011848919093608856,0.011761276051402092,0.011776424944400787,7.32913613319397e-05,8.764304220676422e-05,1.5148892998695374e-05
78,2,232,78-2:232:42,inner_half,35.0400390625,ge32,1.0,0.007155654951930046,0.006369936279952526,0.006392813753336668,0.006381923332810402,0.006363891996443272,-1.1987052857875824e-05,1.0890420526266098e-05,-1.803133636713028e-05
78,2,232,78-2:232:43,all,33.2685546875,ge32,0.9609375,0.058360014110803604,0.01223608385771513,0.015968848019838333,0.017849214375019073,0.017247114330530167,-0.005613130517303944,-0.0018803663551807404,-0.0006021000444889069
78,2,232,78-2:232:43,inner_half,33.2685546875,ge32,1.0,0.03872375190258026,0.007543565705418587,0.009336085990071297,0.006872297264635563,0.01064086053520441,0.0006712684407830238,0.002463788725435734,0.0037685632705688477
78,2,232,78-2:232:44,all,38.05126953125,ge32,1.0,0.01159267034381628,0.008452510461211205,0.008482474833726883,0.008646825328469276,0.008671170100569725,-0.0001943148672580719,-0.0001643504947423935,2.434477210044861e-05
78,2,232,78-2:232:44,inner_half,38.05126953125,ge32,1.0,0.004598480649292469,0.0036082749720662832,0.0034777061082422733,0.0034720415715128183,0.0038071172311902046,0.0001362334005534649,5.664536729454994e-06,0.0003350756596773863
78,2,232,78-2:232:45,all,35.02520751953125,ge32,1.0,0.004743988625705242,0.004818691406399012,0.0048774974420666695,0.004887101240456104,0.004946137312799692,-6.840983405709267e-05,-9.603798389434814e-06,5.9036072343587875e-05
78,2,232,78-2:232:45,inner_half,35.02520751953125,ge32,1.0,0.0036101697478443384,0.003619145369157195,0.0036152361426502466,0.003550970461219549,0.0036826333962380886,6.817490793764591e-05,6.426568143069744e-05,0.00013166293501853943
78,2,232,78-2:232:46,all,32.18707275390625,ge32,1.0,0.014307633973658085,0.013545647263526917,0.013540515676140785,0.013688340783119202,0.013693995773792267,-0.00014269351959228516,-0.00014782510697841644,5.6549906730651855e-06
78,2,232,78-2:232:46,inner_half,32.18707275390625,ge32,1.0,0.013801482506096363,0.013313720002770424,0.013224702328443527,0.013438144698739052,0.013528401963412762,-0.00012442469596862793,-0.0002134423702955246,9.025726467370987e-05
78,2,232,78-2:232:47,all,38.35394287109375,ge32,0.98828125,0.04378914460539818,0.015550918877124786,0.02075663022696972,0.015594767406582832,0.020686155185103416,-4.384852945804596e-05,0.005161862820386887,0.005091387778520584
78,2,232,78-2:232:47,inner_half,38.35394287109375,ge32,1.0,0.037450894713401794,0.011206712573766708,0.016223762184381485,0.010221273638308048,0.016146373003721237,0.0009854389354586601,0.006002488546073437,0.005925099365413189
78,2,232,78-2:232:48,all,32.3280029296875,ge32,1.0,0.06912361085414886,0.010808492079377174,0.015486681833863258,0.013176955282688141,0.014245649799704552,-0.0023684632033109665,0.0023097265511751175,0.0010686945170164108
78,2,232,78-2:232:48,inner_half,32.3280029296875,ge32,1.0,0.004153978079557419,0.0025574523024260998,0.002666217740625143,0.0025634984485805035,0.0027121747843921185,-6.0461461544036865e-06,0.00010271929204463959,0.000148676335811615
78,2,232,78-2:232:49,all,47.23944091796875,ge32,0.98828125,0.06732937693595886,0.0332120843231678,0.045200835913419724,0.021879345178604126,0.04468696936964989,0.011332739144563675,0.023321490734815598,0.02280762419104576
78,2,232,78-2:232:49,inner_half,47.23944091796875,ge32,1.0,0.10395093262195587,0.03240280598402023,0.04982539266347885,0.0255938358604908,0.06091039255261421,0.006808970123529434,0.024231556802988052,0.03531655669212341
78,2,232,78-2:232:50,all,32.00970458984375,ge32,1.0,0.04190891981124878,0.014494912698864937,0.016104863956570625,0.01621343567967415,0.015676841139793396,-0.0017185229808092117,-0.00010857172310352325,-0.0005365945398807526
78,2,232,78-2:232:50,inner_half,32.00970458984375,ge32,1.0,0.024242861196398735,0.008294913917779922,0.00951865129172802,0.00794733501970768,0.010630189441144466,0.00034757889807224274,0.00157131627202034,0.0026828544214367867
78,2,232,78-2:232:51,all,50.21380615234375,ge32,0.99609375,0.03877735510468483,0.02200634591281414,0.026063118129968643,0.010707786306738853,0.03229222819209099,0.011298559606075287,0.01535533182322979,0.021584441885352135
78,2,232,78-2:232:51,inner_half,50.21380615234375,ge32,1.0,0.05034714192152023,0.033497728407382965,0.03855141997337341,0.013206729665398598,0.03878746181726456,0.020290998741984367,0.025344690307974815,0.02558073215186596
78,2,232,78-2:232:52,all,31.175537109375,16to32,1.0,0.004300356842577457,0.004644572734832764,0.004302560351788998,0.00438628438860178,0.004522116854786873,0.00025828834623098373,-8.372403681278229e-05,0.00013583246618509293
78,2,232,78-2:232:52,inner_half,31.175537109375,16to32,1.0,0.0019714166410267353,0.0019321825820952654,0.0018988519441336393,0.002066919580101967,0.0019501126371324062,-0.00013473699800670147,-0.00016806763596832752,-0.00011680694296956062
78,2,232,78-2:232:53,all,31.440185546875,16to32,1.0,0.00594148226082325,0.005814720876514912,0.0057897139340639114,0.0058648111298680305,0.005798524711281061,-5.0090253353118896e-05,-7.509719580411911e-05,-6.628641858696938e-05
78,2,232,78-2:232:53,inner_half,31.440185546875,16to32,1.0,0.002421779092401266,0.0021507712081074715,0.0021507712081074715,0.0020738583989441395,0.002227882854640484,7.691280916333199e-05,7.691280916333199e-05,0.00015402445569634438
78,2,232,78-2:232:54,all,36.149261474609375,ge32,1.0,0.00805774424225092,0.006317298859357834,0.006422523874789476,0.006339612882584333,0.006340336985886097,-2.2314023226499557e-05,8.291099220514297e-05,7.241033017635345e-07
78,2,232,78-2:232:54,inner_half,36.149261474609375,ge32,1.0,0.00895142462104559,0.006609709467738867,0.006628117989748716,0.006662426516413689,0.006700902711600065,-5.2717048674821854e-05,-3.4308526664972305e-05,3.847619518637657e-05
78,2,232,78-2:232:55,all,42.2952880859375,ge32,1.0,0.058971207588911057,0.022718064486980438,0.031207755208015442,0.024306682869791985,0.03389601409435272,-0.0015886183828115463,0.006901072338223457,0.009589331224560738
78,2,232,78-2:232:55,inner_half,42.2952880859375,ge32,1.0,0.07848434150218964,0.02514161728322506,0.042170483618974686,0.02307838946580887,0.042240872979164124,0.002063227817416191,0.019092094153165817,0.019162483513355255
78,2,232,78-2:232:56,all,31.13360595703125,16to32,1.0,0.006806221790611744,0.0058672549203038216,0.005858144722878933,0.00599230732768774,0.006040336564183235,-0.00012505240738391876,-0.00013416260480880737,4.802923649549484e-05
78,2,232,78-2:232:56,inner_half,31.13360595703125,16to32,1.0,0.0024560256861150265,0.00251042190939188,0.00251042190939188,0.0024995526764541864,0.0026484690606594086,1.0869232937693596e-05,1.0869232937693596e-05,0.00014891638420522213
78,2,232,78-2:232:57,all,26.80511474609375,16to32,1.0,0.004795361775904894,0.004557127598673105,0.004726231098175049,0.004641893319785595,0.004557505249977112,-8.47657211124897e-05,8.433777838945389e-05,-8.438806980848312e-05
78,2,232,78-2:232:57,inner_half,26.80511474609375,16to32,1.0,0.005427878350019455,0.005219941958785057,0.005191260017454624,0.005248764529824257,0.00509741110727191,-2.882257103919983e-05,-5.750451236963272e-05,-0.00015135342255234718
78,2,232,78-2:232:58,all,26.10552978515625,16to32,1.0,0.010205494239926338,0.007338544819504023,0.007194777950644493,0.007263477426022291,0.007302097976207733,7.506739348173141e-05,-6.869947537779808e-05,3.862055018544197e-05
78,2,232,78-2:232:58,inner_half,26.10552978515625,16to32,1.0,0.010971331968903542,0.00860065221786499,0.008692065253853798,0.008871220052242279,0.00872537586838007,-0.0002705678343772888,-0.00017915479838848114,-0.00014584418386220932
78,2,232,78-2:232:59,all,32.36376953125,ge32,1.0,0.024777615442872047,0.009722188115119934,0.011531874537467957,0.010794192552566528,0.012250963598489761,-0.0010720044374465942,0.0007376819849014282,0.001456771045923233
78,2,232,78-2:232:59,inner_half,32.36376953125,ge32,1.0,0.024663608521223068,0.009743684902787209,0.010573823004961014,0.009774005971848965,0.010380744934082031,-3.0321069061756134e-05,0.0007998170331120491,0.0006067389622330666
78,2,232,78-2:232:60,all,24.031097412109375,16to32,1.0,0.024090856313705444,0.012379711493849754,0.012870918028056622,0.012703699991106987,0.013596718199551105,-0.00032398849725723267,0.00016721803694963455,0.0008930182084441185
78,2,232,78-2:232:60,inner_half,24.031097412109375,16to32,1.0,0.02057235687971115,0.009622054174542427,0.00982937403023243,0.009732954204082489,0.011033381335437298,-0.00011090002954006195,9.641982614994049e-05,0.0013004271313548088
78,2,232,78-2:232:61,all,25.772872924804688,16to32,1.0,0.033058732748031616,0.01033172570168972,0.01271605584770441,0.012779763899743557,0.014899184927344322,-0.002448038198053837,-6.370805203914642e-05,0.0021194210276007652
78,2,232,78-2:232:61,inner_half,25.772872924804688,16to32,1.0,0.026522787287831306,0.010723716579377651,0.010543025098741055,0.01116684079170227,0.013314558193087578,-0.0004431242123246193,-0.000623815692961216,0.0021477174013853073
78,2,232,78-2:232:62,all,28.988922119140625,16to32,1.0,0.009303642436861992,0.00818636640906334,0.008264265954494476,0.008346892893314362,0.008362037129700184,-0.00016052648425102234,-8.262693881988525e-05,1.5144236385822296e-05
78,2,232,78-2:232:62,inner_half,28.988922119140625,16to32,1.0,0.006096535362303257,0.005320670548826456,0.0056220768019557,0.005401132628321648,0.005944465287029743,-8.046207949519157e-05,0.00022094417363405228,0.0005433326587080956
78,2,232,78-2:232:63,all,39.27684020996094,ge32,1.0,0.04803108796477318,0.03300926461815834,0.031637221574783325,0.02739584445953369,0.034638240933418274,0.005613420158624649,0.004241377115249634,0.0072423964738845825
78,2,232,78-2:232:63,inner_half,39.27684020996094,ge32,1.0,0.024609260261058807,0.029979553073644638,0.02194361202418804,0.02617308869957924,0.02921299822628498,0.003806464374065399,-0.004229476675391197,0.003039909526705742
78,2,232,78-2:232:64,all,72.35066223144531,ge32,1.0,0.019909795373678207,0.0139720868319273,0.01340427901595831,0.011453716084361076,0.016288049519062042,0.002518370747566223,0.0019505629315972328,0.004834333434700966
78,2,232,78-2:232:64,inner_half,72.35066223144531,ge32,1.0,0.016191547736525536,0.010357667692005634,0.0112931402400136,0.010074371472001076,0.013242554850876331,0.00028329622000455856,0.0012187687680125237,0.0031681833788752556
78,2,232,78-2:232:65,all,38.06158447265625,ge32,0.9609375,0.05383579805493355,0.020927228033542633,0.02768152765929699,0.02035503461956978,0.032212842255830765,0.0005721934139728546,0.007326493039727211,0.011857807636260986
78,2,232,78-2:232:65,inner_half,38.06158447265625,ge32,1.0,0.07103784382343292,0.02403746172785759,0.03390748053789139,0.02846282348036766,0.045042771846055984,-0.004425361752510071,0.005444657057523727,0.016579948365688324
78,2,232,78-2:232:66,all,35.29095458984375,ge32,0.9765625,0.07251199334859848,0.02377723716199398,0.03498094156384468,0.02548772469162941,0.029801364988088608,-0.0017104875296354294,0.009493216872215271,0.004313640296459198
78,2,232,78-2:232:66,inner_half,35.29095458984375,ge32,1.0,0.08282159268856049,0.028856400400400162,0.04256603866815567,0.026398420333862305,0.02902251109480858,0.002457980066537857,0.016167618334293365,0.002624090760946274
78,2,232,78-2:232:67,all,30.68475341796875,16to32,1.0,0.013560701161623001,0.010133260861039162,0.009835390374064445,0.00992634892463684,0.010812981054186821,0.00020691193640232086,-9.095855057239532e-05,0.0008866321295499802
78,2,232,78-2:232:67,inner_half,30.68475341796875,16to32,1.0,0.014720862731337547,0.010503710247576237,0.009948410093784332,0.011070918291807175,0.010679337196052074,-0.000567208044230938,-0.0011225081980228424,-0.00039158109575510025
78,2,232,78-2:232:68,all,33.19525146484375,ge32,0.890625,0.04617829993367195,0.01680678501725197,0.024198805913329124,0.01729237474501133,0.024929221719503403,-0.00048558972775936127,0.006906431168317795,0.007636846974492073
78,2,232,78-2:232:68,inner_half,33.19525146484375,ge32,0.96875,0.04680505767464638,0.01357722282409668,0.025887345895171165,0.014689924195408821,0.027001462876796722,-0.0011127013713121414,0.011197421699762344,0.012311538681387901
78,2,232,78-2:232:69,all,36.40557861328125,ge32,0.9765625,0.054944831877946854,0.022269148379564285,0.027634041383862495,0.02133285254240036,0.031242214143276215,0.0009362958371639252,0.006301188841462135,0.009909361600875854
78,2,232,78-2:232:69,inner_half,36.40557861328125,ge32,1.0,0.07215797901153564,0.02650282345712185,0.03257828950881958,0.024775348603725433,0.028503399342298508,0.0017274748533964157,0.007802940905094147,0.0037280507385730743
78,2,232,78-2:232:70,all,31.515716552734375,16to32,0.76171875,0.028134824708104134,0.017335541546344757,0.017288006842136383,0.01167293917387724,0.018930483609437943,0.005662602372467518,0.005615067668259144,0.007257544435560703
78,2,232,78-2:232:70,inner_half,31.515716552734375,16to32,0.875,0.02225249446928501,0.006358508486300707,0.011199469678103924,0.008013604208827019,0.01372341625392437,-0.0016550957225263119,0.003185865469276905,0.005709812045097351
78,2,232,78-2:232:71,all,38.94378662109375,ge32,0.99609375,0.06501390039920807,0.030242839828133583,0.04029043763875961,0.023688891902565956,0.04620206356048584,0.006553947925567627,0.016601545736193657,0.022513171657919884
78,2,232,78-2:232:71,inner_half,38.94378662109375,ge32,1.0,0.08389445394277573,0.03566772863268852,0.05052743852138519,0.02283325046300888,0.06724224984645844,0.012834478169679642,0.027694188058376312,0.044408999383449554
78,2,232,78-2:232:72,all,23.260528564453125,16to32,0.96875,0.06882008910179138,0.021480612456798553,0.022042639553546906,0.02567683905363083,0.030187129974365234,-0.004196226596832275,-0.0036341995000839233,0.0045102909207344055
78,2,232,78-2:232:72,inner_half,23.260528564453125,16to32,1.0,0.06875374913215637,0.0258803628385067,0.02319958060979843,0.03319805860519409,0.032162513583898544,-0.007317695766687393,-0.00999847799539566,-0.0010355450212955475
78,2,232,78-2:232:73,all,26.013214111328125,16to32,0.99609375,0.07049281150102615,0.015568410977721214,0.022963572293519974,0.020991835743188858,0.023093197494745255,-0.005423424765467644,0.0019717365503311157,0.0021013617515563965
78,2,232,78-2:232:73,inner_half,26.013214111328125,16to32,1.0,0.06246934458613396,0.012020593509078026,0.019903002306818962,0.013694994151592255,0.0166628398001194,-0.0016744006425142288,0.0062080081552267075,0.0029678456485271454
78,2,232,78-2:232:74,all,41.29296875,ge32,0.53515625,0.13033968210220337,0.028874419629573822,0.04125157371163368,0.02511579357087612,0.05205298587679863,0.0037586260586977005,0.01613578014075756,0.026937192305922508
78,2,232,78-2:232:74,inner_half,41.29296875,ge32,0.15625,0.14888237416744232,0.052064698189496994,0.04795738682150841,0.03925934433937073,0.049960553646087646,0.012805353850126266,0.00869804248213768,0.010701209306716919
78,2,232,78-2:232:75,all,26.923797607421875,16to32,1.0,0.017047453671693802,0.013669392094016075,0.011376500129699707,0.01285756565630436,0.01430491078644991,0.0008118264377117157,-0.0014810655266046524,0.0014473451301455498
78,2,232,78-2:232:75,inner_half,26.923797607421875,16to32,1.0,0.015551378019154072,0.01323230192065239,0.01210865844041109,0.01307694148272276,0.013623783364892006,0.00015536043792963028,-0.0009682830423116684,0.0005468418821692467
78,2,232,78-2:232:76,all,29.36590576171875,16to32,0.96875,0.0873335525393486,0.012944568879902363,0.02972744219005108,0.020180750638246536,0.034595638513565063,-0.007236181758344173,0.009546691551804543,0.014414887875318527
78,2,232,78-2:232:76,inner_half,29.36590576171875,16to32,1.0,0.09232085943222046,0.012415943667292595,0.032687097787857056,0.014571381732821465,0.03689435496926308,-0.0021554380655288696,0.01811571605503559,0.022322973236441612
78,2,232,78-2:232:77,all,25.205886840820312,16to32,1.0,0.029394198209047318,0.01099560596048832,0.012398683466017246,0.012857568450272083,0.013774816878139973,-0.0018619624897837639,-0.00045888498425483704,0.0009172484278678894
78,2,232,78-2:232:77,inner_half,25.205886840820312,16to32,1.0,0.0373128280043602,0.00970656517893076,0.01300782896578312,0.009512764401733875,0.010610883124172688,0.00019380077719688416,0.003495064564049244,0.0010981187224388123
78,2,232,78-2:232:78,all,27.020355224609375,16to32,1.0,0.05485237017273903,0.021125661209225655,0.02471325360238552,0.022459110245108604,0.03129478171467781,-0.0013334490358829498,0.0022541433572769165,0.008835671469569206
78,2,232,78-2:232:78,inner_half,27.020355224609375,16to32,1.0,0.05987335741519928,0.027211764827370644,0.02620881237089634,0.020781928673386574,0.031064141541719437,0.00642983615398407,0.005426883697509766,0.010282212868332863
78,2,232,78-2:232:79,all,20.90399169921875,16to32,1.0,0.010872440412640572,0.009326934814453125,0.009292727336287498,0.009273529052734375,0.00940658524632454,5.340576171875e-05,1.9198283553123474e-05,0.00013305619359016418
78,2,232,78-2:232:79,inner_half,20.90399169921875,16to32,1.0,0.005342630669474602,0.005647769197821617,0.005647769197821617,0.005651239771395922,0.005688698962330818,-3.4705735743045807e-06,-3.4705735743045807e-06,3.745919093489647e-05
78,2,232,78-2:232:80,all,32.223876953125,ge32,1.0,0.013491260819137096,0.010372018441557884,0.01031556073576212,0.010478489100933075,0.010239765048027039,-0.00010647065937519073,-0.00016292836517095566,-0.00023872405290603638
78,2,232,78-2:232:80,inner_half,32.223876953125,ge32,1.0,0.017815209925174713,0.014356506988406181,0.013985270634293556,0.014393847435712814,0.013735164888203144,-3.7340447306632996e-05,-0.0004085768014192581,-0.0006586825475096703
78,2,232,78-2:232:81,all,27.0574951171875,16to32,0.98828125,0.06205541640520096,0.014449789188802242,0.021355105563998222,0.021958721801638603,0.024661464616656303,-0.007508932612836361,-0.0006036162376403809,0.0027027428150177
78,2,232,78-2:232:81,inner_half,27.0574951171875,16to32,1.0,0.04876798763871193,0.014733784832060337,0.02042485401034355,0.01571086421608925,0.020875537768006325,-0.0009770793840289116,0.004713989794254303,0.005164673551917076
78,2,232,78-2:232:82,all,29.73223876953125,16to32,0.96875,0.06927108764648438,0.021591143682599068,0.027099337428808212,0.02652680315077305,0.03297901153564453,-0.004935659468173981,0.0005725342780351639,0.006452208384871483
78,2,232,78-2:232:82,inner_half,29.73223876953125,16to32,1.0,0.07592741400003433,0.01876140385866165,0.022785838693380356,0.02054930105805397,0.036721520125865936,-0.0017878971993923187,0.0022365376353263855,0.016172219067811966
78,2,232,78-2:232:83,all,26.14862060546875,16to32,1.0,0.030416198074817657,0.014454186893999577,0.018016207963228226,0.014811566099524498,0.018370356410741806,-0.0003573792055249214,0.0032046418637037277,0.003558790311217308
78,2,232,78-2:232:83,inner_half,26.14862060546875,16to32,1.0,0.01871439442038536,0.010951879434287548,0.01377292163670063,0.010284719057381153,0.013163167983293533,0.000667160376906395,0.003488202579319477,0.0028784489259123802
78,2,232,78-2:232:84,all,30.1087646484375,16to32,1.0,0.045232243835926056,0.022274645045399666,0.025994708761572838,0.021907657384872437,0.024484984576702118,0.0003669876605272293,0.004087051376700401,0.0025773271918296814
78,2,232,78-2:232:84,inner_half,30.1087646484375,16to32,1.0,0.03718530759215355,0.021219372749328613,0.022647809237241745,0.021301468834280968,0.021827366203069687,-8.209608495235443e-05,0.0013463404029607773,0.0005258973687887192
78,2,232,78-2:232:85,all,23.305343627929688,16to32,1.0,0.04975575953722,0.01612023077905178,0.021915394812822342,0.017661772668361664,0.02088869735598564,-0.0015415418893098831,0.004253622144460678,0.0032269246876239777
78,2,232,78-2:232:85,inner_half,23.305343627929688,16to32,1.0,0.07137946039438248,0.018461478874087334,0.02908208966255188,0.01815377175807953,0.028886262327432632,0.00030770711600780487,0.010928317904472351,0.010732490569353104
78,2,232,78-2:232:86,all,21.9034423828125,16to32,1.0,0.010672874748706818,0.009357033297419548,0.009381357580423355,0.009366707876324654,0.009375807829201221,-9.67457890510559e-06,1.4649704098701477e-05,9.09995287656784e-06
78,2,232,78-2:232:86,inner_half,21.9034423828125,16to32,1.0,0.009002866223454475,0.008454987779259682,0.008468152955174446,0.008466158993542194,0.008843718096613884,-1.1171214282512665e-05,1.9939616322517395e-06,0.0003775591030716896
78,2,232,78-2:232:87,all,22.0997314453125,16to32,1.0,0.019135931506752968,0.014598553068935871,0.014472104609012604,0.0145798334851861,0.014538077637553215,1.8719583749771118e-05,-0.00010772887617349625,-4.175584763288498e-05
78,2,232,78-2:232:87,inner_half,22.0997314453125,16to32,1.0,0.011695217341184616,0.010380227118730545,0.010380227118730545,0.010383396409451962,0.010334709659218788,-3.1692907214164734e-06,-3.1692907214164734e-06,-4.868675023317337e-05
78,2,232,78-2:232:88,all,38.19139099121094,ge32,1.0,0.030537204816937447,0.024045351892709732,0.026304148137569427,0.02076098695397377,0.025459010154008865,0.003284364938735962,0.005543161183595657,0.004698023200035095
78,2,232,78-2:232:88,inner_half,38.19139099121094,ge32,1.0,0.022563818842172623,0.018518485128879547,0.020550955086946487,0.015017617493867874,0.021357335150241852,0.003500867635011673,0.005533337593078613,0.006339717656373978
78,2,232,78-2:232:89,all,22.84405517578125,16to32,1.0,0.013345845974981785,0.010541858151555061,0.010627387091517448,0.010605307295918465,0.010651691816747189,-6.344914436340332e-05,2.2079795598983765e-05,4.638452082872391e-05
78,2,232,78-2:232:89,inner_half,22.84405517578125,16to32,1.0,0.013077978976070881,0.010053783655166626,0.010066390037536621,0.010069262236356735,0.010213073343038559,-1.5478581190109253e-05,-2.8721988201141357e-06,0.00014381110668182373
78,2,232,78-2:232:90,all,22.8973388671875,16to32,1.0,0.012947686947882175,0.010577138513326645,0.010578753426671028,0.010702285915613174,0.0106288380920887,-0.00012514740228652954,-0.0001235324889421463,-7.34478235244751e-05
78,2,232,78-2:232:90,inner_half,22.8973388671875,16to32,1.0,0.00710698589682579,0.00946942251175642,0.00947592593729496,0.009642497636377811,0.009670739062130451,-0.0001730751246213913,-0.0001665716990828514,2.824142575263977e-05
78,2,232,78-2:232:91,all,22.922119140625,16to32,1.0,0.009694122709333897,0.008541606366634369,0.008522079326212406,0.008548477664589882,0.008565356954932213,-6.8712979555130005e-06,-2.639833837747574e-05,1.6879290342330933e-05
78,2,232,78-2:232:91,inner_half,22.922119140625,16to32,1.0,0.005880396347492933,0.005930401384830475,0.005938719026744366,0.005946418270468712,0.005923639517277479,-1.6016885638237e-05,-7.699243724346161e-06,-2.277875319123268e-05
78,2,232,78-2:232:92,all,21.06231689453125,16to32,1.0,0.016831696033477783,0.011898934841156006,0.011894701048731804,0.011765087023377419,0.011863026767969131,0.00013384781777858734,0.00012961402535438538,9.793974459171295e-05
78,2,232,78-2:232:92,inner_half,21.06231689453125,16to32,1.0,0.014854757115244865,0.012773817405104637,0.01279500126838684,0.012744776904582977,0.012788839638233185,2.904050052165985e-05,5.0224363803863525e-05,4.406273365020752e-05
78,2,232,78-2:232:93,all,38.4921875,ge32,1.0,0.001884779310785234,0.001300482894293964,0.0009726379066705704,0.0010625800350680947,0.001356451422907412,0.00023790285922586918,-8.994212839752436e-05,0.0002938713878393173
78,2,232,78-2:232:93,inner_half,38.4921875,ge32,1.0,0.0019611623138189316,0.0005765033420175314,0.0005116380052641034,0.0007957911002449691,0.0009837026009336114,-0.00021928775822743773,-0.0002841530949808657,0.00018791150068864226
78,2,232,78-2:232:94,all,20.8094482421875,16to32,1.0,0.013070330023765564,0.012654483318328857,0.012725641950964928,0.013014726340770721,0.012852663174271584,-0.000360243022441864,-0.00028908438980579376,-0.00016206316649913788
78,2,232,78-2:232:94,inner_half,20.8094482421875,16to32,1.0,0.009337162598967552,0.010327888652682304,0.01039881631731987,0.011435016989707947,0.010659551247954369,-0.0011071283370256424,-0.0010362006723880768,-0.0007754657417535782
78,2,232,78-2:232:95,all,30.6697998046875,16to32,1.0,0.06815628707408905,0.030777614563703537,0.0420665442943573,0.02708376571536064,0.04272338002920151,0.0036938488483428955,0.014982778578996658,0.015639614313840866
78,2,232,78-2:232:95,inner_half,30.6697998046875,16to32,1.0,0.0846211314201355,0.03174739331007004,0.05080755800008774,0.027352504432201385,0.051485106348991394,0.004394888877868652,0.023455053567886353,0.02413260191679001
78,2,232,78-2:232:96,all,22.3048095703125,16to32,1.0,0.013538564555346966,0.010561924427747726,0.01056161429733038,0.010409589856863022,0.010464178398251534,0.0001523345708847046,0.00015202444046735764,5.458854138851166e-05
78,2,232,78-2:232:96,inner_half,22.3048095703125,16to32,1.0,0.008827638812363148,0.007324338890612125,0.00730130122974515,0.007368058897554874,0.007484745234251022,-4.3720006942749023e-05,-6.675766780972481e-05,0.00011668633669614792
78,2,232,78-2:232:97,all,20.20501708984375,16to32,1.0,0.013910704292356968,0.011908367276191711,0.011798344552516937,0.01199369691312313,0.011850274167954922,-8.532963693141937e-05,-0.00019535236060619354,-0.00014342274516820908
78,2,232,78-2:232:97,inner_half,20.20501708984375,16to32,1.0,0.015221028588712215,0.012225659564137459,0.011914619244635105,0.012809263542294502,0.012369630858302116,-0.0005836039781570435,-0.0008946442976593971,-0.00043963268399238586
78,2,232,78-2:232:98,all,19.00347900390625,16to32,1.0,0.011116286739706993,0.010905927047133446,0.010990757495164871,0.010836094617843628,0.010934129357337952,6.983242928981781e-05,0.00015466287732124329,9.803473949432373e-05
78,2,232,78-2:232:98,inner_half,19.00347900390625,16to32,1.0,0.004598462022840977,0.005768422968685627,0.005768422968685627,0.005768422968685627,0.005770556628704071,0.0,0.0,2.1336600184440613e-06
78,2,232,78-2:232:99,all,22.56427001953125,16to32,1.0,0.10098599642515182,0.05670756846666336,0.06255915760993958,0.05534617230296135,0.06205013394355774,0.001361396163702011,0.007212985306978226,0.00670396164059639
78,2,232,78-2:232:99,inner_half,22.56427001953125,16to32,1.0,0.10961832106113434,0.05972038209438324,0.06986001878976822,0.05327828228473663,0.06496775150299072,0.0064420998096466064,0.016581736505031586,0.01168946921825409
